home_strength,away_strength,strength_diff,home_category,away_category,matchup_type,home_attack,away_attack,attack_diff,home_defense,away_defense,defense_diff,home_fifa,away_fifa,fifa_diff,score,home_goals,away_goals,goal_diff,total_goals,result
31.4,31.4,0.0,Fraca,Fraca,Fraca vs Fraca,1.66,1.66,0.0,1.05,1.05,0.0,1500.0,1500.0,0.0,2x2,2,2,0,4,D
8.1,59.0,-50.9,Muito Fraca,Média,Muito Fraca vs Média,0.92,1.42,-0.4999999999999999,1.98,0.9,1.08,1410.0,1675.75,-265.75,0x1,0,1,-1,1,A
36.3,59.0,-22.700000000000003,Fraca,Média,Fraca vs Média,1.61,1.42,0.19000000000000017,1.23,0.9,0.32999999999999996,1540.43,1675.75,-135.31999999999994,0x1,0,1,-1,1,A
73.4,63.7,9.700000000000003,Forte,Forte,Forte vs Forte,1.98,1.8,0.17999999999999994,0.46,0.64,-0.18,1736.56,1684.86,51.700000000000045,0x1,0,1,-1,1,A
8.1,36.3,-28.199999999999996,Muito Fraca,Fraca,Muito Fraca vs Fraca,0.92,1.61,-0.6900000000000001,1.98,1.23,0.75,1410.0,1540.43,-130.43000000000006,1x1,1,1,0,2,D
31.4,19.0,12.399999999999999,Fraca,Muito Fraca,Fraca vs Muito Fraca,1.66,1.27,0.3899999999999999,1.05,1.26,-0.20999999999999996,1500.0,1440.0,60.0,0x1,0,1,-1,1,A
42.3,44.7,-2.4000000000000057,Média,Média,Média vs Média,1.56,1.56,0.0,0.69,0.91,-0.22000000000000008,1556.72,1581.56,-24.839999999999918,0x0,0,0,0,0,D
63.7,42.3,21.400000000000006,Forte,Média,Forte vs Média,1.8,1.56,0.24,0.64,0.69,-0.04999999999999993,1684.86,1556.72,128.13999999999987,1x0,1,0,1,1,H
73.4,44.7,28.700000000000003,Forte,Média,Forte vs Média,1.98,1.56,0.41999999999999993,0.46,0.91,-0.45,1736.56,1581.56,155.0,0x0,0,0,0,0,D
31.4,44.7,-13.300000000000004,Fraca,Média,Fraca vs Média,1.66,1.56,0.09999999999999987,1.05,0.91,0.14,1500.0,1581.56,-81.55999999999995,0x2,0,2,-2,2,A
42.3,31.4,10.899999999999999,Média,Fraca,Média vs Fraca,1.56,1.66,-0.09999999999999987,0.69,1.05,-0.3600000000000001,1556.72,1500.0,56.72000000000003,3x2,3,2,1,5,H
31.4,63.7,-32.300000000000004,Fraca,Forte,Fraca vs Forte,1.66,1.8,-0.14000000000000012,1.05,0.64,0.41000000000000003,1500.0,1684.86,-184.8599999999999,0x1,0,1,-1,1,A
73.4,28.9,44.50000000000001,Forte,Fraca,Forte vs Fraca,1.98,1.38,0.6000000000000001,0.46,0.83,-0.36999999999999994,1736.56,1482.39,254.16999999999985,2x0,2,0,2,2,H
31.4,31.4,0.0,Fraca,Fraca,Fraca vs Fraca,1.66,1.66,0.0,1.05,1.05,0.0,1500.0,1500.0,0.0,1x0,1,0,1,1,H
31.4,31.4,0.0,Fraca,Fraca,Fraca vs Fraca,1.66,1.66,0.0,1.05,1.05,0.0,1500.0,1500.0,0.0,3x0,3,0,3,3,H
42.3,31.4,10.899999999999999,Média,Fraca,Média vs Fraca,1.56,1.66,-0.09999999999999987,0.69,1.05,-0.3600000000000001,1556.72,1500.0,56.72000000000003,3x1,3,1,2,4,H
44.7,31.4,13.300000000000004,Média,Fraca,Média vs Fraca,1.56,1.66,-0.09999999999999987,0.91,1.05,-0.14,1581.56,1500.0,81.55999999999995,4x0,4,0,4,4,H
73.4,31.4,42.00000000000001,Forte,Fraca,Forte vs Fraca,1.98,1.66,0.32000000000000006,0.46,1.05,-0.5900000000000001,1736.56,1500.0,236.55999999999995,1x0,1,0,1,1,H
31.4,28.9,2.5,Fraca,Fraca,Fraca vs Fraca,1.66,1.38,0.28,1.05,0.83,0.22000000000000008,1500.0,1482.39,17.6099999999999,1x2,1,2,-1,3,A
63.7,31.4,32.300000000000004,Forte,Fraca,Forte vs Fraca,1.8,1.66,0.14000000000000012,0.64,1.05,-0.41000000000000003,1684.86,1500.0,184.8599999999999,3x1,3,1,2,4,H
31.4,31.4,0.0,Fraca,Fraca,Fraca vs Fraca,1.66,1.66,0.0,1.05,1.05,0.0,1500.0,1500.0,0.0,1x1,1,1,0,2,D
31.4,31.4,0.0,Fraca,Fraca,Fraca vs Fraca,1.66,1.66,0.0,1.05,1.05,0.0,1500.0,1500.0,0.0,1x3,1,3,-2,4,A
31.4,31.4,0.0,Fraca,Fraca,Fraca vs Fraca,1.66,1.66,0.0,1.05,1.05,0.0,1500.0,1500.0,0.0,0x2,0,2,-2,2,A
31.4,31.4,0.0,Fraca,Fraca,Fraca vs Fraca,1.66,1.66,0.0,1.05,1.05,0.0,1500.0,1500.0,0.0,2x3,2,3,-1,5,A
31.4,28.9,2.5,Fraca,Fraca,Fraca vs Fraca,1.66,1.38,0.28,1.05,0.83,0.22000000000000008,1500.0,1482.39,17.6099999999999,1x2,1,2,-1,3,A
31.4,44.7,-13.300000000000004,Fraca,Média,Fraca vs Média,1.66,1.56,0.09999999999999987,1.05,0.91,0.14,1500.0,1581.56,-81.55999999999995,1x3,1,3,-2,4,A
31.4,31.4,0.0,Fraca,Fraca,Fraca vs Fraca,1.66,1.66,0.0,1.05,1.05,0.0,1500.0,1500.0,0.0,1x1,1,1,0,2,D
31.4,63.7,-32.300000000000004,Fraca,Forte,Fraca vs Forte,1.66,1.8,-0.14000000000000012,1.05,0.64,0.41000000000000003,1500.0,1684.86,-184.8599999999999,0x3,0,3,-3,3,A
73.4,31.4,42.00000000000001,Forte,Fraca,Forte vs Fraca,1.98,1.66,0.32000000000000006,0.46,1.05,-0.5900000000000001,1736.56,1500.0,236.55999999999995,3x0,3,0,3,3,H
31.4,31.4,0.0,Fraca,Fraca,Fraca vs Fraca,1.66,1.66,0.0,1.05,1.05,0.0,1500.0,1500.0,0.0,0x0,0,0,0,0,D
31.4,42.3,-10.899999999999999,Fraca,Média,Fraca vs Média,1.66,1.56,0.09999999999999987,1.05,0.69,0.3600000000000001,1500.0,1556.72,-56.72000000000003,0x0,0,0,0,0,D
31.4,31.4,0.0,Fraca,Fraca,Fraca vs Fraca,1.66,1.66,0.0,1.05,1.05,0.0,1500.0,1500.0,0.0,2x3,2,3,-1,5,A
31.4,31.4,0.0,Fraca,Fraca,Fraca vs Fraca,1.66,1.66,0.0,1.05,1.05,0.0,1500.0,1500.0,0.0,1x0,1,0,1,1,H
31.4,28.9,2.5,Fraca,Fraca,Fraca vs Fraca,1.66,1.38,0.28,1.05,0.83,0.22000000000000008,1500.0,1482.39,17.6099999999999,1x1,1,1,0,2,D
31.4,31.4,0.0,Fraca,Fraca,Fraca vs Fraca,1.66,1.66,0.0,1.05,1.05,0.0,1500.0,1500.0,0.0,1x1,1,1,0,2,D
44.7,31.4,13.300000000000004,Média,Fraca,Média vs Fraca,1.56,1.66,-0.09999999999999987,0.91,1.05,-0.14,1581.56,1500.0,81.55999999999995,3x2,3,2,1,5,H
63.7,31.4,32.300000000000004,Forte,Fraca,Forte vs Fraca,1.8,1.66,0.14000000000000012,0.64,1.05,-0.41000000000000003,1684.86,1500.0,184.8599999999999,1x1,1,1,0,2,D
31.4,31.4,0.0,Fraca,Fraca,Fraca vs Fraca,1.66,1.66,0.0,1.05,1.05,0.0,1500.0,1500.0,0.0,0x0,0,0,0,0,D
73.4,31.4,42.00000000000001,Forte,Fraca,Forte vs Fraca,1.98,1.66,0.32000000000000006,0.46,1.05,-0.5900000000000001,1736.56,1500.0,236.55999999999995,1x1,1,1,0,2,D
42.3,31.4,10.899999999999999,Média,Fraca,Média vs Fraca,1.56,1.66,-0.09999999999999987,0.69,1.05,-0.3600000000000001,1556.72,1500.0,56.72000000000003,1x0,1,0,1,1,H
31.4,31.4,0.0,Fraca,Fraca,Fraca vs Fraca,1.66,1.66,0.0,1.05,1.05,0.0,1500.0,1500.0,0.0,2x1,2,1,1,3,H
31.4,31.4,0.0,Fraca,Fraca,Fraca vs Fraca,1.66,1.66,0.0,1.05,1.05,0.0,1500.0,1500.0,0.0,3x0,3,0,3,3,H
31.4,31.4,0.0,Fraca,Fraca,Fraca vs Fraca,1.66,1.66,0.0,1.05,1.05,0.0,1500.0,1500.0,0.0,1x0,1,0,1,1,H
28.9,31.4,-2.5,Fraca,Fraca,Fraca vs Fraca,1.38,1.66,-0.28,0.83,1.05,-0.22000000000000008,1482.39,1500.0,-17.6099999999999,1x0,1,0,1,1,H
44.7,31.4,13.300000000000004,Média,Fraca,Média vs Fraca,1.56,1.66,-0.09999999999999987,0.91,1.05,-0.14,1581.56,1500.0,81.55999999999995,2x1,2,1,1,3,H
31.4,31.4,0.0,Fraca,Fraca,Fraca vs Fraca,1.66,1.66,0.0,1.05,1.05,0.0,1500.0,1500.0,0.0,3x1,3,1,2,4,H
63.7,31.4,32.300000000000004,Forte,Fraca,Forte vs Fraca,1.8,1.66,0.14000000000000012,0.64,1.05,-0.41000000000000003,1684.86,1500.0,184.8599999999999,3x0,3,0,3,3,H
31.4,31.4,0.0,Fraca,Fraca,Fraca vs Fraca,1.66,1.66,0.0,1.05,1.05,0.0,1500.0,1500.0,0.0,1x1,1,1,0,2,D
31.4,31.4,0.0,Fraca,Fraca,Fraca vs Fraca,1.66,1.66,0.0,1.05,1.05,0.0,1500.0,1500.0,0.0,2x1,2,1,1,3,H
42.3,31.4,10.899999999999999,Média,Fraca,Média vs Fraca,1.56,1.66,-0.09999999999999987,0.69,1.05,-0.3600000000000001,1556.72,1500.0,56.72000000000003,2x1,2,1,1,3,H
73.4,31.4,42.00000000000001,Forte,Fraca,Forte vs Fraca,1.98,1.66,0.32000000000000006,0.46,1.05,-0.5900000000000001,1736.56,1500.0,236.55999999999995,2x0,2,0,2,2,H
31.4,73.4,-42.00000000000001,Fraca,Forte,Fraca vs Forte,1.66,1.98,-0.32000000000000006,1.05,0.46,0.5900000000000001,1500.0,1736.56,-236.55999999999995,2x3,2,3,-1,5,A
73.4,31.4,42.00000000000001,Forte,Fraca,Forte vs Fraca,1.98,1.66,0.32000000000000006,0.46,1.05,-0.5900000000000001,1736.56,1500.0,236.55999999999995,3x0,3,0,3,3,H
31.4,31.4,0.0,Fraca,Fraca,Fraca vs Fraca,1.66,1.66,0.0,1.05,1.05,0.0,1500.0,1500.0,0.0,0x1,0,1,-1,1,A
31.4,31.4,0.0,Fraca,Fraca,Fraca vs Fraca,1.66,1.66,0.0,1.05,1.05,0.0,1500.0,1500.0,0.0,1x0,1,0,1,1,H
31.4,31.4,0.0,Fraca,Fraca,Fraca vs Fraca,1.66,1.66,0.0,1.05,1.05,0.0,1500.0,1500.0,0.0,1x1,1,1,0,2,D
73.4,31.4,42.00000000000001,Forte,Fraca,Forte vs Fraca,1.98,1.66,0.32000000000000006,0.46,1.05,-0.5900000000000001,1736.56,1500.0,236.55999999999995,1x0,1,0,1,1,H
31.4,31.4,0.0,Fraca,Fraca,Fraca vs Fraca,1.66,1.66,0.0,1.05,1.05,0.0,1500.0,1500.0,0.0,1x2,1,2,-1,3,A
42.3,31.4,10.899999999999999,Média,Fraca,Média vs Fraca,1.56,1.66,-0.09999999999999987,0.69,1.05,-0.3600000000000001,1556.72,1500.0,56.72000000000003,0x3,0,3,-3,3,A
31.4,31.4,0.0,Fraca,Fraca,Fraca vs Fraca,1.66,1.66,0.0,1.05,1.05,0.0,1500.0,1500.0,0.0,3x1,3,1,2,4,H
31.4,31.4,0.0,Fraca,Fraca,Fraca vs Fraca,1.66,1.66,0.0,1.05,1.05,0.0,1500.0,1500.0,0.0,2x0,2,0,2,2,H
73.4,31.4,42.00000000000001,Forte,Fraca,Forte vs Fraca,1.98,1.66,0.32000000000000006,0.46,1.05,-0.5900000000000001,1736.56,1500.0,236.55999999999995,1x0,1,0,1,1,H
31.4,31.4,0.0,Fraca,Fraca,Fraca vs Fraca,1.66,1.66,0.0,1.05,1.05,0.0,1500.0,1500.0,0.0,2x1,2,1,1,3,H
31.4,31.4,0.0,Fraca,Fraca,Fraca vs Fraca,1.66,1.66,0.0,1.05,1.05,0.0,1500.0,1500.0,0.0,0x3,0,3,-3,3,A
31.4,31.4,0.0,Fraca,Fraca,Fraca vs Fraca,1.66,1.66,0.0,1.05,1.05,0.0,1500.0,1500.0,0.0,0x0,0,0,0,0,D
31.4,31.4,0.0,Fraca,Fraca,Fraca vs Fraca,1.66,1.66,0.0,1.05,1.05,0.0,1500.0,1500.0,0.0,1x3,1,3,-2,4,A
31.4,42.3,-10.899999999999999,Fraca,Média,Fraca vs Média,1.66,1.56,0.09999999999999987,1.05,0.69,0.3600000000000001,1500.0,1556.72,-56.72000000000003,1x1,1,1,0,2,D
31.4,31.4,0.0,Fraca,Fraca,Fraca vs Fraca,1.66,1.66,0.0,1.05,1.05,0.0,1500.0,1500.0,0.0,1x5,1,5,-4,6,A
31.4,31.4,0.0,Fraca,Fraca,Fraca vs Fraca,1.66,1.66,0.0,1.05,1.05,0.0,1500.0,1500.0,0.0,0x2,0,2,-2,2,A
31.4,73.4,-42.00000000000001,Fraca,Forte,Fraca vs Forte,1.66,1.98,-0.32000000000000006,1.05,0.46,0.5900000000000001,1500.0,1736.56,-236.55999999999995,0x0,0,0,0,0,D
31.4,31.4,0.0,Fraca,Fraca,Fraca vs Fraca,1.66,1.66,0.0,1.05,1.05,0.0,1500.0,1500.0,0.0,1x3,1,3,-2,4,A
31.4,31.4,0.0,Fraca,Fraca,Fraca vs Fraca,1.66,1.66,0.0,1.05,1.05,0.0,1500.0,1500.0,0.0,2x2,2,2,0,4,D
31.4,31.4,0.0,Fraca,Fraca,Fraca vs Fraca,1.66,1.66,0.0,1.05,1.05,0.0,1500.0,1500.0,0.0,1x1,1,1,0,2,D
31.4,31.4,0.0,Fraca,Fraca,Fraca vs Fraca,1.66,1.66,0.0,1.05,1.05,0.0,1500.0,1500.0,0.0,2x1,2,1,1,3,H
31.4,31.4,0.0,Fraca,Fraca,Fraca vs Fraca,1.66,1.66,0.0,1.05,1.05,0.0,1500.0,1500.0,0.0,0x0,0,0,0,0,D
31.4,31.4,0.0,Fraca,Fraca,Fraca vs Fraca,1.66,1.66,0.0,1.05,1.05,0.0,1500.0,1500.0,0.0,2x1,2,1,1,3,H
73.4,31.4,42.00000000000001,Forte,Fraca,Forte vs Fraca,1.98,1.66,0.32000000000000006,0.46,1.05,-0.5900000000000001,1736.56,1500.0,236.55999999999995,3x1,3,1,2,4,H
31.4,31.4,0.0,Fraca,Fraca,Fraca vs Fraca,1.66,1.66,0.0,1.05,1.05,0.0,1500.0,1500.0,0.0,2x1,2,1,1,3,H
42.3,31.4,10.899999999999999,Média,Fraca,Média vs Fraca,1.56,1.66,-0.09999999999999987,0.69,1.05,-0.3600000000000001,1556.72,1500.0,56.72000000000003,1x1,1,1,0,2,D
31.4,31.4,0.0,Fraca,Fraca,Fraca vs Fraca,1.66,1.66,0.0,1.05,1.05,0.0,1500.0,1500.0,0.0,0x1,0,1,-1,1,A
31.4,31.4,0.0,Fraca,Fraca,Fraca vs Fraca,1.66,1.66,0.0,1.05,1.05,0.0,1500.0,1500.0,0.0,0x1,0,1,-1,1,A
31.4,31.4,0.0,Fraca,Fraca,Fraca vs Fraca,1.66,1.66,0.0,1.05,1.05,0.0,1500.0,1500.0,0.0,0x0,0,0,0,0,D
31.4,31.4,0.0,Fraca,Fraca,Fraca vs Fraca,1.66,1.66,0.0,1.05,1.05,0.0,1500.0,1500.0,0.0,2x1,2,1,1,3,H
31.4,31.4,0.0,Fraca,Fraca,Fraca vs Fraca,1.66,1.66,0.0,1.05,1.05,0.0,1500.0,1500.0,0.0,2x0,2,0,2,2,H
31.4,31.4,0.0,Fraca,Fraca,Fraca vs Fraca,1.66,1.66,0.0,1.05,1.05,0.0,1500.0,1500.0,0.0,2x1,2,1,1,3,H
31.4,31.4,0.0,Fraca,Fraca,Fraca vs Fraca,1.66,1.66,0.0,1.05,1.05,0.0,1500.0,1500.0,0.0,2x0,2,0,2,2,H
31.4,31.4,0.0,Fraca,Fraca,Fraca vs Fraca,1.66,1.66,0.0,1.05,1.05,0.0,1500.0,1500.0,0.0,0x2,0,2,-2,2,A
31.4,31.4,0.0,Fraca,Fraca,Fraca vs Fraca,1.66,1.66,0.0,1.05,1.05,0.0,1500.0,1500.0,0.0,3x2,3,2,1,5,H
73.4,31.4,42.00000000000001,Forte,Fraca,Forte vs Fraca,1.98,1.66,0.32000000000000006,0.46,1.05,-0.5900000000000001,1736.56,1500.0,236.55999999999995,4x0,4,0,4,4,H
31.4,31.4,0.0,Fraca,Fraca,Fraca vs Fraca,1.66,1.66,0.0,1.05,1.05,0.0,1500.0,1500.0,0.0,0x2,0,2,-2,2,A
31.4,31.4,0.0,Fraca,Fraca,Fraca vs Fraca,1.66,1.66,0.0,1.05,1.05,0.0,1500.0,1500.0,0.0,0x2,0,2,-2,2,A
31.4,63.7,-32.300000000000004,Fraca,Forte,Fraca vs Forte,1.66,1.8,-0.14000000000000012,1.05,0.64,0.41000000000000003,1500.0,1684.86,-184.8599999999999,0x8,0,8,-8,8,A
31.4,31.4,0.0,Fraca,Fraca,Fraca vs Fraca,1.66,1.66,0.0,1.05,1.05,0.0,1500.0,1500.0,0.0,0x3,0,3,-3,3,A
61.5,8.1,53.4,Forte,Muito Fraca,Forte vs Muito Fraca,2.67,0.92,1.75,0.67,1.98,-1.31,1650.12,1410.0,240.1199999999999,3x0,3,0,3,3,H
31.4,31.4,0.0,Fraca,Fraca,Fraca vs Fraca,1.66,1.66,0.0,1.05,1.05,0.0,1500.0,1500.0,0.0,3x2,3,2,1,5,H
31.4,31.4,0.0,Fraca,Fraca,Fraca vs Fraca,1.66,1.66,0.0,1.05,1.05,0.0,1500.0,1500.0,0.0,0x2,0,2,-2,2,A
31.4,31.4,0.0,Fraca,Fraca,Fraca vs Fraca,1.66,1.66,0.0,1.05,1.05,0.0,1500.0,1500.0,0.0,0x3,0,3,-3,3,A
31.4,31.4,0.0,Fraca,Fraca,Fraca vs Fraca,1.66,1.66,0.0,1.05,1.05,0.0,1500.0,1500.0,0.0,1x0,1,0,1,1,H
31.4,31.4,0.0,Fraca,Fraca,Fraca vs Fraca,1.66,1.66,0.0,1.05,1.05,0.0,1500.0,1500.0,0.0,0x4,0,4,-4,4,A
31.4,31.4,0.0,Fraca,Fraca,Fraca vs Fraca,1.66,1.66,0.0,1.05,1.05,0.0,1500.0,1500.0,0.0,0x5,0,5,-5,5,A
75.4,31.4,44.00000000000001,Forte,Fraca,Forte vs Fraca,1.94,1.66,0.28,0.74,1.05,-0.31000000000000005,1760.46,1500.0,260.46000000000004,1x1,1,1,0,2,D
42.6,20.9,21.700000000000003,Média,Fraca,Média vs Fraca,1.88,0.98,0.8999999999999999,0.89,1.4,-0.5099999999999999,1559.15,1465.22,93.93000000000006,2x0,2,0,2,2,H
20.8,21.3,-0.5,Fraca,Fraca,Fraca vs Fraca,1.06,0.89,0.17000000000000004,1.22,1.15,0.07000000000000006,1455.0,1460.0,-5.0,2x1,2,1,1,3,H
63.9,45.4,18.5,Forte,Média,Forte vs Média,1.62,1.77,-0.1499999999999999,0.88,0.75,0.13,1701.3,1574.01,127.28999999999996,3x0,3,0,3,3,H
45.4,31.4,14.0,Média,Fraca,Média vs Fraca,1.16,1.66,-0.5,0.8,1.05,-0.25,1591.73,1500.0,91.73000000000002,2x0,2,0,2,2,H
49.1,24.6,24.5,Média,Fraca,Média vs Fraca,2.0,1.27,0.73,0.93,1.13,-0.19999999999999984,1599.45,1470.0,129.45000000000005,1x0,1,0,1,1,H
59.0,27.4,31.6,Média,Fraca,Média vs Fraca,1.42,0.87,0.5499999999999999,0.9,1.2,-0.29999999999999993,1675.75,1501.5,174.25,1x2,1,2,-1,3,A
62.3,58.7,3.5999999999999943,Forte,Média,Forte vs Média,1.95,1.34,0.6099999999999999,0.86,0.82,0.040000000000000036,1681.88,1672.62,9.260000000000218,5x1,5,1,4,6,H
31.4,31.4,0.0,Fraca,Fraca,Fraca vs Fraca,1.66,1.66,0.0,1.05,1.05,0.0,1500.0,1500.0,0.0,2x1,2,1,1,3,H
31.4,55.2,-23.800000000000004,Fraca,Média,Fraca vs Média,1.66,1.77,-0.1100000000000001,1.05,1.18,-0.1299999999999999,1500.0,1654.69,-154.69000000000005,1x1,1,1,0,2,D
31.4,31.4,0.0,Fraca,Fraca,Fraca vs Fraca,1.66,1.66,0.0,1.05,1.05,0.0,1500.0,1500.0,0.0,1x1,1,1,0,2,D
30.2,51.6,-21.400000000000002,Fraca,Média,Fraca vs Média,1.42,1.9,-0.48,1.24,0.9,0.33999999999999997,1506.77,1616.75,-109.98000000000002,4x2,4,2,2,6,H
31.4,31.4,0.0,Fraca,Fraca,Fraca vs Fraca,1.66,1.66,0.0,1.05,1.05,0.0,1500.0,1500.0,0.0,0x0,0,0,0,0,D
94.9,31.4,63.50000000000001,Muito Forte,Fraca,Muito Forte vs Fraca,2.33,1.66,0.6700000000000002,0.79,1.05,-0.26,1877.18,1500.0,377.18000000000006,2x2,2,2,0,4,D
31.4,31.4,0.0,Fraca,Fraca,Fraca vs Fraca,1.66,1.66,0.0,1.05,1.05,0.0,1500.0,1500.0,0.0,2x1,2,1,1,3,H
45.4,31.4,14.0,Média,Fraca,Média vs Fraca,1.84,1.66,0.18000000000000016,1.07,1.05,0.020000000000000018,1585.51,1500.0,85.50999999999999,1x1,1,1,0,2,D
31.4,31.4,0.0,Fraca,Fraca,Fraca vs Fraca,1.66,1.66,0.0,1.05,1.05,0.0,1500.0,1500.0,0.0,7x1,7,1,6,8,H
33.9,31.4,2.5,Fraca,Fraca,Fraca vs Fraca,1.27,1.66,-0.3899999999999999,1.14,1.05,0.08999999999999986,1529.71,1500.0,29.710000000000036,7x1,7,1,6,8,H
70.2,31.4,38.800000000000004,Forte,Fraca,Forte vs Fraca,2.11,1.66,0.44999999999999996,0.93,1.05,-0.12,1730.71,1500.0,230.71000000000004,7x0,7,0,7,7,H
53.5,31.4,22.1,Média,Fraca,Média vs Fraca,2.07,1.66,0.4099999999999999,0.73,1.05,-0.32000000000000006,1617.02,1500.0,117.01999999999998,0x0,0,0,0,0,D
31.4,31.4,0.0,Fraca,Fraca,Fraca vs Fraca,1.66,1.66,0.0,1.05,1.05,0.0,1500.0,1500.0,0.0,3x1,3,1,2,4,H
36.3,31.4,4.899999999999999,Fraca,Fraca,Fraca vs Fraca,1.61,1.66,-0.04999999999999982,1.23,1.05,0.17999999999999994,1540.43,1500.0,40.430000000000064,3x0,3,0,3,3,H
19.0,31.4,-12.399999999999999,Muito Fraca,Fraca,Muito Fraca vs Fraca,1.27,1.66,-0.3899999999999999,1.26,1.05,0.20999999999999996,1440.0,1500.0,-60.0,0x0,0,0,0,0,D
8.1,31.4,-23.299999999999997,Muito Fraca,Fraca,Muito Fraca vs Fraca,1.59,1.66,-0.06999999999999984,1.44,1.05,0.3899999999999999,1370.0,1500.0,-130.0,2x2,2,2,0,4,D
19.3,14.8,4.5,Muito Fraca,Muito Fraca,Muito Fraca vs Muito Fraca,1.4,1.15,0.25,1.17,1.35,-0.18000000000000016,1435.0,1420.0,15.0,0x0,0,0,0,0,D
14.3,31.4,-17.099999999999998,Muito Fraca,Fraca,Muito Fraca vs Fraca,2.45,1.66,0.7900000000000003,1.26,1.05,0.20999999999999996,1380.0,1500.0,-120.0,2x0,2,0,2,2,H
31.4,31.4,0.0,Fraca,Fraca,Fraca vs Fraca,1.66,1.66,0.0,1.05,1.05,0.0,1500.0,1500.0,0.0,4x0,4,0,4,4,H
31.4,31.4,0.0,Fraca,Fraca,Fraca vs Fraca,1.66,1.66,0.0,1.05,1.05,0.0,1500.0,1500.0,0.0,1x2,1,2,-1,3,A
24.7,31.4,-6.699999999999999,Fraca,Fraca,Fraca vs Fraca,1.09,1.66,-0.5699999999999998,1.24,1.05,0.18999999999999995,1480.0,1500.0,-20.0,1x0,1,0,1,1,H
67.7,31.4,36.300000000000004,Forte,Fraca,Forte vs Fraca,2.21,1.66,0.55,1.21,1.05,0.15999999999999992,1724.15,1500.0,224.1500000000001,6x0,6,0,6,6,H
31.4,35.0,-3.6000000000000014,Fraca,Fraca,Fraca vs Fraca,1.66,1.67,-0.010000000000000009,1.05,1.26,-0.20999999999999996,1500.0,1532.04,-32.039999999999964,2x3,2,3,-1,5,A
74.8,31.4,43.4,Forte,Fraca,Forte vs Fraca,2.36,1.66,0.7,0.99,1.05,-0.06000000000000005,1756.27,1500.0,256.27,4x0,4,0,4,4,H
31.4,31.4,0.0,Fraca,Fraca,Fraca vs Fraca,1.66,1.66,0.0,1.05,1.05,0.0,1500.0,1500.0,0.0,6x0,6,0,6,6,H
31.4,65.6,-34.199999999999996,Fraca,Forte,Fraca vs Forte,1.66,1.75,-0.09000000000000008,1.05,1.07,-0.020000000000000018,1500.0,1716.88,-216.8800000000001,2x3,2,3,-1,5,A
31.4,42.3,-10.899999999999999,Fraca,Média,Fraca vs Média,1.66,1.56,0.09999999999999987,1.05,0.69,0.3600000000000001,1500.0,1556.72,-56.72000000000003,1x1,1,1,0,2,D
31.4,31.4,0.0,Fraca,Fraca,Fraca vs Fraca,1.66,1.66,0.0,1.05,1.05,0.0,1500.0,1500.0,0.0,2x0,2,0,2,2,H
44.7,31.4,13.300000000000004,Média,Fraca,Média vs Fraca,1.56,1.66,-0.09999999999999987,0.91,1.05,-0.14,1581.56,1500.0,81.55999999999995,1x1,1,1,0,2,D
36.7,31.4,5.300000000000004,Fraca,Fraca,Fraca vs Fraca,1.4,1.66,-0.26,1.45,1.05,0.3999999999999999,1557.47,1500.0,57.47000000000003,2x0,2,0,2,2,H
31.4,92.6,-61.199999999999996,Fraca,Muito Forte,Fraca vs Muito Forte,1.66,2.17,-0.51,1.05,0.88,0.17000000000000004,1500.0,1870.0,-370.0,1x3,1,3,-2,4,A
77.0,31.4,45.6,Forte,Fraca,Forte vs Fraca,2.45,1.66,0.7900000000000003,0.8,1.05,-0.25,1760.38,1500.0,260.3800000000001,9x1,9,1,8,10,H
31.4,28.6,2.799999999999997,Fraca,Fraca,Fraca vs Fraca,1.66,1.1,0.5599999999999998,1.05,1.13,-0.07999999999999985,1500.0,1500.0,0.0,2x3,2,3,-1,5,A
31.4,31.4,0.0,Fraca,Fraca,Fraca vs Fraca,1.66,1.66,0.0,1.05,1.05,0.0,1500.0,1500.0,0.0,1x4,1,4,-3,5,A
64.4,31.4,33.00000000000001,Forte,Fraca,Forte vs Fraca,1.9,1.66,0.24,0.99,1.05,-0.06000000000000005,1702.06,1500.0,202.05999999999995,1x4,1,4,-3,5,A
31.4,89.0,-57.6,Fraca,Muito Forte,Fraca vs Muito Forte,1.66,2.18,-0.5200000000000002,1.05,0.58,0.4700000000000001,1500.0,1834.12,-334.1199999999999,0x2,0,2,-2,2,A
31.9,31.4,0.5,Fraca,Fraca,Fraca vs Fraca,1.55,1.66,-0.10999999999999988,1.06,1.05,0.010000000000000009,1506.34,1500.0,6.339999999999918,2x1,2,1,1,3,H
31.4,20.8,10.599999999999998,Fraca,Fraca,Fraca vs Fraca,1.66,1.06,0.5999999999999999,1.05,1.22,-0.16999999999999993,1500.0,1455.0,45.0,0x2,0,2,-2,2,A
75.4,63.7,11.700000000000003,Forte,Forte,Forte vs Forte,1.94,1.8,0.1399999999999999,0.74,0.64,0.09999999999999998,1760.46,1684.86,75.60000000000014,2x0,2,0,2,2,H
63.9,31.4,32.5,Forte,Fraca,Forte vs Fraca,1.62,1.66,-0.039999999999999813,0.88,1.05,-0.17000000000000004,1701.3,1500.0,201.29999999999995,2x1,2,1,1,3,H
59.0,58.7,0.29999999999999716,Média,Média,Média vs Média,1.42,1.34,0.07999999999999985,0.9,0.82,0.08000000000000007,1675.75,1672.62,3.130000000000109,0x0,0,0,0,0,D
31.4,31.4,0.0,Fraca,Fraca,Fraca vs Fraca,1.66,1.66,0.0,1.05,1.05,0.0,1500.0,1500.0,0.0,3x1,3,1,2,4,H
62.3,27.4,34.9,Forte,Fraca,Forte vs Fraca,1.95,0.87,1.08,0.86,1.2,-0.33999999999999997,1681.88,1501.5,180.3800000000001,2x1,2,1,1,3,H
31.4,31.4,0.0,Fraca,Fraca,Fraca vs Fraca,1.66,1.66,0.0,1.05,1.05,0.0,1500.0,1500.0,0.0,0x2,0,2,-2,2,A
55.2,31.4,23.800000000000004,Média,Fraca,Média vs Fraca,1.77,1.66,0.1100000000000001,1.18,1.05,0.1299999999999999,1654.69,1500.0,154.69000000000005,4x1,4,1,3,5,H
51.6,31.4,20.200000000000003,Média,Fraca,Média vs Fraca,1.9,1.66,0.24,0.9,1.05,-0.15000000000000002,1616.75,1500.0,116.75,2x2,2,2,0,4,D
31.4,30.2,1.1999999999999993,Fraca,Fraca,Fraca vs Fraca,1.66,1.42,0.24,1.05,1.24,-0.18999999999999995,1500.0,1506.77,-6.769999999999982,3x2,3,2,1,5,H
31.4,31.4,0.0,Fraca,Fraca,Fraca vs Fraca,1.66,1.66,0.0,1.05,1.05,0.0,1500.0,1500.0,0.0,2x0,2,0,2,2,H
31.4,94.9,-63.50000000000001,Fraca,Muito Forte,Fraca vs Muito Forte,1.66,2.33,-0.6700000000000002,1.05,0.79,0.26,1500.0,1877.18,-377.18000000000006,0x4,0,4,-4,4,A
31.4,45.4,-14.0,Fraca,Média,Fraca vs Média,1.66,1.84,-0.18000000000000016,1.05,1.07,-0.020000000000000018,1500.0,1585.51,-85.50999999999999,0x2,0,2,-2,2,A
31.4,31.4,0.0,Fraca,Fraca,Fraca vs Fraca,1.66,1.66,0.0,1.05,1.05,0.0,1500.0,1500.0,0.0,3x1,3,1,2,4,H
31.4,33.9,-2.5,Fraca,Fraca,Fraca vs Fraca,1.66,1.27,0.3899999999999999,1.05,1.14,-0.08999999999999986,1500.0,1529.71,-29.710000000000036,0x1,0,1,-1,1,A
31.4,70.2,-38.800000000000004,Fraca,Forte,Fraca vs Forte,1.66,2.11,-0.44999999999999996,1.05,0.93,0.12,1500.0,1730.71,-230.71000000000004,1x1,1,1,0,2,D
31.4,31.4,0.0,Fraca,Fraca,Fraca vs Fraca,1.66,1.66,0.0,1.05,1.05,0.0,1500.0,1500.0,0.0,0x2,0,2,-2,2,A
31.4,95.2,-63.800000000000004,Fraca,Muito Forte,Fraca vs Muito Forte,1.66,2.06,-0.40000000000000013,1.05,0.45,0.6000000000000001,1500.0,1873.33,-373.3299999999999,0x2,0,2,-2,2,A
45.4,20.9,24.5,Média,Fraca,Média vs Fraca,1.77,0.98,0.79,0.75,1.4,-0.6499999999999999,1574.01,1465.22,108.78999999999996,0x1,0,1,-1,1,A
49.1,8.1,41.0,Média,Muito Fraca,Média vs Muito Fraca,2.0,0.92,1.08,0.93,1.98,-1.0499999999999998,1599.45,1410.0,189.45000000000005,2x0,2,0,2,2,H
73.4,31.4,42.00000000000001,Forte,Fraca,Forte vs Fraca,1.98,1.66,0.32000000000000006,0.46,1.05,-0.5900000000000001,1736.56,1500.0,236.55999999999995,1x0,1,0,1,1,H
31.4,31.4,0.0,Fraca,Fraca,Fraca vs Fraca,1.66,1.66,0.0,1.05,1.05,0.0,1500.0,1500.0,0.0,2x0,2,0,2,2,H
31.4,31.4,0.0,Fraca,Fraca,Fraca vs Fraca,1.66,1.66,0.0,1.05,1.05,0.0,1500.0,1500.0,0.0,2x1,2,1,1,3,H
31.4,31.4,0.0,Fraca,Fraca,Fraca vs Fraca,1.66,1.66,0.0,1.05,1.05,0.0,1500.0,1500.0,0.0,3x2,3,2,1,5,H
61.5,24.6,36.9,Forte,Fraca,Forte vs Fraca,2.67,1.27,1.4,0.67,1.13,-0.45999999999999985,1650.12,1470.0,180.1199999999999,2x0,2,0,2,2,H
31.4,31.4,0.0,Fraca,Fraca,Fraca vs Fraca,1.66,1.66,0.0,1.05,1.05,0.0,1500.0,1500.0,0.0,1x0,1,0,1,1,H
31.4,31.4,0.0,Fraca,Fraca,Fraca vs Fraca,1.66,1.66,0.0,1.05,1.05,0.0,1500.0,1500.0,0.0,3x2,3,2,1,5,H
31.4,67.7,-36.300000000000004,Fraca,Forte,Fraca vs Forte,1.66,2.21,-0.55,1.05,1.21,-0.15999999999999992,1500.0,1724.15,-224.1500000000001,0x2,0,2,-2,2,A
31.4,24.7,6.699999999999999,Fraca,Fraca,Fraca vs Fraca,1.66,1.09,0.5699999999999998,1.05,1.24,-0.18999999999999995,1500.0,1480.0,20.0,1x0,1,0,1,1,H
31.4,31.4,0.0,Fraca,Fraca,Fraca vs Fraca,1.66,1.66,0.0,1.05,1.05,0.0,1500.0,1500.0,0.0,0x1,0,1,-1,1,A
35.0,74.8,-39.8,Fraca,Forte,Fraca vs Forte,1.67,2.36,-0.69,1.26,0.99,0.27,1532.04,1756.27,-224.23000000000002,1x1,1,1,0,2,D
65.6,31.4,34.199999999999996,Forte,Fraca,Forte vs Fraca,1.75,1.66,0.09000000000000008,1.07,1.05,0.020000000000000018,1716.88,1500.0,216.8800000000001,3x1,3,1,2,4,H
31.4,42.3,-10.899999999999999,Fraca,Média,Fraca vs Média,1.66,1.56,0.09999999999999987,1.05,0.69,0.3600000000000001,1500.0,1556.72,-56.72000000000003,2x0,2,0,2,2,H
31.4,31.4,0.0,Fraca,Fraca,Fraca vs Fraca,1.66,1.66,0.0,1.05,1.05,0.0,1500.0,1500.0,0.0,3x1,3,1,2,4,H
42.6,45.4,-2.799999999999997,Média,Média,Média vs Média,1.88,1.16,0.72,0.89,0.8,0.08999999999999997,1559.15,1591.73,-32.57999999999993,0x0,0,0,0,0,D
31.4,31.4,0.0,Fraca,Fraca,Fraca vs Fraca,1.66,1.66,0.0,1.05,1.05,0.0,1500.0,1500.0,0.0,1x0,1,0,1,1,H
31.4,31.4,0.0,Fraca,Fraca,Fraca vs Fraca,1.66,1.66,0.0,1.05,1.05,0.0,1500.0,1500.0,0.0,0x0,0,0,0,0,D
31.4,31.4,0.0,Fraca,Fraca,Fraca vs Fraca,1.66,1.66,0.0,1.05,1.05,0.0,1500.0,1500.0,0.0,0x0,0,0,0,0,D
31.4,31.4,0.0,Fraca,Fraca,Fraca vs Fraca,1.66,1.66,0.0,1.05,1.05,0.0,1500.0,1500.0,0.0,3x2,3,2,1,5,H
31.4,31.4,0.0,Fraca,Fraca,Fraca vs Fraca,1.66,1.66,0.0,1.05,1.05,0.0,1500.0,1500.0,0.0,1x1,1,1,0,2,D
28.9,31.4,-2.5,Fraca,Fraca,Fraca vs Fraca,1.38,1.66,-0.28,0.83,1.05,-0.22000000000000008,1482.39,1500.0,-17.6099999999999,0x1,0,1,-1,1,A
44.7,31.4,13.300000000000004,Média,Fraca,Média vs Fraca,1.56,1.66,-0.09999999999999987,0.91,1.05,-0.14,1581.56,1500.0,81.55999999999995,4x1,4,1,3,5,H
92.6,36.7,55.89999999999999,Muito Forte,Fraca,Muito Forte vs Fraca,2.17,1.4,0.77,0.88,1.45,-0.57,1870.0,1557.47,312.53,4x0,4,0,4,4,H
31.4,31.4,0.0,Fraca,Fraca,Fraca vs Fraca,1.66,1.66,0.0,1.05,1.05,0.0,1500.0,1500.0,0.0,0x2,0,2,-2,2,A
28.6,77.0,-48.4,Fraca,Forte,Fraca vs Forte,1.1,2.45,-1.35,1.13,0.8,0.32999999999999985,1500.0,1760.38,-260.3800000000001,2x0,2,0,2,2,H
31.4,31.4,0.0,Fraca,Fraca,Fraca vs Fraca,1.66,1.66,0.0,1.05,1.05,0.0,1500.0,1500.0,0.0,0x1,0,1,-1,1,A
31.4,31.4,0.0,Fraca,Fraca,Fraca vs Fraca,1.66,1.66,0.0,1.05,1.05,0.0,1500.0,1500.0,0.0,4x1,4,1,3,5,H
31.4,64.4,-33.00000000000001,Fraca,Forte,Fraca vs Forte,1.66,1.9,-0.24,1.05,0.99,0.06000000000000005,1500.0,1702.06,-202.05999999999995,0x2,0,2,-2,2,A
89.0,31.9,57.1,Muito Forte,Fraca,Muito Forte vs Fraca,2.18,1.55,0.6300000000000001,0.58,1.06,-0.4800000000000001,1834.12,1506.34,327.78,2x0,2,0,2,2,H
31.4,31.4,0.0,Fraca,Fraca,Fraca vs Fraca,1.66,1.66,0.0,1.05,1.05,0.0,1500.0,1500.0,0.0,0x1,0,1,-1,1,A
53.5,31.4,22.1,Média,Fraca,Média vs Fraca,2.07,1.66,0.4099999999999999,0.73,1.05,-0.32000000000000006,1617.02,1500.0,117.01999999999998,0x0,0,0,0,0,D
31.4,31.4,0.0,Fraca,Fraca,Fraca vs Fraca,1.66,1.66,0.0,1.05,1.05,0.0,1500.0,1500.0,0.0,1x0,1,0,1,1,H
31.4,31.4,0.0,Fraca,Fraca,Fraca vs Fraca,1.66,1.66,0.0,1.05,1.05,0.0,1500.0,1500.0,0.0,4x0,4,0,4,4,H
31.4,36.3,-4.899999999999999,Fraca,Fraca,Fraca vs Fraca,1.66,1.61,0.04999999999999982,1.05,1.23,-0.17999999999999994,1500.0,1540.43,-40.430000000000064,2x3,2,3,-1,5,A
31.4,31.4,0.0,Fraca,Fraca,Fraca vs Fraca,1.66,1.66,0.0,1.05,1.05,0.0,1500.0,1500.0,0.0,0x7,0,7,-7,7,A
8.1,19.0,-10.9,Muito Fraca,Muito Fraca,Muito Fraca vs Muito Fraca,1.59,1.27,0.32000000000000006,1.44,1.26,0.17999999999999994,1370.0,1440.0,-70.0,1x1,1,1,0,2,D
14.3,19.3,-5.0,Muito Fraca,Muito Fraca,Muito Fraca vs Muito Fraca,2.45,1.4,1.0500000000000003,1.26,1.17,0.09000000000000008,1380.0,1435.0,-55.0,1x0,1,0,1,1,H
31.4,14.8,16.599999999999998,Fraca,Muito Fraca,Fraca vs Muito Fraca,1.66,1.15,0.51,1.05,1.35,-0.30000000000000004,1500.0,1420.0,80.0,2x0,2,0,2,2,H
31.4,31.4,0.0,Fraca,Fraca,Fraca vs Fraca,1.66,1.66,0.0,1.05,1.05,0.0,1500.0,1500.0,0.0,1x1,1,1,0,2,D
31.4,21.3,10.099999999999998,Fraca,Fraca,Fraca vs Fraca,1.66,0.89,0.7699999999999999,1.05,1.15,-0.09999999999999987,1500.0,1460.0,40.0,1x1,1,1,0,2,D
31.4,31.4,0.0,Fraca,Fraca,Fraca vs Fraca,1.66,1.66,0.0,1.05,1.05,0.0,1500.0,1500.0,0.0,3x0,3,0,3,3,H
31.4,31.4,0.0,Fraca,Fraca,Fraca vs Fraca,1.66,1.66,0.0,1.05,1.05,0.0,1500.0,1500.0,0.0,4x2,4,2,2,6,H
61.5,75.4,-13.900000000000006,Forte,Forte,Forte vs Forte,2.67,1.94,0.73,0.67,0.74,-0.06999999999999995,1650.12,1760.46,-110.34000000000015,3x2,3,2,1,5,H
53.5,31.4,22.1,Média,Fraca,Média vs Fraca,2.07,1.66,0.4099999999999999,0.73,1.05,-0.32000000000000006,1617.02,1500.0,117.01999999999998,2x0,2,0,2,2,H
42.6,63.9,-21.299999999999997,Média,Forte,Média vs Forte,1.88,1.62,0.2599999999999998,0.89,0.88,0.010000000000000009,1559.15,1701.3,-142.14999999999986,0x0,0,0,0,0,D
49.1,27.4,21.700000000000003,Média,Fraca,Média vs Fraca,2.0,0.87,1.13,0.93,1.2,-0.2699999999999999,1599.45,1501.5,97.95000000000005,2x0,2,0,2,2,H
59.0,45.4,13.600000000000001,Média,Média,Média vs Média,1.42,1.16,0.26,0.9,0.8,0.09999999999999998,1675.75,1591.73,84.01999999999998,1x1,1,1,0,2,D
31.4,31.4,0.0,Fraca,Fraca,Fraca vs Fraca,1.66,1.66,0.0,1.05,1.05,0.0,1500.0,1500.0,0.0,1x1,1,1,0,2,D
31.4,95.2,-63.800000000000004,Fraca,Muito Forte,Fraca vs Muito Forte,1.66,2.06,-0.40000000000000013,1.05,0.45,0.6000000000000001,1500.0,1873.33,-373.3299999999999,0x6,0,6,-6,6,A
31.4,8.1,23.299999999999997,Fraca,Muito Fraca,Fraca vs Muito Fraca,1.66,0.92,0.7399999999999999,1.05,1.98,-0.9299999999999999,1500.0,1410.0,90.0,3x0,3,0,3,3,H
62.3,45.4,16.9,Forte,Média,Forte vs Média,1.95,1.77,0.17999999999999994,0.86,0.75,0.10999999999999999,1681.88,1574.01,107.87000000000012,2x1,2,1,1,3,H
31.4,31.4,0.0,Fraca,Fraca,Fraca vs Fraca,1.66,1.66,0.0,1.05,1.05,0.0,1500.0,1500.0,0.0,2x1,2,1,1,3,H
31.4,31.4,0.0,Fraca,Fraca,Fraca vs Fraca,1.66,1.66,0.0,1.05,1.05,0.0,1500.0,1500.0,0.0,0x0,0,0,0,0,D
63.7,31.4,32.300000000000004,Forte,Fraca,Forte vs Fraca,1.8,1.66,0.14000000000000012,0.64,1.05,-0.41000000000000003,1684.86,1500.0,184.8599999999999,4x0,4,0,4,4,H
44.7,31.4,13.300000000000004,Média,Fraca,Média vs Fraca,1.56,1.66,-0.09999999999999987,0.91,1.05,-0.14,1581.56,1500.0,81.55999999999995,4x0,4,0,4,4,H
31.4,31.4,0.0,Fraca,Fraca,Fraca vs Fraca,1.66,1.66,0.0,1.05,1.05,0.0,1500.0,1500.0,0.0,3x0,3,0,3,3,H
73.4,31.4,42.00000000000001,Forte,Fraca,Forte vs Fraca,1.98,1.66,0.32000000000000006,0.46,1.05,-0.5900000000000001,1736.56,1500.0,236.55999999999995,1x0,1,0,1,1,H
31.4,31.4,0.0,Fraca,Fraca,Fraca vs Fraca,1.66,1.66,0.0,1.05,1.05,0.0,1500.0,1500.0,0.0,3x0,3,0,3,3,H
31.4,31.4,0.0,Fraca,Fraca,Fraca vs Fraca,1.66,1.66,0.0,1.05,1.05,0.0,1500.0,1500.0,0.0,2x1,2,1,1,3,H
94.9,31.4,63.50000000000001,Muito Forte,Fraca,Muito Forte vs Fraca,2.33,1.66,0.6700000000000002,0.79,1.05,-0.26,1877.18,1500.0,377.18000000000006,4x0,4,0,4,4,H
31.4,31.4,0.0,Fraca,Fraca,Fraca vs Fraca,1.66,1.66,0.0,1.05,1.05,0.0,1500.0,1500.0,0.0,4x1,4,1,3,5,H
77.0,31.4,45.6,Forte,Fraca,Forte vs Fraca,2.45,1.66,0.7900000000000003,0.8,1.05,-0.25,1760.38,1500.0,260.3800000000001,2x2,2,2,0,4,D
28.6,31.4,-2.799999999999997,Fraca,Fraca,Fraca vs Fraca,1.1,1.66,-0.5599999999999998,1.13,1.05,0.07999999999999985,1500.0,1500.0,0.0,1x0,1,0,1,1,H
64.4,31.4,33.00000000000001,Forte,Fraca,Forte vs Fraca,1.9,1.66,0.24,0.99,1.05,-0.06000000000000005,1702.06,1500.0,202.05999999999995,3x0,3,0,3,3,H
31.4,31.9,-0.5,Fraca,Fraca,Fraca vs Fraca,1.66,1.55,0.10999999999999988,1.05,1.06,-0.010000000000000009,1500.0,1506.34,-6.339999999999918,1x3,1,3,-2,4,A
31.4,89.0,-57.6,Fraca,Muito Forte,Fraca vs Muito Forte,1.66,2.18,-0.5200000000000002,1.05,0.58,0.4700000000000001,1500.0,1834.12,-334.1199999999999,0x5,0,5,-5,5,A
31.4,31.4,0.0,Fraca,Fraca,Fraca vs Fraca,1.66,1.66,0.0,1.05,1.05,0.0,1500.0,1500.0,0.0,3x1,3,1,2,4,H
31.4,31.4,0.0,Fraca,Fraca,Fraca vs Fraca,1.66,1.66,0.0,1.05,1.05,0.0,1500.0,1500.0,0.0,0x4,0,4,-4,4,A
31.4,31.4,0.0,Fraca,Fraca,Fraca vs Fraca,1.66,1.66,0.0,1.05,1.05,0.0,1500.0,1500.0,0.0,1x2,1,2,-1,3,A
31.4,31.4,0.0,Fraca,Fraca,Fraca vs Fraca,1.66,1.66,0.0,1.05,1.05,0.0,1500.0,1500.0,0.0,1x6,1,6,-5,7,A
31.4,31.4,0.0,Fraca,Fraca,Fraca vs Fraca,1.66,1.66,0.0,1.05,1.05,0.0,1500.0,1500.0,0.0,0x3,0,3,-3,3,A
31.4,31.4,0.0,Fraca,Fraca,Fraca vs Fraca,1.66,1.66,0.0,1.05,1.05,0.0,1500.0,1500.0,0.0,1x0,1,0,1,1,H
36.3,31.4,4.899999999999999,Fraca,Fraca,Fraca vs Fraca,1.61,1.66,-0.04999999999999982,1.23,1.05,0.17999999999999994,1540.43,1500.0,40.430000000000064,1x1,1,1,0,2,D
31.4,31.4,0.0,Fraca,Fraca,Fraca vs Fraca,1.66,1.66,0.0,1.05,1.05,0.0,1500.0,1500.0,0.0,0x1,0,1,-1,1,A
31.4,8.1,23.299999999999997,Fraca,Muito Fraca,Fraca vs Muito Fraca,1.66,1.59,0.06999999999999984,1.05,1.44,-0.3899999999999999,1500.0,1370.0,130.0,1x1,1,1,0,2,D
19.0,31.4,-12.399999999999999,Muito Fraca,Fraca,Muito Fraca vs Fraca,1.27,1.66,-0.3899999999999999,1.26,1.05,0.20999999999999996,1440.0,1500.0,-60.0,4x0,4,0,4,4,H
31.4,58.7,-27.300000000000004,Fraca,Média,Fraca vs Média,1.66,1.34,0.31999999999999984,1.05,0.82,0.2300000000000001,1500.0,1672.62,-172.6199999999999,1x2,1,2,-1,3,A
28.9,31.4,-2.5,Fraca,Fraca,Fraca vs Fraca,1.38,1.66,-0.28,0.83,1.05,-0.22000000000000008,1482.39,1500.0,-17.6099999999999,0x0,0,0,0,0,D
31.4,31.4,0.0,Fraca,Fraca,Fraca vs Fraca,1.66,1.66,0.0,1.05,1.05,0.0,1500.0,1500.0,0.0,3x0,3,0,3,3,H
24.7,67.7,-43.0,Fraca,Forte,Fraca vs Forte,1.09,2.21,-1.1199999999999999,1.24,1.21,0.030000000000000027,1480.0,1724.15,-244.1500000000001,0x1,0,1,-1,1,A
31.4,31.4,0.0,Fraca,Fraca,Fraca vs Fraca,1.66,1.66,0.0,1.05,1.05,0.0,1500.0,1500.0,0.0,2x0,2,0,2,2,H
31.4,55.2,-23.800000000000004,Fraca,Média,Fraca vs Média,1.66,1.77,-0.1100000000000001,1.05,1.18,-0.1299999999999999,1500.0,1654.69,-154.69000000000005,0x0,0,0,0,0,D
31.4,31.4,0.0,Fraca,Fraca,Fraca vs Fraca,1.66,1.66,0.0,1.05,1.05,0.0,1500.0,1500.0,0.0,0x1,0,1,-1,1,A
31.4,92.6,-61.199999999999996,Fraca,Muito Forte,Fraca vs Muito Forte,1.66,2.17,-0.51,1.05,0.88,0.17000000000000004,1500.0,1870.0,-370.0,2x2,2,2,0,4,D
36.7,31.4,5.300000000000004,Fraca,Fraca,Fraca vs Fraca,1.4,1.66,-0.26,1.45,1.05,0.3999999999999999,1557.47,1500.0,57.47000000000003,2x1,2,1,1,3,H
33.9,70.2,-36.300000000000004,Fraca,Forte,Fraca vs Forte,1.27,2.11,-0.8399999999999999,1.14,0.93,0.20999999999999985,1529.71,1730.71,-201.0,2x4,2,4,-2,6,A
31.4,31.4,0.0,Fraca,Fraca,Fraca vs Fraca,1.66,1.66,0.0,1.05,1.05,0.0,1500.0,1500.0,0.0,1x1,1,1,0,2,D
14.8,14.3,0.5,Muito Fraca,Muito Fraca,Muito Fraca vs Muito Fraca,1.15,2.45,-1.3000000000000003,1.35,1.26,0.09000000000000008,1420.0,1380.0,40.0,3x0,3,0,3,3,H
19.3,31.4,-12.099999999999998,Muito Fraca,Fraca,Muito Fraca vs Fraca,1.4,1.66,-0.26,1.17,1.05,0.11999999999999988,1435.0,1500.0,-65.0,4x1,4,1,3,5,H
31.4,31.4,0.0,Fraca,Fraca,Fraca vs Fraca,1.66,1.66,0.0,1.05,1.05,0.0,1500.0,1500.0,0.0,3x1,3,1,2,4,H
42.3,31.4,10.899999999999999,Média,Fraca,Média vs Fraca,1.56,1.66,-0.09999999999999987,0.69,1.05,-0.3600000000000001,1556.72,1500.0,56.72000000000003,1x0,1,0,1,1,H
31.4,31.4,0.0,Fraca,Fraca,Fraca vs Fraca,1.66,1.66,0.0,1.05,1.05,0.0,1500.0,1500.0,0.0,0x1,0,1,-1,1,A
24.6,31.4,-6.799999999999997,Fraca,Fraca,Fraca vs Fraca,1.27,1.66,-0.3899999999999999,1.13,1.05,0.07999999999999985,1470.0,1500.0,-30.0,1x0,1,0,1,1,H
31.4,31.4,0.0,Fraca,Fraca,Fraca vs Fraca,1.66,1.66,0.0,1.05,1.05,0.0,1500.0,1500.0,0.0,4x1,4,1,3,5,H
30.2,31.4,-1.1999999999999993,Fraca,Fraca,Fraca vs Fraca,1.42,1.66,-0.24,1.24,1.05,0.18999999999999995,1506.77,1500.0,6.769999999999982,2x1,2,1,1,3,H
51.6,31.4,20.200000000000003,Média,Fraca,Média vs Fraca,1.9,1.66,0.24,0.9,1.05,-0.15000000000000002,1616.75,1500.0,116.75,3x1,3,1,2,4,H
74.8,31.4,43.4,Forte,Fraca,Forte vs Fraca,2.36,1.66,0.7,0.99,1.05,-0.06000000000000005,1756.27,1500.0,256.27,4x0,4,0,4,4,H
31.4,35.0,-3.6000000000000014,Fraca,Fraca,Fraca vs Fraca,1.66,1.67,-0.010000000000000009,1.05,1.26,-0.20999999999999996,1500.0,1532.04,-32.039999999999964,0x2,0,2,-2,2,A
31.4,45.4,-14.0,Fraca,Média,Fraca vs Média,1.66,1.84,-0.18000000000000016,1.05,1.07,-0.020000000000000018,1500.0,1585.51,-85.50999999999999,1x0,1,0,1,1,H
31.4,31.4,0.0,Fraca,Fraca,Fraca vs Fraca,1.66,1.66,0.0,1.05,1.05,0.0,1500.0,1500.0,0.0,2x1,2,1,1,3,H
65.6,31.4,34.199999999999996,Forte,Fraca,Forte vs Fraca,1.75,1.66,0.09000000000000008,1.07,1.05,0.020000000000000018,1716.88,1500.0,216.8800000000001,3x0,3,0,3,3,H
31.4,31.4,0.0,Fraca,Fraca,Fraca vs Fraca,1.66,1.66,0.0,1.05,1.05,0.0,1500.0,1500.0,0.0,2x0,2,0,2,2,H
59.0,63.9,-4.899999999999999,Média,Forte,Média vs Forte,1.42,1.62,-0.20000000000000018,0.9,0.88,0.020000000000000018,1675.75,1701.3,-25.549999999999955,0x4,0,4,-4,4,A
31.4,31.4,0.0,Fraca,Fraca,Fraca vs Fraca,1.66,1.66,0.0,1.05,1.05,0.0,1500.0,1500.0,0.0,2x1,2,1,1,3,H
31.4,31.4,0.0,Fraca,Fraca,Fraca vs Fraca,1.66,1.66,0.0,1.05,1.05,0.0,1500.0,1500.0,0.0,1x0,1,0,1,1,H
94.9,31.4,63.50000000000001,Muito Forte,Fraca,Muito Forte vs Fraca,2.33,1.66,0.6700000000000002,0.79,1.05,-0.26,1877.18,1500.0,377.18000000000006,2x0,2,0,2,2,H
31.4,31.4,0.0,Fraca,Fraca,Fraca vs Fraca,1.66,1.66,0.0,1.05,1.05,0.0,1500.0,1500.0,0.0,1x6,1,6,-5,7,A
31.4,31.4,0.0,Fraca,Fraca,Fraca vs Fraca,1.66,1.66,0.0,1.05,1.05,0.0,1500.0,1500.0,0.0,2x0,2,0,2,2,H
77.0,28.6,48.4,Forte,Fraca,Forte vs Fraca,2.45,1.1,1.35,0.8,1.13,-0.32999999999999985,1760.38,1500.0,260.3800000000001,1x0,1,0,1,1,H
31.4,31.4,0.0,Fraca,Fraca,Fraca vs Fraca,1.66,1.66,0.0,1.05,1.05,0.0,1500.0,1500.0,0.0,5x0,5,0,5,5,H
31.4,64.4,-33.00000000000001,Fraca,Forte,Fraca vs Forte,1.66,1.9,-0.24,1.05,0.99,0.06000000000000005,1500.0,1702.06,-202.05999999999995,1x3,1,3,-2,4,A
31.9,31.4,0.5,Fraca,Fraca,Fraca vs Fraca,1.55,1.66,-0.10999999999999988,1.06,1.05,0.010000000000000009,1506.34,1500.0,6.339999999999918,0x1,0,1,-1,1,A
95.2,20.9,74.30000000000001,Muito Forte,Fraca,Muito Forte vs Fraca,2.06,0.98,1.08,0.45,1.4,-0.95,1873.33,1465.22,408.1099999999999,1x0,1,0,1,1,H
20.8,21.3,-0.5,Fraca,Fraca,Fraca vs Fraca,1.06,0.89,0.17000000000000004,1.22,1.15,0.07000000000000006,1455.0,1460.0,-5.0,2x1,2,1,1,3,H
42.6,45.4,-2.799999999999997,Média,Média,Média vs Média,1.88,1.77,0.10999999999999988,0.89,0.75,0.14,1559.15,1574.01,-14.8599999999999,0x1,0,1,-1,1,A
31.4,53.5,-22.1,Fraca,Média,Fraca vs Média,1.66,2.07,-0.4099999999999999,1.05,0.73,0.32000000000000006,1500.0,1617.02,-117.01999999999998,2x1,2,1,1,3,H
61.5,27.4,34.1,Forte,Fraca,Forte vs Fraca,2.67,0.87,1.7999999999999998,0.67,1.2,-0.5299999999999999,1650.12,1501.5,148.6199999999999,2x2,2,2,0,4,D
31.4,31.4,0.0,Fraca,Fraca,Fraca vs Fraca,1.66,1.66,0.0,1.05,1.05,0.0,1500.0,1500.0,0.0,2x0,2,0,2,2,H
31.4,8.1,23.299999999999997,Fraca,Muito Fraca,Fraca vs Muito Fraca,1.66,0.92,0.7399999999999999,1.05,1.98,-0.9299999999999999,1500.0,1410.0,90.0,0x1,0,1,-1,1,A
49.1,75.4,-26.300000000000004,Média,Forte,Média vs Forte,2.0,1.94,0.06000000000000005,0.93,0.74,0.19000000000000006,1599.45,1760.46,-161.01,0x5,0,5,-5,5,A
58.7,31.4,27.300000000000004,Média,Fraca,Média vs Fraca,1.34,1.66,-0.31999999999999984,0.82,1.05,-0.2300000000000001,1672.62,1500.0,172.6199999999999,1x0,1,0,1,1,H
62.3,45.4,16.9,Forte,Média,Forte vs Média,1.95,1.16,0.79,0.86,0.8,0.05999999999999994,1681.88,1591.73,90.15000000000009,1x1,1,1,0,2,D
31.4,63.7,-32.300000000000004,Fraca,Forte,Fraca vs Forte,1.66,1.8,-0.14000000000000012,1.05,0.64,0.41000000000000003,1500.0,1684.86,-184.8599999999999,0x5,0,5,-5,5,A
31.4,44.7,-13.300000000000004,Fraca,Média,Fraca vs Média,1.66,1.56,0.09999999999999987,1.05,0.91,0.14,1500.0,1581.56,-81.55999999999995,1x2,1,2,-1,3,A
31.4,31.4,0.0,Fraca,Fraca,Fraca vs Fraca,1.66,1.66,0.0,1.05,1.05,0.0,1500.0,1500.0,0.0,0x0,0,0,0,0,D
31.4,31.4,0.0,Fraca,Fraca,Fraca vs Fraca,1.66,1.66,0.0,1.05,1.05,0.0,1500.0,1500.0,0.0,0x7,0,7,-7,7,A
31.4,31.4,0.0,Fraca,Fraca,Fraca vs Fraca,1.66,1.66,0.0,1.05,1.05,0.0,1500.0,1500.0,0.0,6x0,6,0,6,6,H
24.7,31.4,-6.699999999999999,Fraca,Fraca,Fraca vs Fraca,1.09,1.66,-0.5699999999999998,1.24,1.05,0.18999999999999995,1480.0,1500.0,-20.0,2x0,2,0,2,2,H
67.7,31.4,36.300000000000004,Forte,Fraca,Forte vs Fraca,2.21,1.66,0.55,1.21,1.05,0.15999999999999992,1724.15,1500.0,224.1500000000001,4x0,4,0,4,4,H
31.4,31.4,0.0,Fraca,Fraca,Fraca vs Fraca,1.66,1.66,0.0,1.05,1.05,0.0,1500.0,1500.0,0.0,0x0,0,0,0,0,D
31.4,55.2,-23.800000000000004,Fraca,Média,Fraca vs Média,1.66,1.77,-0.1100000000000001,1.05,1.18,-0.1299999999999999,1500.0,1654.69,-154.69000000000005,0x2,0,2,-2,2,A
31.4,36.7,-5.300000000000004,Fraca,Fraca,Fraca vs Fraca,1.66,1.4,0.26,1.05,1.45,-0.3999999999999999,1500.0,1557.47,-57.47000000000003,3x5,3,5,-2,8,A
92.6,31.4,61.199999999999996,Muito Forte,Fraca,Muito Forte vs Fraca,2.17,1.66,0.51,0.88,1.05,-0.17000000000000004,1870.0,1500.0,370.0,3x0,3,0,3,3,H
70.2,31.4,38.800000000000004,Forte,Fraca,Forte vs Fraca,2.11,1.66,0.44999999999999996,0.93,1.05,-0.12,1730.71,1500.0,230.71000000000004,0x0,0,0,0,0,D
31.4,31.4,0.0,Fraca,Fraca,Fraca vs Fraca,1.66,1.66,0.0,1.05,1.05,0.0,1500.0,1500.0,0.0,1x1,1,1,0,2,D
31.4,36.3,-4.899999999999999,Fraca,Fraca,Fraca vs Fraca,1.66,1.61,0.04999999999999982,1.05,1.23,-0.17999999999999994,1500.0,1540.43,-40.430000000000064,0x1,0,1,-1,1,A
31.4,8.1,23.299999999999997,Fraca,Muito Fraca,Fraca vs Muito Fraca,1.66,1.59,0.06999999999999984,1.05,1.44,-0.3899999999999999,1500.0,1370.0,130.0,0x3,0,3,-3,3,A
31.4,19.0,12.399999999999999,Fraca,Muito Fraca,Fraca vs Muito Fraca,1.66,1.27,0.3899999999999999,1.05,1.26,-0.20999999999999996,1500.0,1440.0,60.0,2x0,2,0,2,2,H
89.0,33.9,55.1,Muito Forte,Fraca,Muito Forte vs Fraca,2.18,1.27,0.9100000000000001,0.58,1.14,-0.5599999999999999,1834.12,1529.71,304.40999999999985,3x0,3,0,3,3,H
35.0,31.4,3.6000000000000014,Fraca,Fraca,Fraca vs Fraca,1.67,1.66,0.010000000000000009,1.26,1.05,0.20999999999999996,1532.04,1500.0,32.039999999999964,1x0,1,0,1,1,H
31.4,31.4,0.0,Fraca,Fraca,Fraca vs Fraca,1.66,1.66,0.0,1.05,1.05,0.0,1500.0,1500.0,0.0,2x1,2,1,1,3,H
73.4,31.4,42.00000000000001,Forte,Fraca,Forte vs Fraca,1.98,1.66,0.32000000000000006,0.46,1.05,-0.5900000000000001,1736.56,1500.0,236.55999999999995,1x0,1,0,1,1,H
31.4,31.4,0.0,Fraca,Fraca,Fraca vs Fraca,1.66,1.66,0.0,1.05,1.05,0.0,1500.0,1500.0,0.0,0x1,0,1,-1,1,A
31.4,31.4,0.0,Fraca,Fraca,Fraca vs Fraca,1.66,1.66,0.0,1.05,1.05,0.0,1500.0,1500.0,0.0,3x0,3,0,3,3,H
31.4,31.4,0.0,Fraca,Fraca,Fraca vs Fraca,1.66,1.66,0.0,1.05,1.05,0.0,1500.0,1500.0,0.0,0x1,0,1,-1,1,A
30.2,31.4,-1.1999999999999993,Fraca,Fraca,Fraca vs Fraca,1.42,1.66,-0.24,1.24,1.05,0.18999999999999995,1506.77,1500.0,6.769999999999982,3x1,3,1,2,4,H
31.4,51.6,-20.200000000000003,Fraca,Média,Fraca vs Média,1.66,1.9,-0.24,1.05,0.9,0.15000000000000002,1500.0,1616.75,-116.75,0x6,0,6,-6,6,A
31.4,74.8,-43.4,Fraca,Forte,Fraca vs Forte,1.66,2.36,-0.7,1.05,0.99,0.06000000000000005,1500.0,1756.27,-256.27,0x4,0,4,-4,4,A
31.4,31.4,0.0,Fraca,Fraca,Fraca vs Fraca,1.66,1.66,0.0,1.05,1.05,0.0,1500.0,1500.0,0.0,2x1,2,1,1,3,H
45.4,31.4,14.0,Média,Fraca,Média vs Fraca,1.84,1.66,0.18000000000000016,1.07,1.05,0.020000000000000018,1585.51,1500.0,85.50999999999999,10x0,10,0,10,10,H
31.4,65.6,-34.199999999999996,Fraca,Forte,Fraca vs Forte,1.66,1.75,-0.09000000000000008,1.05,1.07,-0.020000000000000018,1500.0,1716.88,-216.8800000000001,0x0,0,0,0,0,D
31.4,31.4,0.0,Fraca,Fraca,Fraca vs Fraca,1.66,1.66,0.0,1.05,1.05,0.0,1500.0,1500.0,0.0,1x4,1,4,-3,5,A
31.4,31.4,0.0,Fraca,Fraca,Fraca vs Fraca,1.66,1.66,0.0,1.05,1.05,0.0,1500.0,1500.0,0.0,2x0,2,0,2,2,H
31.4,31.4,0.0,Fraca,Fraca,Fraca vs Fraca,1.66,1.66,0.0,1.05,1.05,0.0,1500.0,1500.0,0.0,1x1,1,1,0,2,D
31.4,31.4,0.0,Fraca,Fraca,Fraca vs Fraca,1.66,1.66,0.0,1.05,1.05,0.0,1500.0,1500.0,0.0,2x0,2,0,2,2,H
31.4,31.4,0.0,Fraca,Fraca,Fraca vs Fraca,1.66,1.66,0.0,1.05,1.05,0.0,1500.0,1500.0,0.0,5x1,5,1,4,6,H
31.4,31.4,0.0,Fraca,Fraca,Fraca vs Fraca,1.66,1.66,0.0,1.05,1.05,0.0,1500.0,1500.0,0.0,3x1,3,1,2,4,H
31.4,14.3,17.099999999999998,Fraca,Muito Fraca,Fraca vs Muito Fraca,1.66,2.45,-0.7900000000000003,1.05,1.26,-0.20999999999999996,1500.0,1380.0,120.0,0x3,0,3,-3,3,A
14.8,19.3,-4.5,Muito Fraca,Muito Fraca,Muito Fraca vs Muito Fraca,1.15,1.4,-0.25,1.35,1.17,0.18000000000000016,1420.0,1435.0,-15.0,0x0,0,0,0,0,D
31.4,31.4,0.0,Fraca,Fraca,Fraca vs Fraca,1.66,1.66,0.0,1.05,1.05,0.0,1500.0,1500.0,0.0,0x0,0,0,0,0,D
31.4,31.4,0.0,Fraca,Fraca,Fraca vs Fraca,1.66,1.66,0.0,1.05,1.05,0.0,1500.0,1500.0,0.0,3x2,3,2,1,5,H
31.4,31.4,0.0,Fraca,Fraca,Fraca vs Fraca,1.66,1.66,0.0,1.05,1.05,0.0,1500.0,1500.0,0.0,0x1,0,1,-1,1,A
31.4,42.3,-10.899999999999999,Fraca,Média,Fraca vs Média,1.66,1.56,0.09999999999999987,1.05,0.69,0.3600000000000001,1500.0,1556.72,-56.72000000000003,0x3,0,3,-3,3,A
31.4,28.9,2.5,Fraca,Fraca,Fraca vs Fraca,1.66,1.38,0.28,1.05,0.83,0.22000000000000008,1500.0,1482.39,17.6099999999999,0x2,0,2,-2,2,A
31.4,31.4,0.0,Fraca,Fraca,Fraca vs Fraca,1.66,1.66,0.0,1.05,1.05,0.0,1500.0,1500.0,0.0,0x1,0,1,-1,1,A
31.4,24.6,6.799999999999997,Fraca,Fraca,Fraca vs Fraca,1.66,1.27,0.3899999999999999,1.05,1.13,-0.07999999999999985,1500.0,1470.0,30.0,0x5,0,5,-5,5,A
31.4,31.4,0.0,Fraca,Fraca,Fraca vs Fraca,1.66,1.66,0.0,1.05,1.05,0.0,1500.0,1500.0,0.0,0x2,0,2,-2,2,A
31.4,31.4,0.0,Fraca,Fraca,Fraca vs Fraca,1.66,1.66,0.0,1.05,1.05,0.0,1500.0,1500.0,0.0,0x2,0,2,-2,2,A
31.4,31.4,0.0,Fraca,Fraca,Fraca vs Fraca,1.66,1.66,0.0,1.05,1.05,0.0,1500.0,1500.0,0.0,1x0,1,0,1,1,H
31.4,31.4,0.0,Fraca,Fraca,Fraca vs Fraca,1.66,1.66,0.0,1.05,1.05,0.0,1500.0,1500.0,0.0,7x0,7,0,7,7,H
31.4,31.4,0.0,Fraca,Fraca,Fraca vs Fraca,1.66,1.66,0.0,1.05,1.05,0.0,1500.0,1500.0,0.0,3x0,3,0,3,3,H
59.0,49.1,9.899999999999999,Média,Média,Média vs Média,1.42,2.0,-0.5800000000000001,0.9,0.93,-0.030000000000000027,1675.75,1599.45,76.29999999999995,2x2,2,2,0,4,D
31.4,45.4,-14.0,Fraca,Média,Fraca vs Média,1.66,1.77,-0.1100000000000001,1.05,0.75,0.30000000000000004,1500.0,1574.01,-74.00999999999999,1x3,1,3,-2,4,A
62.3,61.5,0.7999999999999972,Forte,Forte,Forte vs Forte,1.95,2.67,-0.72,0.86,0.67,0.18999999999999995,1681.88,1650.12,31.76000000000022,2x0,2,0,2,2,H
33.9,42.6,-8.700000000000003,Fraca,Média,Fraca vs Média,1.27,1.88,-0.6099999999999999,1.14,0.89,0.2499999999999999,1529.71,1559.15,-29.440000000000055,0x1,0,1,-1,1,A
45.4,95.2,-49.800000000000004,Média,Muito Forte,Média vs Muito Forte,1.16,2.06,-0.9000000000000001,0.8,0.45,0.35000000000000003,1591.73,1873.33,-281.5999999999999,1x0,1,0,1,1,H
21.3,27.4,-6.099999999999998,Fraca,Fraca,Fraca vs Fraca,0.89,0.87,0.020000000000000018,1.15,1.2,-0.050000000000000044,1460.0,1501.5,-41.5,0x1,0,1,-1,1,A
8.1,75.4,-67.30000000000001,Muito Fraca,Forte,Muito Fraca vs Forte,0.92,1.94,-1.02,1.98,0.74,1.24,1410.0,1760.46,-350.46000000000004,1x0,1,0,1,1,H
20.9,63.9,-43.0,Fraca,Forte,Fraca vs Forte,0.98,1.62,-0.6400000000000001,1.4,0.88,0.5199999999999999,1465.22,1701.3,-236.07999999999993,3x6,3,6,-3,9,A
20.8,58.7,-37.900000000000006,Fraca,Média,Fraca vs Média,1.06,1.34,-0.28,1.22,0.82,0.4,1455.0,1672.62,-217.6199999999999,0x0,0,0,0,0,D
31.4,42.3,-10.899999999999999,Fraca,Média,Fraca vs Média,1.66,1.56,0.09999999999999987,1.05,0.69,0.3600000000000001,1500.0,1556.72,-56.72000000000003,0x0,0,0,0,0,D
31.4,63.7,-32.300000000000004,Fraca,Forte,Fraca vs Forte,1.66,1.8,-0.14000000000000012,1.05,0.64,0.41000000000000003,1500.0,1684.86,-184.8599999999999,2x3,2,3,-1,5,A
31.4,44.7,-13.300000000000004,Fraca,Média,Fraca vs Média,1.66,1.56,0.09999999999999987,1.05,0.91,0.14,1500.0,1581.56,-81.55999999999995,1x1,1,1,0,2,D
31.4,28.9,2.5,Fraca,Fraca,Fraca vs Fraca,1.66,1.38,0.28,1.05,0.83,0.22000000000000008,1500.0,1482.39,17.6099999999999,1x0,1,0,1,1,H
31.4,31.4,0.0,Fraca,Fraca,Fraca vs Fraca,1.66,1.66,0.0,1.05,1.05,0.0,1500.0,1500.0,0.0,5x0,5,0,5,5,H
31.4,31.4,0.0,Fraca,Fraca,Fraca vs Fraca,1.66,1.66,0.0,1.05,1.05,0.0,1500.0,1500.0,0.0,0x0,0,0,0,0,D
31.4,36.7,-5.300000000000004,Fraca,Fraca,Fraca vs Fraca,1.66,1.4,0.26,1.05,1.45,-0.3999999999999999,1500.0,1557.47,-57.47000000000003,1x1,1,1,0,2,D
92.6,31.4,61.199999999999996,Muito Forte,Fraca,Muito Forte vs Fraca,2.17,1.66,0.51,0.88,1.05,-0.17000000000000004,1870.0,1500.0,370.0,2x1,2,1,1,3,H
31.4,28.6,2.799999999999997,Fraca,Fraca,Fraca vs Fraca,1.66,1.1,0.5599999999999998,1.05,1.13,-0.07999999999999985,1500.0,1500.0,0.0,2x1,2,1,1,3,H
31.4,77.0,-45.6,Fraca,Forte,Fraca vs Forte,1.66,2.45,-0.7900000000000003,1.05,0.8,0.25,1500.0,1760.38,-260.3800000000001,2x3,2,3,-1,5,A
31.4,45.4,-14.0,Fraca,Média,Fraca vs Média,1.66,1.84,-0.18000000000000016,1.05,1.07,-0.020000000000000018,1500.0,1585.51,-85.50999999999999,1x2,1,2,-1,3,A
31.4,31.4,0.0,Fraca,Fraca,Fraca vs Fraca,1.66,1.66,0.0,1.05,1.05,0.0,1500.0,1500.0,0.0,2x2,2,2,0,4,D
31.4,31.4,0.0,Fraca,Fraca,Fraca vs Fraca,1.66,1.66,0.0,1.05,1.05,0.0,1500.0,1500.0,0.0,11x1,11,1,10,12,H
31.4,31.4,0.0,Fraca,Fraca,Fraca vs Fraca,1.66,1.66,0.0,1.05,1.05,0.0,1500.0,1500.0,0.0,1x0,1,0,1,1,H
31.9,89.0,-57.1,Fraca,Muito Forte,Fraca vs Muito Forte,1.55,2.18,-0.6300000000000001,1.06,0.58,0.4800000000000001,1506.34,1834.12,-327.78,0x5,0,5,-5,5,A
19.0,8.1,10.9,Muito Fraca,Muito Fraca,Muito Fraca vs Muito Fraca,1.27,1.59,-0.32000000000000006,1.26,1.44,-0.17999999999999994,1440.0,1370.0,70.0,2x0,2,0,2,2,H
31.4,31.4,0.0,Fraca,Fraca,Fraca vs Fraca,1.66,1.66,0.0,1.05,1.05,0.0,1500.0,1500.0,0.0,3x2,3,2,1,5,H
19.3,14.3,5.0,Muito Fraca,Muito Fraca,Muito Fraca vs Muito Fraca,1.4,2.45,-1.0500000000000003,1.17,1.26,-0.09000000000000008,1435.0,1380.0,55.0,3x3,3,3,0,6,D
14.8,31.4,-16.599999999999998,Muito Fraca,Fraca,Muito Fraca vs Fraca,1.15,1.66,-0.51,1.35,1.05,0.30000000000000004,1420.0,1500.0,-80.0,2x0,2,0,2,2,H
31.4,31.4,0.0,Fraca,Fraca,Fraca vs Fraca,1.66,1.66,0.0,1.05,1.05,0.0,1500.0,1500.0,0.0,1x1,1,1,0,2,D
31.4,31.4,0.0,Fraca,Fraca,Fraca vs Fraca,1.66,1.66,0.0,1.05,1.05,0.0,1500.0,1500.0,0.0,0x0,0,0,0,0,D
31.4,31.4,0.0,Fraca,Fraca,Fraca vs Fraca,1.66,1.66,0.0,1.05,1.05,0.0,1500.0,1500.0,0.0,2x2,2,2,0,4,D
31.4,31.4,0.0,Fraca,Fraca,Fraca vs Fraca,1.66,1.66,0.0,1.05,1.05,0.0,1500.0,1500.0,0.0,1x0,1,0,1,1,H
31.4,73.4,-42.00000000000001,Fraca,Forte,Fraca vs Forte,1.66,1.98,-0.32000000000000006,1.05,0.46,0.5900000000000001,1500.0,1736.56,-236.55999999999995,0x2,0,2,-2,2,A
31.4,31.4,0.0,Fraca,Fraca,Fraca vs Fraca,1.66,1.66,0.0,1.05,1.05,0.0,1500.0,1500.0,0.0,0x0,0,0,0,0,D
31.4,31.4,0.0,Fraca,Fraca,Fraca vs Fraca,1.66,1.66,0.0,1.05,1.05,0.0,1500.0,1500.0,0.0,2x0,2,0,2,2,H
31.4,31.4,0.0,Fraca,Fraca,Fraca vs Fraca,1.66,1.66,0.0,1.05,1.05,0.0,1500.0,1500.0,0.0,0x1,0,1,-1,1,A
24.6,31.4,-6.799999999999997,Fraca,Fraca,Fraca vs Fraca,1.27,1.66,-0.3899999999999999,1.13,1.05,0.07999999999999985,1470.0,1500.0,-30.0,1x0,1,0,1,1,H
31.4,31.4,0.0,Fraca,Fraca,Fraca vs Fraca,1.66,1.66,0.0,1.05,1.05,0.0,1500.0,1500.0,0.0,2x0,2,0,2,2,H
55.2,31.4,23.800000000000004,Média,Fraca,Média vs Fraca,1.77,1.66,0.1100000000000001,1.18,1.05,0.1299999999999999,1654.69,1500.0,154.69000000000005,3x0,3,0,3,3,H
31.4,30.2,1.1999999999999993,Fraca,Fraca,Fraca vs Fraca,1.66,1.42,0.24,1.05,1.24,-0.18999999999999995,1500.0,1506.77,-6.769999999999982,0x2,0,2,-2,2,A
31.4,51.6,-20.200000000000003,Fraca,Média,Fraca vs Média,1.66,1.9,-0.24,1.05,0.9,0.15000000000000002,1500.0,1616.75,-116.75,0x3,0,3,-3,3,A
31.4,64.4,-33.00000000000001,Fraca,Forte,Fraca vs Forte,1.66,1.9,-0.24,1.05,0.99,0.06000000000000005,1500.0,1702.06,-202.05999999999995,4x5,4,5,-1,9,A
65.6,31.4,34.199999999999996,Forte,Fraca,Forte vs Fraca,1.75,1.66,0.09000000000000008,1.07,1.05,0.020000000000000018,1716.88,1500.0,216.8800000000001,4x0,4,0,4,4,H
31.4,31.4,0.0,Fraca,Fraca,Fraca vs Fraca,1.66,1.66,0.0,1.05,1.05,0.0,1500.0,1500.0,0.0,1x2,1,2,-1,3,A
36.3,31.4,4.899999999999999,Fraca,Fraca,Fraca vs Fraca,1.61,1.66,-0.04999999999999982,1.23,1.05,0.17999999999999994,1540.43,1500.0,40.430000000000064,1x1,1,1,0,2,D
67.7,24.7,43.0,Forte,Fraca,Forte vs Fraca,2.21,1.09,1.1199999999999999,1.21,1.24,-0.030000000000000027,1724.15,1480.0,244.1500000000001,3x1,3,1,2,4,H
31.4,31.4,0.0,Fraca,Fraca,Fraca vs Fraca,1.66,1.66,0.0,1.05,1.05,0.0,1500.0,1500.0,0.0,0x1,0,1,-1,1,A
31.4,31.4,0.0,Fraca,Fraca,Fraca vs Fraca,1.66,1.66,0.0,1.05,1.05,0.0,1500.0,1500.0,0.0,3x0,3,0,3,3,H
31.4,94.9,-63.50000000000001,Fraca,Muito Forte,Fraca vs Muito Forte,1.66,2.33,-0.6700000000000002,1.05,0.79,0.26,1500.0,1877.18,-377.18000000000006,0x6,0,6,-6,6,A
31.4,74.8,-43.4,Fraca,Forte,Fraca vs Forte,1.66,2.36,-0.7,1.05,0.99,0.06000000000000005,1500.0,1756.27,-256.27,2x3,2,3,-1,5,A
35.0,31.4,3.6000000000000014,Fraca,Fraca,Fraca vs Fraca,1.67,1.66,0.010000000000000009,1.26,1.05,0.20999999999999996,1532.04,1500.0,32.039999999999964,3x1,3,1,2,4,H
31.4,31.4,0.0,Fraca,Fraca,Fraca vs Fraca,1.66,1.66,0.0,1.05,1.05,0.0,1500.0,1500.0,0.0,5x0,5,0,5,5,H
70.2,31.4,38.800000000000004,Forte,Fraca,Forte vs Fraca,2.11,1.66,0.44999999999999996,0.93,1.05,-0.12,1730.71,1500.0,230.71000000000004,6x0,6,0,6,6,H
31.4,31.4,0.0,Fraca,Fraca,Fraca vs Fraca,1.66,1.66,0.0,1.05,1.05,0.0,1500.0,1500.0,0.0,1x4,1,4,-3,5,A
31.4,31.4,0.0,Fraca,Fraca,Fraca vs Fraca,1.66,1.66,0.0,1.05,1.05,0.0,1500.0,1500.0,0.0,0x8,0,8,-8,8,A
31.4,31.4,0.0,Fraca,Fraca,Fraca vs Fraca,1.66,1.66,0.0,1.05,1.05,0.0,1500.0,1500.0,0.0,0x1,0,1,-1,1,A
59.0,61.5,-2.5,Média,Forte,Média vs Forte,1.42,2.67,-1.25,0.9,0.67,0.22999999999999998,1675.75,1650.12,25.63000000000011,0x0,0,0,0,0,D
62.3,49.1,13.199999999999996,Forte,Média,Forte vs Média,1.95,2.0,-0.050000000000000044,0.86,0.93,-0.07000000000000006,1681.88,1599.45,82.43000000000006,0x2,0,2,-2,2,A
44.7,31.4,13.300000000000004,Média,Fraca,Média vs Fraca,1.56,1.66,-0.09999999999999987,0.91,1.05,-0.14,1581.56,1500.0,81.55999999999995,1x0,1,0,1,1,H
28.6,31.4,-2.799999999999997,Fraca,Fraca,Fraca vs Fraca,1.1,1.66,-0.5599999999999998,1.13,1.05,0.07999999999999985,1500.0,1500.0,0.0,2x2,2,2,0,4,D
31.4,77.0,-45.6,Fraca,Forte,Fraca vs Forte,1.66,2.45,-0.7900000000000003,1.05,0.8,0.25,1500.0,1760.38,-260.3800000000001,0x5,0,5,-5,5,A
45.4,31.4,14.0,Média,Fraca,Média vs Fraca,1.84,1.66,0.18000000000000016,1.07,1.05,0.020000000000000018,1585.51,1500.0,85.50999999999999,1x0,1,0,1,1,H
31.4,31.9,-0.5,Fraca,Fraca,Fraca vs Fraca,1.66,1.55,0.10999999999999988,1.05,1.06,-0.010000000000000009,1500.0,1506.34,-6.339999999999918,0x1,0,1,-1,1,A
89.0,31.4,57.6,Muito Forte,Fraca,Muito Forte vs Fraca,2.18,1.66,0.5200000000000002,0.58,1.05,-0.4700000000000001,1834.12,1500.0,334.1199999999999,2x0,2,0,2,2,H
45.4,31.4,14.0,Média,Fraca,Média vs Fraca,1.77,1.66,0.1100000000000001,0.75,1.05,-0.30000000000000004,1574.01,1500.0,74.00999999999999,1x0,1,0,1,1,H
31.4,31.4,0.0,Fraca,Fraca,Fraca vs Fraca,1.66,1.66,0.0,1.05,1.05,0.0,1500.0,1500.0,0.0,6x0,6,0,6,6,H
31.4,42.6,-11.200000000000003,Fraca,Média,Fraca vs Média,1.66,1.88,-0.21999999999999997,1.05,0.89,0.16000000000000003,1500.0,1559.15,-59.15000000000009,0x3,0,3,-3,3,A
31.4,31.4,0.0,Fraca,Fraca,Fraca vs Fraca,1.66,1.66,0.0,1.05,1.05,0.0,1500.0,1500.0,0.0,0x6,0,6,-6,6,A
42.3,31.4,10.899999999999999,Média,Fraca,Média vs Fraca,1.56,1.66,-0.09999999999999987,0.69,1.05,-0.3600000000000001,1556.72,1500.0,56.72000000000003,2x0,2,0,2,2,H
63.7,31.4,32.300000000000004,Forte,Fraca,Forte vs Fraca,1.8,1.66,0.14000000000000012,0.64,1.05,-0.41000000000000003,1684.86,1500.0,184.8599999999999,2x0,2,0,2,2,H
31.4,31.4,0.0,Fraca,Fraca,Fraca vs Fraca,1.66,1.66,0.0,1.05,1.05,0.0,1500.0,1500.0,0.0,3x0,3,0,3,3,H
73.4,31.4,42.00000000000001,Forte,Fraca,Forte vs Fraca,1.98,1.66,0.32000000000000006,0.46,1.05,-0.5900000000000001,1736.56,1500.0,236.55999999999995,5x0,5,0,5,5,H
31.4,31.4,0.0,Fraca,Fraca,Fraca vs Fraca,1.66,1.66,0.0,1.05,1.05,0.0,1500.0,1500.0,0.0,1x3,1,3,-2,4,A
31.4,31.4,0.0,Fraca,Fraca,Fraca vs Fraca,1.66,1.66,0.0,1.05,1.05,0.0,1500.0,1500.0,0.0,1x0,1,0,1,1,H
31.4,31.4,0.0,Fraca,Fraca,Fraca vs Fraca,1.66,1.66,0.0,1.05,1.05,0.0,1500.0,1500.0,0.0,4x0,4,0,4,4,H
31.4,31.4,0.0,Fraca,Fraca,Fraca vs Fraca,1.66,1.66,0.0,1.05,1.05,0.0,1500.0,1500.0,0.0,2x2,2,2,0,4,D
55.2,31.4,23.800000000000004,Média,Fraca,Média vs Fraca,1.77,1.66,0.1100000000000001,1.18,1.05,0.1299999999999999,1654.69,1500.0,154.69000000000005,4x0,4,0,4,4,H
51.6,30.2,21.400000000000002,Média,Fraca,Média vs Fraca,1.9,1.42,0.48,0.9,1.24,-0.33999999999999997,1616.75,1506.77,109.98000000000002,0x0,0,0,0,0,D
31.4,31.4,0.0,Fraca,Fraca,Fraca vs Fraca,1.66,1.66,0.0,1.05,1.05,0.0,1500.0,1500.0,0.0,5x1,5,1,4,6,H
31.4,31.4,0.0,Fraca,Fraca,Fraca vs Fraca,1.66,1.66,0.0,1.05,1.05,0.0,1500.0,1500.0,0.0,5x0,5,0,5,5,H
36.7,92.6,-55.89999999999999,Fraca,Muito Forte,Fraca vs Muito Forte,1.4,2.17,-0.77,1.45,0.88,0.57,1557.47,1870.0,-312.53,0x2,0,2,-2,2,A
64.4,31.4,33.00000000000001,Forte,Fraca,Forte vs Fraca,1.9,1.66,0.24,0.99,1.05,-0.06000000000000005,1702.06,1500.0,202.05999999999995,5x0,5,0,5,5,H
31.4,31.4,0.0,Fraca,Fraca,Fraca vs Fraca,1.66,1.66,0.0,1.05,1.05,0.0,1500.0,1500.0,0.0,0x4,0,4,-4,4,A
31.4,65.6,-34.199999999999996,Fraca,Forte,Fraca vs Forte,1.66,1.75,-0.09000000000000008,1.05,1.07,-0.020000000000000018,1500.0,1716.88,-216.8800000000001,0x1,0,1,-1,1,A
31.4,31.4,0.0,Fraca,Fraca,Fraca vs Fraca,1.66,1.66,0.0,1.05,1.05,0.0,1500.0,1500.0,0.0,0x2,0,2,-2,2,A
31.4,19.0,12.399999999999999,Fraca,Muito Fraca,Fraca vs Muito Fraca,1.66,1.27,0.3899999999999999,1.05,1.26,-0.20999999999999996,1500.0,1440.0,60.0,0x4,0,4,-4,4,A
8.1,31.4,-23.299999999999997,Muito Fraca,Fraca,Muito Fraca vs Fraca,1.59,1.66,-0.06999999999999984,1.44,1.05,0.3899999999999999,1370.0,1500.0,-130.0,0x0,0,0,0,0,D
14.3,14.8,-0.5,Muito Fraca,Muito Fraca,Muito Fraca vs Muito Fraca,2.45,1.15,1.3000000000000003,1.26,1.35,-0.09000000000000008,1380.0,1420.0,-40.0,0x0,0,0,0,0,D
31.4,19.3,12.099999999999998,Fraca,Muito Fraca,Fraca vs Muito Fraca,1.66,1.4,0.26,1.05,1.17,-0.11999999999999988,1500.0,1435.0,65.0,1x1,1,1,0,2,D
31.4,31.4,0.0,Fraca,Fraca,Fraca vs Fraca,1.66,1.66,0.0,1.05,1.05,0.0,1500.0,1500.0,0.0,0x1,0,1,-1,1,A
31.4,31.4,0.0,Fraca,Fraca,Fraca vs Fraca,1.66,1.66,0.0,1.05,1.05,0.0,1500.0,1500.0,0.0,1x0,1,0,1,1,H
31.4,31.4,0.0,Fraca,Fraca,Fraca vs Fraca,1.66,1.66,0.0,1.05,1.05,0.0,1500.0,1500.0,0.0,0x0,0,0,0,0,D
31.4,31.4,0.0,Fraca,Fraca,Fraca vs Fraca,1.66,1.66,0.0,1.05,1.05,0.0,1500.0,1500.0,0.0,2x1,2,1,1,3,H
31.4,31.4,0.0,Fraca,Fraca,Fraca vs Fraca,1.66,1.66,0.0,1.05,1.05,0.0,1500.0,1500.0,0.0,3x1,3,1,2,4,H
63.9,8.1,55.8,Forte,Muito Fraca,Forte vs Muito Fraca,1.62,0.92,0.7000000000000001,0.88,1.98,-1.1,1701.3,1410.0,291.29999999999995,3x0,3,0,3,3,H
95.2,20.9,74.30000000000001,Muito Forte,Fraca,Muito Forte vs Fraca,2.06,0.98,1.08,0.45,1.4,-0.95,1873.33,1465.22,408.1099999999999,3x0,3,0,3,3,H
27.4,45.4,-18.0,Fraca,Média,Fraca vs Média,0.87,1.16,-0.2899999999999999,1.2,0.8,0.3999999999999999,1501.5,1591.73,-90.23000000000002,0x0,0,0,0,0,D
58.7,21.3,37.400000000000006,Média,Fraca,Média vs Fraca,1.34,0.89,0.45000000000000007,0.82,1.15,-0.32999999999999996,1672.62,1460.0,212.6199999999999,3x0,3,0,3,3,H
75.4,20.8,54.60000000000001,Forte,Fraca,Forte vs Fraca,1.94,1.06,0.8799999999999999,0.74,1.22,-0.48,1760.46,1455.0,305.46000000000004,3x0,3,0,3,3,H
28.9,31.4,-2.5,Fraca,Fraca,Fraca vs Fraca,1.38,1.66,-0.28,0.83,1.05,-0.22000000000000008,1482.39,1500.0,-17.6099999999999,3x0,3,0,3,3,H
31.4,31.4,0.0,Fraca,Fraca,Fraca vs Fraca,1.66,1.66,0.0,1.05,1.05,0.0,1500.0,1500.0,0.0,3x1,3,1,2,4,H
31.4,31.4,0.0,Fraca,Fraca,Fraca vs Fraca,1.66,1.66,0.0,1.05,1.05,0.0,1500.0,1500.0,0.0,3x0,3,0,3,3,H
31.4,24.6,6.799999999999997,Fraca,Fraca,Fraca vs Fraca,1.66,1.27,0.3899999999999999,1.05,1.13,-0.07999999999999985,1500.0,1470.0,30.0,1x1,1,1,0,2,D
31.4,31.4,0.0,Fraca,Fraca,Fraca vs Fraca,1.66,1.66,0.0,1.05,1.05,0.0,1500.0,1500.0,0.0,3x0,3,0,3,3,H
31.4,24.7,6.699999999999999,Fraca,Fraca,Fraca vs Fraca,1.66,1.09,0.5699999999999998,1.05,1.24,-0.18999999999999995,1500.0,1480.0,20.0,1x3,1,3,-2,4,A
31.4,67.7,-36.300000000000004,Fraca,Forte,Fraca vs Forte,1.66,2.21,-0.55,1.05,1.21,-0.15999999999999992,1500.0,1724.15,-224.1500000000001,2x0,2,0,2,2,H
31.4,31.4,0.0,Fraca,Fraca,Fraca vs Fraca,1.66,1.66,0.0,1.05,1.05,0.0,1500.0,1500.0,0.0,2x3,2,3,-1,5,A
31.4,94.9,-63.50000000000001,Fraca,Muito Forte,Fraca vs Muito Forte,1.66,2.33,-0.6700000000000002,1.05,0.79,0.26,1500.0,1877.18,-377.18000000000006,0x3,0,3,-3,3,A
74.8,35.0,39.8,Forte,Fraca,Forte vs Fraca,2.36,1.67,0.69,0.99,1.26,-0.27,1756.27,1532.04,224.23000000000002,1x1,1,1,0,2,D
31.4,33.9,-2.5,Fraca,Fraca,Fraca vs Fraca,1.66,1.27,0.3899999999999999,1.05,1.14,-0.08999999999999986,1500.0,1529.71,-29.710000000000036,0x1,0,1,-1,1,A
31.4,70.2,-38.800000000000004,Fraca,Forte,Fraca vs Forte,1.66,2.11,-0.44999999999999996,1.05,0.93,0.12,1500.0,1730.71,-230.71000000000004,0x6,0,6,-6,6,A
31.4,31.4,0.0,Fraca,Fraca,Fraca vs Fraca,1.66,1.66,0.0,1.05,1.05,0.0,1500.0,1500.0,0.0,2x1,2,1,1,3,H
31.4,31.4,0.0,Fraca,Fraca,Fraca vs Fraca,1.66,1.66,0.0,1.05,1.05,0.0,1500.0,1500.0,0.0,3x0,3,0,3,3,H
31.4,36.3,-4.899999999999999,Fraca,Fraca,Fraca vs Fraca,1.66,1.61,0.04999999999999982,1.05,1.23,-0.17999999999999994,1500.0,1540.43,-40.430000000000064,0x0,0,0,0,0,D
31.4,31.4,0.0,Fraca,Fraca,Fraca vs Fraca,1.66,1.66,0.0,1.05,1.05,0.0,1500.0,1500.0,0.0,0x1,0,1,-1,1,A
31.4,31.4,0.0,Fraca,Fraca,Fraca vs Fraca,1.66,1.66,0.0,1.05,1.05,0.0,1500.0,1500.0,0.0,2x2,2,2,0,4,D
31.4,31.4,0.0,Fraca,Fraca,Fraca vs Fraca,1.66,1.66,0.0,1.05,1.05,0.0,1500.0,1500.0,0.0,2x2,2,2,0,4,D
62.3,59.0,3.299999999999997,Forte,Média,Forte vs Média,1.95,1.42,0.53,0.86,0.9,-0.040000000000000036,1681.88,1675.75,6.130000000000109,1x2,1,2,-1,3,A
62.3,31.4,30.9,Forte,Fraca,Forte vs Fraca,1.95,1.66,0.29000000000000004,0.86,1.05,-0.19000000000000006,1681.88,1500.0,181.8800000000001,2x1,2,1,1,3,H
59.0,14.8,44.2,Média,Muito Fraca,Média vs Muito Fraca,1.42,1.15,0.27,0.9,1.35,-0.45000000000000007,1675.75,1420.0,255.75,1x0,1,0,1,1,H
42.6,31.4,11.200000000000003,Média,Fraca,Média vs Fraca,1.88,1.66,0.21999999999999997,0.89,1.05,-0.16000000000000003,1559.15,1500.0,59.15000000000009,1x1,1,1,0,2,D
62.3,19.3,43.0,Forte,Muito Fraca,Forte vs Muito Fraca,1.95,1.4,0.55,0.86,1.17,-0.30999999999999994,1681.88,1435.0,246.8800000000001,2x2,2,2,0,4,D
36.3,14.8,21.499999999999996,Fraca,Muito Fraca,Fraca vs Muito Fraca,1.61,1.15,0.4600000000000002,1.23,1.35,-0.1200000000000001,1540.43,1420.0,120.43000000000006,1x1,1,1,0,2,D
59.0,31.4,27.6,Média,Fraca,Média vs Fraca,1.42,1.66,-0.24,0.9,1.05,-0.15000000000000002,1675.75,1500.0,175.75,2x0,2,0,2,2,H
14.8,31.4,-16.599999999999998,Muito Fraca,Fraca,Muito Fraca vs Fraca,1.15,1.66,-0.51,1.35,1.05,0.30000000000000004,1420.0,1500.0,-80.0,2x1,2,1,1,3,H
42.6,31.4,11.200000000000003,Média,Fraca,Média vs Fraca,1.88,1.66,0.21999999999999997,0.89,1.05,-0.16000000000000003,1559.15,1500.0,59.15000000000009,2x0,2,0,2,2,H
36.3,19.0,17.299999999999997,Fraca,Muito Fraca,Fraca vs Muito Fraca,1.61,1.27,0.3400000000000001,1.23,1.26,-0.030000000000000027,1540.43,1440.0,100.43000000000006,4x1,4,1,3,5,H
31.4,31.4,0.0,Fraca,Fraca,Fraca vs Fraca,1.66,1.66,0.0,1.05,1.05,0.0,1500.0,1500.0,0.0,2x3,2,3,-1,5,A
59.0,19.3,39.7,Média,Muito Fraca,Média vs Muito Fraca,1.42,1.4,0.020000000000000018,0.9,1.17,-0.2699999999999999,1675.75,1435.0,240.75,0x0,0,0,0,0,D
31.4,8.1,23.299999999999997,Fraca,Muito Fraca,Fraca vs Muito Fraca,1.66,1.59,0.06999999999999984,1.05,1.44,-0.3899999999999999,1500.0,1370.0,130.0,1x1,1,1,0,2,D
62.3,14.3,48.0,Forte,Muito Fraca,Forte vs Muito Fraca,1.95,2.45,-0.5000000000000002,0.86,1.26,-0.4,1681.88,1380.0,301.8800000000001,2x1,2,1,1,3,H
31.4,42.6,-11.200000000000003,Fraca,Média,Fraca vs Média,1.66,1.88,-0.21999999999999997,1.05,0.89,0.16000000000000003,1500.0,1559.15,-59.15000000000009,1x1,1,1,0,2,D
14.8,31.4,-16.599999999999998,Muito Fraca,Fraca,Muito Fraca vs Fraca,1.15,1.66,-0.51,1.35,1.05,0.30000000000000004,1420.0,1500.0,-80.0,2x0,2,0,2,2,H
19.0,31.4,-12.399999999999999,Muito Fraca,Fraca,Muito Fraca vs Fraca,1.27,1.66,-0.3899999999999999,1.26,1.05,0.20999999999999996,1440.0,1500.0,-60.0,2x1,2,1,1,3,H
31.4,36.3,-4.899999999999999,Fraca,Fraca,Fraca vs Fraca,1.66,1.61,0.04999999999999982,1.05,1.23,-0.17999999999999994,1500.0,1540.43,-40.430000000000064,0x1,0,1,-1,1,A
8.1,14.3,-6.200000000000001,Muito Fraca,Muito Fraca,Muito Fraca vs Muito Fraca,1.59,2.45,-0.8600000000000001,1.44,1.26,0.17999999999999994,1370.0,1380.0,-10.0,1x1,1,1,0,2,D
62.3,31.4,30.9,Forte,Fraca,Forte vs Fraca,1.95,1.66,0.29000000000000004,0.86,1.05,-0.19000000000000006,1681.88,1500.0,181.8800000000001,1x0,1,0,1,1,H
19.3,31.4,-12.099999999999998,Muito Fraca,Fraca,Muito Fraca vs Fraca,1.4,1.66,-0.26,1.17,1.05,0.11999999999999988,1435.0,1500.0,-65.0,2x1,2,1,1,3,H
31.4,59.0,-27.6,Fraca,Média,Fraca vs Média,1.66,1.42,0.24,1.05,0.9,0.15000000000000002,1500.0,1675.75,-175.75,0x2,0,2,-2,2,A
31.4,31.4,0.0,Fraca,Fraca,Fraca vs Fraca,1.66,1.66,0.0,1.05,1.05,0.0,1500.0,1500.0,0.0,0x0,0,0,0,0,D
42.6,14.8,27.8,Média,Muito Fraca,Média vs Muito Fraca,1.88,1.15,0.73,0.89,1.35,-0.4600000000000001,1559.15,1420.0,139.1500000000001,6x0,6,0,6,6,H
36.3,31.4,4.899999999999999,Fraca,Fraca,Fraca vs Fraca,1.61,1.66,-0.04999999999999982,1.23,1.05,0.17999999999999994,1540.43,1500.0,40.430000000000064,5x2,5,2,3,7,H
19.0,31.4,-12.399999999999999,Muito Fraca,Fraca,Muito Fraca vs Fraca,1.27,1.66,-0.3899999999999999,1.26,1.05,0.20999999999999996,1440.0,1500.0,-60.0,0x1,0,1,-1,1,A
19.3,31.4,-12.099999999999998,Muito Fraca,Fraca,Muito Fraca vs Fraca,1.4,1.66,-0.26,1.17,1.05,0.11999999999999988,1435.0,1500.0,-65.0,4x3,4,3,1,7,H
62.3,8.1,54.199999999999996,Forte,Muito Fraca,Forte vs Muito Fraca,1.95,1.59,0.3599999999999999,0.86,1.44,-0.58,1681.88,1370.0,311.8800000000001,5x0,5,0,5,5,H
14.3,31.4,-17.099999999999998,Muito Fraca,Fraca,Muito Fraca vs Fraca,2.45,1.66,0.7900000000000003,1.26,1.05,0.20999999999999996,1380.0,1500.0,-120.0,0x1,0,1,-1,1,A
59.0,31.4,27.6,Média,Fraca,Média vs Fraca,1.42,1.66,-0.24,0.9,1.05,-0.15000000000000002,1675.75,1500.0,175.75,3x2,3,2,1,5,H
31.4,31.4,0.0,Fraca,Fraca,Fraca vs Fraca,1.66,1.66,0.0,1.05,1.05,0.0,1500.0,1500.0,0.0,2x2,2,2,0,4,D
31.4,31.4,0.0,Fraca,Fraca,Fraca vs Fraca,1.66,1.66,0.0,1.05,1.05,0.0,1500.0,1500.0,0.0,0x0,0,0,0,0,D
31.4,31.4,0.0,Fraca,Fraca,Fraca vs Fraca,1.66,1.66,0.0,1.05,1.05,0.0,1500.0,1500.0,0.0,1x0,1,0,1,1,H
31.4,31.4,0.0,Fraca,Fraca,Fraca vs Fraca,1.66,1.66,0.0,1.05,1.05,0.0,1500.0,1500.0,0.0,3x1,3,1,2,4,H
31.4,31.4,0.0,Fraca,Fraca,Fraca vs Fraca,1.66,1.66,0.0,1.05,1.05,0.0,1500.0,1500.0,0.0,0x1,0,1,-1,1,A
31.4,31.4,0.0,Fraca,Fraca,Fraca vs Fraca,1.66,1.66,0.0,1.05,1.05,0.0,1500.0,1500.0,0.0,4x0,4,0,4,4,H
31.4,31.4,0.0,Fraca,Fraca,Fraca vs Fraca,1.66,1.66,0.0,1.05,1.05,0.0,1500.0,1500.0,0.0,1x2,1,2,-1,3,A
31.4,31.4,0.0,Fraca,Fraca,Fraca vs Fraca,1.66,1.66,0.0,1.05,1.05,0.0,1500.0,1500.0,0.0,1x2,1,2,-1,3,A
51.6,31.4,20.200000000000003,Média,Fraca,Média vs Fraca,1.9,1.66,0.24,0.9,1.05,-0.15000000000000002,1616.75,1500.0,116.75,5x0,5,0,5,5,H
89.0,63.7,25.299999999999997,Muito Forte,Forte,Muito Forte vs Forte,2.18,1.8,0.3800000000000001,0.58,0.64,-0.06000000000000005,1834.12,1684.86,149.26,1x3,1,3,-2,4,A
31.4,31.4,0.0,Fraca,Fraca,Fraca vs Fraca,1.66,1.66,0.0,1.05,1.05,0.0,1500.0,1500.0,0.0,4x0,4,0,4,4,H
31.4,31.4,0.0,Fraca,Fraca,Fraca vs Fraca,1.66,1.66,0.0,1.05,1.05,0.0,1500.0,1500.0,0.0,1x0,1,0,1,1,H
31.4,28.6,2.799999999999997,Fraca,Fraca,Fraca vs Fraca,1.66,1.1,0.5599999999999998,1.05,1.13,-0.07999999999999985,1500.0,1500.0,0.0,0x0,0,0,0,0,D
59.0,31.4,27.6,Média,Fraca,Média vs Fraca,1.42,1.66,-0.24,0.9,1.05,-0.15000000000000002,1675.75,1500.0,175.75,1x0,1,0,1,1,H
24.7,31.4,-6.699999999999999,Fraca,Fraca,Fraca vs Fraca,1.09,1.66,-0.5699999999999998,1.24,1.05,0.18999999999999995,1480.0,1500.0,-20.0,1x0,1,0,1,1,H
31.4,31.4,0.0,Fraca,Fraca,Fraca vs Fraca,1.66,1.66,0.0,1.05,1.05,0.0,1500.0,1500.0,0.0,2x1,2,1,1,3,H
31.4,31.4,0.0,Fraca,Fraca,Fraca vs Fraca,1.66,1.66,0.0,1.05,1.05,0.0,1500.0,1500.0,0.0,2x0,2,0,2,2,H
31.4,31.4,0.0,Fraca,Fraca,Fraca vs Fraca,1.66,1.66,0.0,1.05,1.05,0.0,1500.0,1500.0,0.0,4x3,4,3,1,7,H
62.3,55.2,7.099999999999994,Forte,Média,Forte vs Média,1.95,1.77,0.17999999999999994,0.86,1.18,-0.31999999999999995,1681.88,1654.69,27.190000000000055,0x4,0,4,-4,4,A
8.1,20.8,-12.700000000000001,Muito Fraca,Fraca,Muito Fraca vs Fraca,0.92,1.06,-0.14,1.98,1.22,0.76,1410.0,1455.0,-45.0,2x0,2,0,2,2,H
58.7,20.9,37.800000000000004,Média,Fraca,Média vs Fraca,1.34,0.98,0.3600000000000001,0.82,1.4,-0.58,1672.62,1465.22,207.39999999999986,2x0,2,0,2,2,H
21.3,45.4,-24.099999999999998,Fraca,Média,Fraca vs Média,0.89,1.16,-0.2699999999999999,1.15,0.8,0.34999999999999987,1460.0,1591.73,-131.73000000000002,0x0,0,0,0,0,D
95.2,63.9,31.300000000000004,Muito Forte,Forte,Muito Forte vs Forte,2.06,1.62,0.43999999999999995,0.45,0.88,-0.43,1873.33,1701.3,172.02999999999997,1x1,1,1,0,2,D
75.4,27.4,48.00000000000001,Forte,Fraca,Forte vs Fraca,1.94,0.87,1.0699999999999998,0.74,1.2,-0.45999999999999996,1760.46,1501.5,258.96000000000004,1x0,1,0,1,1,H
31.4,31.4,0.0,Fraca,Fraca,Fraca vs Fraca,1.66,1.66,0.0,1.05,1.05,0.0,1500.0,1500.0,0.0,3x0,3,0,3,3,H
53.5,31.4,22.1,Média,Fraca,Média vs Fraca,2.07,1.66,0.4099999999999999,0.73,1.05,-0.32000000000000006,1617.02,1500.0,117.01999999999998,3x0,3,0,3,3,H
31.4,31.4,0.0,Fraca,Fraca,Fraca vs Fraca,1.66,1.66,0.0,1.05,1.05,0.0,1500.0,1500.0,0.0,1x1,1,1,0,2,D
49.1,31.4,17.700000000000003,Média,Fraca,Média vs Fraca,2.0,1.66,0.3400000000000001,0.93,1.05,-0.12,1599.45,1500.0,99.45000000000005,4x0,4,0,4,4,H
31.4,31.4,0.0,Fraca,Fraca,Fraca vs Fraca,1.66,1.66,0.0,1.05,1.05,0.0,1500.0,1500.0,0.0,0x1,0,1,-1,1,A
31.4,31.4,0.0,Fraca,Fraca,Fraca vs Fraca,1.66,1.66,0.0,1.05,1.05,0.0,1500.0,1500.0,0.0,1x1,1,1,0,2,D
31.4,31.4,0.0,Fraca,Fraca,Fraca vs Fraca,1.66,1.66,0.0,1.05,1.05,0.0,1500.0,1500.0,0.0,1x0,1,0,1,1,H
61.5,31.4,30.1,Forte,Fraca,Forte vs Fraca,2.67,1.66,1.01,0.67,1.05,-0.38,1650.12,1500.0,150.1199999999999,6x0,6,0,6,6,H
31.4,45.4,-14.0,Fraca,Média,Fraca vs Média,1.66,1.77,-0.1100000000000001,1.05,0.75,0.30000000000000004,1500.0,1574.01,-74.00999999999999,1x2,1,2,-1,3,A
74.8,31.4,43.4,Forte,Fraca,Forte vs Fraca,2.36,1.66,0.7,0.99,1.05,-0.06000000000000005,1756.27,1500.0,256.27,8x0,8,0,8,8,H
31.4,35.0,-3.6000000000000014,Fraca,Fraca,Fraca vs Fraca,1.66,1.67,-0.010000000000000009,1.05,1.26,-0.20999999999999996,1500.0,1532.04,-32.039999999999964,2x1,2,1,1,3,H
31.4,45.4,-14.0,Fraca,Média,Fraca vs Média,1.66,1.84,-0.18000000000000016,1.05,1.07,-0.020000000000000018,1500.0,1585.51,-85.50999999999999,0x4,0,4,-4,4,A
31.4,31.4,0.0,Fraca,Fraca,Fraca vs Fraca,1.66,1.66,0.0,1.05,1.05,0.0,1500.0,1500.0,0.0,2x0,2,0,2,2,H
31.9,31.4,0.5,Fraca,Fraca,Fraca vs Fraca,1.55,1.66,-0.10999999999999988,1.06,1.05,0.010000000000000009,1506.34,1500.0,6.339999999999918,3x0,3,0,3,3,H
31.4,31.4,0.0,Fraca,Fraca,Fraca vs Fraca,1.66,1.66,0.0,1.05,1.05,0.0,1500.0,1500.0,0.0,1x1,1,1,0,2,D
31.4,36.7,-5.300000000000004,Fraca,Fraca,Fraca vs Fraca,1.66,1.4,0.26,1.05,1.45,-0.3999999999999999,1500.0,1557.47,-57.47000000000003,1x2,1,2,-1,3,A
42.6,31.4,11.200000000000003,Média,Fraca,Média vs Fraca,1.88,1.66,0.21999999999999997,0.89,1.05,-0.16000000000000003,1559.15,1500.0,59.15000000000009,0x0,0,0,0,0,D
31.4,31.4,0.0,Fraca,Fraca,Fraca vs Fraca,1.66,1.66,0.0,1.05,1.05,0.0,1500.0,1500.0,0.0,1x2,1,2,-1,3,A
14.8,31.4,-16.599999999999998,Muito Fraca,Fraca,Muito Fraca vs Fraca,1.15,1.66,-0.51,1.35,1.05,0.30000000000000004,1420.0,1500.0,-80.0,2x0,2,0,2,2,H
19.3,8.1,11.200000000000001,Muito Fraca,Muito Fraca,Muito Fraca vs Muito Fraca,1.4,1.59,-0.19000000000000017,1.17,1.44,-0.27,1435.0,1370.0,65.0,2x1,2,1,1,3,H
14.3,31.4,-17.099999999999998,Muito Fraca,Fraca,Muito Fraca vs Fraca,2.45,1.66,0.7900000000000003,1.26,1.05,0.20999999999999996,1380.0,1500.0,-120.0,1x5,1,5,-4,6,A
36.3,31.4,4.899999999999999,Fraca,Fraca,Fraca vs Fraca,1.61,1.66,-0.04999999999999982,1.23,1.05,0.17999999999999994,1540.43,1500.0,40.430000000000064,3x0,3,0,3,3,H
19.0,31.4,-12.399999999999999,Muito Fraca,Fraca,Muito Fraca vs Fraca,1.27,1.66,-0.3899999999999999,1.26,1.05,0.20999999999999996,1440.0,1500.0,-60.0,3x0,3,0,3,3,H
31.4,31.4,0.0,Fraca,Fraca,Fraca vs Fraca,1.66,1.66,0.0,1.05,1.05,0.0,1500.0,1500.0,0.0,1x1,1,1,0,2,D
31.4,31.4,0.0,Fraca,Fraca,Fraca vs Fraca,1.66,1.66,0.0,1.05,1.05,0.0,1500.0,1500.0,0.0,2x0,2,0,2,2,H
31.4,28.9,2.5,Fraca,Fraca,Fraca vs Fraca,1.66,1.38,0.28,1.05,0.83,0.22000000000000008,1500.0,1482.39,17.6099999999999,1x1,1,1,0,2,D
31.4,30.2,1.1999999999999993,Fraca,Fraca,Fraca vs Fraca,1.66,1.42,0.24,1.05,1.24,-0.18999999999999995,1500.0,1506.77,-6.769999999999982,0x4,0,4,-4,4,A
73.4,31.4,42.00000000000001,Forte,Fraca,Forte vs Fraca,1.98,1.66,0.32000000000000006,0.46,1.05,-0.5900000000000001,1736.56,1500.0,236.55999999999995,1x0,1,0,1,1,H
31.4,31.4,0.0,Fraca,Fraca,Fraca vs Fraca,1.66,1.66,0.0,1.05,1.05,0.0,1500.0,1500.0,0.0,1x1,1,1,0,2,D
64.4,31.4,33.00000000000001,Forte,Fraca,Forte vs Fraca,1.9,1.66,0.24,0.99,1.05,-0.06000000000000005,1702.06,1500.0,202.05999999999995,2x0,2,0,2,2,H
31.4,31.4,0.0,Fraca,Fraca,Fraca vs Fraca,1.66,1.66,0.0,1.05,1.05,0.0,1500.0,1500.0,0.0,0x1,0,1,-1,1,A
31.4,31.4,0.0,Fraca,Fraca,Fraca vs Fraca,1.66,1.66,0.0,1.05,1.05,0.0,1500.0,1500.0,0.0,0x1,0,1,-1,1,A
70.2,33.9,36.300000000000004,Forte,Fraca,Forte vs Fraca,2.11,1.27,0.8399999999999999,0.93,1.14,-0.20999999999999985,1730.71,1529.71,201.0,4x3,4,3,1,7,H
65.6,31.4,34.199999999999996,Forte,Fraca,Forte vs Fraca,1.75,1.66,0.09000000000000008,1.07,1.05,0.020000000000000018,1716.88,1500.0,216.8800000000001,5x1,5,1,4,6,H
67.7,92.6,-24.89999999999999,Forte,Muito Forte,Forte vs Muito Forte,2.21,2.17,0.040000000000000036,1.21,0.88,0.32999999999999996,1724.15,1870.0,-145.8499999999999,0x2,0,2,-2,2,A
77.0,94.9,-17.900000000000006,Forte,Muito Forte,Forte vs Muito Forte,2.45,2.33,0.1200000000000001,0.8,0.79,0.010000000000000009,1760.38,1877.18,-116.79999999999995,2x2,2,2,0,4,D
51.6,24.7,26.900000000000002,Média,Fraca,Média vs Fraca,1.9,1.09,0.8099999999999998,0.9,1.24,-0.33999999999999997,1616.75,1480.0,136.75,2x1,2,1,1,3,H
31.4,31.4,0.0,Fraca,Fraca,Fraca vs Fraca,1.66,1.66,0.0,1.05,1.05,0.0,1500.0,1500.0,0.0,4x1,4,1,3,5,H
59.0,55.2,3.799999999999997,Média,Média,Média vs Média,1.42,1.77,-0.3500000000000001,0.9,1.18,-0.2799999999999999,1675.75,1654.69,21.059999999999945,2x4,2,4,-2,6,A
62.3,31.4,30.9,Forte,Fraca,Forte vs Fraca,1.95,1.66,0.29000000000000004,0.86,1.05,-0.19000000000000006,1681.88,1500.0,181.8800000000001,1x2,1,2,-1,3,A
31.4,74.8,-43.4,Fraca,Forte,Fraca vs Forte,1.66,2.36,-0.7,1.05,0.99,0.06000000000000005,1500.0,1756.27,-256.27,0x2,0,2,-2,2,A
45.4,31.4,14.0,Média,Fraca,Média vs Fraca,1.84,1.66,0.18000000000000016,1.07,1.05,0.020000000000000018,1585.51,1500.0,85.50999999999999,2x1,2,1,1,3,H
31.4,89.0,-57.6,Fraca,Muito Forte,Fraca vs Muito Forte,1.66,2.18,-0.5200000000000002,1.05,0.58,0.4700000000000001,1500.0,1834.12,-334.1199999999999,0x1,0,1,-1,1,A
31.4,31.9,-0.5,Fraca,Fraca,Fraca vs Fraca,1.66,1.55,0.10999999999999988,1.05,1.06,-0.010000000000000009,1500.0,1506.34,-6.339999999999918,0x0,0,0,0,0,D
42.6,36.7,5.899999999999999,Média,Fraca,Média vs Fraca,1.88,1.4,0.48,0.89,1.45,-0.5599999999999999,1559.15,1557.47,1.6800000000000637,4x2,4,2,2,6,H
31.4,31.4,0.0,Fraca,Fraca,Fraca vs Fraca,1.66,1.66,0.0,1.05,1.05,0.0,1500.0,1500.0,0.0,0x1,0,1,-1,1,A
31.4,31.4,0.0,Fraca,Fraca,Fraca vs Fraca,1.66,1.66,0.0,1.05,1.05,0.0,1500.0,1500.0,0.0,0x0,0,0,0,0,D
31.4,14.8,16.599999999999998,Fraca,Muito Fraca,Fraca vs Muito Fraca,1.66,1.15,0.51,1.05,1.35,-0.30000000000000004,1500.0,1420.0,80.0,0x1,0,1,-1,1,A
31.4,19.3,12.099999999999998,Fraca,Muito Fraca,Fraca vs Muito Fraca,1.66,1.4,0.26,1.05,1.17,-0.11999999999999988,1500.0,1435.0,65.0,0x8,0,8,-8,8,A
31.4,14.3,17.099999999999998,Fraca,Muito Fraca,Fraca vs Muito Fraca,1.66,2.45,-0.7900000000000003,1.05,1.26,-0.20999999999999996,1500.0,1380.0,120.0,0x5,0,5,-5,5,A
31.4,36.3,-4.899999999999999,Fraca,Fraca,Fraca vs Fraca,1.66,1.61,0.04999999999999982,1.05,1.23,-0.17999999999999994,1500.0,1540.43,-40.430000000000064,0x2,0,2,-2,2,A
31.4,19.0,12.399999999999999,Fraca,Muito Fraca,Fraca vs Muito Fraca,1.66,1.27,0.3899999999999999,1.05,1.26,-0.20999999999999996,1500.0,1440.0,60.0,0x1,0,1,-1,1,A
31.4,31.4,0.0,Fraca,Fraca,Fraca vs Fraca,1.66,1.66,0.0,1.05,1.05,0.0,1500.0,1500.0,0.0,0x3,0,3,-3,3,A
31.4,31.4,0.0,Fraca,Fraca,Fraca vs Fraca,1.66,1.66,0.0,1.05,1.05,0.0,1500.0,1500.0,0.0,2x2,2,2,0,4,D
31.4,31.4,0.0,Fraca,Fraca,Fraca vs Fraca,1.66,1.66,0.0,1.05,1.05,0.0,1500.0,1500.0,0.0,0x2,0,2,-2,2,A
31.4,31.4,0.0,Fraca,Fraca,Fraca vs Fraca,1.66,1.66,0.0,1.05,1.05,0.0,1500.0,1500.0,0.0,0x1,0,1,-1,1,A
73.4,31.4,42.00000000000001,Forte,Fraca,Forte vs Fraca,1.98,1.66,0.32000000000000006,0.46,1.05,-0.5900000000000001,1736.56,1500.0,236.55999999999995,2x0,2,0,2,2,H
35.0,31.4,3.6000000000000014,Fraca,Fraca,Fraca vs Fraca,1.67,1.66,0.010000000000000009,1.26,1.05,0.20999999999999996,1532.04,1500.0,32.039999999999964,2x0,2,0,2,2,H
28.6,63.7,-35.1,Fraca,Forte,Fraca vs Forte,1.1,1.8,-0.7,1.13,0.64,0.4899999999999999,1500.0,1684.86,-184.8599999999999,1x1,1,1,0,2,D
30.2,31.4,-1.1999999999999993,Fraca,Fraca,Fraca vs Fraca,1.42,1.66,-0.24,1.24,1.05,0.18999999999999995,1506.77,1500.0,6.769999999999982,1x3,1,3,-2,4,A
31.4,31.4,0.0,Fraca,Fraca,Fraca vs Fraca,1.66,1.66,0.0,1.05,1.05,0.0,1500.0,1500.0,0.0,0x0,0,0,0,0,D
31.4,28.9,2.5,Fraca,Fraca,Fraca vs Fraca,1.66,1.38,0.28,1.05,0.83,0.22000000000000008,1500.0,1482.39,17.6099999999999,0x3,0,3,-3,3,A
31.4,31.4,0.0,Fraca,Fraca,Fraca vs Fraca,1.66,1.66,0.0,1.05,1.05,0.0,1500.0,1500.0,0.0,0x2,0,2,-2,2,A
31.4,44.7,-13.300000000000004,Fraca,Média,Fraca vs Média,1.66,1.56,0.09999999999999987,1.05,0.91,0.14,1500.0,1581.56,-81.55999999999995,1x1,1,1,0,2,D
63.9,21.3,42.599999999999994,Forte,Fraca,Forte vs Fraca,1.62,0.89,0.7300000000000001,0.88,1.15,-0.2699999999999999,1701.3,1460.0,241.29999999999995,0x0,0,0,0,0,D
20.9,8.1,12.799999999999999,Fraca,Muito Fraca,Fraca vs Muito Fraca,0.98,0.92,0.05999999999999994,1.4,1.98,-0.5800000000000001,1465.22,1410.0,55.22000000000003,2x0,2,0,2,2,H
31.4,64.4,-33.00000000000001,Fraca,Forte,Fraca vs Forte,1.66,1.9,-0.24,1.05,0.99,0.06000000000000005,1500.0,1702.06,-202.05999999999995,3x0,3,0,3,3,H
31.4,31.4,0.0,Fraca,Fraca,Fraca vs Fraca,1.66,1.66,0.0,1.05,1.05,0.0,1500.0,1500.0,0.0,1x3,1,3,-2,4,A
33.9,31.4,2.5,Fraca,Fraca,Fraca vs Fraca,1.27,1.66,-0.3899999999999999,1.14,1.05,0.08999999999999986,1529.71,1500.0,29.710000000000036,3x0,3,0,3,3,H
31.4,70.2,-38.800000000000004,Fraca,Forte,Fraca vs Forte,1.66,2.11,-0.44999999999999996,1.05,0.93,0.12,1500.0,1730.71,-230.71000000000004,1x1,1,1,0,2,D
31.4,31.4,0.0,Fraca,Fraca,Fraca vs Fraca,1.66,1.66,0.0,1.05,1.05,0.0,1500.0,1500.0,0.0,2x0,2,0,2,2,H
31.4,65.6,-34.199999999999996,Fraca,Forte,Fraca vs Forte,1.66,1.75,-0.09000000000000008,1.05,1.07,-0.020000000000000018,1500.0,1716.88,-216.8800000000001,0x7,0,7,-7,7,A
31.4,31.4,0.0,Fraca,Fraca,Fraca vs Fraca,1.66,1.66,0.0,1.05,1.05,0.0,1500.0,1500.0,0.0,0x1,0,1,-1,1,A
8.1,31.4,-23.299999999999997,Muito Fraca,Fraca,Muito Fraca vs Fraca,1.59,1.66,-0.06999999999999984,1.44,1.05,0.3899999999999999,1370.0,1500.0,-130.0,6x2,6,2,4,8,H
31.4,31.4,0.0,Fraca,Fraca,Fraca vs Fraca,1.66,1.66,0.0,1.05,1.05,0.0,1500.0,1500.0,0.0,4x0,4,0,4,4,H
31.4,31.4,0.0,Fraca,Fraca,Fraca vs Fraca,1.66,1.66,0.0,1.05,1.05,0.0,1500.0,1500.0,0.0,4x2,4,2,2,6,H
94.9,92.6,2.3000000000000114,Muito Forte,Muito Forte,Muito Forte vs Muito Forte,2.33,2.17,0.16000000000000014,0.79,0.88,-0.08999999999999997,1877.18,1870.0,7.180000000000064,5x4,5,4,1,9,H
31.4,31.4,0.0,Fraca,Fraca,Fraca vs Fraca,1.66,1.66,0.0,1.05,1.05,0.0,1500.0,1500.0,0.0,2x0,2,0,2,2,H
31.4,31.4,0.0,Fraca,Fraca,Fraca vs Fraca,1.66,1.66,0.0,1.05,1.05,0.0,1500.0,1500.0,0.0,1x0,1,0,1,1,H
45.4,75.4,-30.000000000000007,Média,Forte,Média vs Forte,1.16,1.94,-0.78,0.8,0.74,0.06000000000000005,1591.73,1760.46,-168.73000000000002,0x0,0,0,0,0,D
27.4,58.7,-31.300000000000004,Fraca,Média,Fraca vs Média,0.87,1.34,-0.4700000000000001,1.2,0.82,0.38,1501.5,1672.62,-171.1199999999999,2x0,2,0,2,2,H
20.8,95.2,-74.4,Fraca,Muito Forte,Fraca vs Muito Forte,1.06,2.06,-1.0,1.22,0.45,0.77,1455.0,1873.33,-418.3299999999999,0x1,0,1,-1,1,A
31.4,31.4,0.0,Fraca,Fraca,Fraca vs Fraca,1.66,1.66,0.0,1.05,1.05,0.0,1500.0,1500.0,0.0,0x0,0,0,0,0,D
31.4,53.5,-22.1,Fraca,Média,Fraca vs Média,1.66,2.07,-0.4099999999999999,1.05,0.73,0.32000000000000006,1500.0,1617.02,-117.01999999999998,1x0,1,0,1,1,H
31.4,31.4,0.0,Fraca,Fraca,Fraca vs Fraca,1.66,1.66,0.0,1.05,1.05,0.0,1500.0,1500.0,0.0,0x3,0,3,-3,3,A
31.4,49.1,-17.700000000000003,Fraca,Média,Fraca vs Média,1.66,2.0,-0.3400000000000001,1.05,0.93,0.12,1500.0,1599.45,-99.45000000000005,0x2,0,2,-2,2,A
31.4,31.4,0.0,Fraca,Fraca,Fraca vs Fraca,1.66,1.66,0.0,1.05,1.05,0.0,1500.0,1500.0,0.0,0x2,0,2,-2,2,A
45.4,61.5,-16.1,Média,Forte,Média vs Forte,1.77,2.67,-0.8999999999999999,0.75,0.67,0.07999999999999996,1574.01,1650.12,-76.1099999999999,1x0,1,0,1,1,H
31.4,31.4,0.0,Fraca,Fraca,Fraca vs Fraca,1.66,1.66,0.0,1.05,1.05,0.0,1500.0,1500.0,0.0,1x0,1,0,1,1,H
67.7,77.0,-9.299999999999997,Forte,Forte,Forte vs Forte,2.21,2.45,-0.2400000000000002,1.21,0.8,0.4099999999999999,1724.15,1760.38,-36.23000000000002,1x2,1,2,-1,3,A
31.4,31.4,0.0,Fraca,Fraca,Fraca vs Fraca,1.66,1.66,0.0,1.05,1.05,0.0,1500.0,1500.0,0.0,2x0,2,0,2,2,H
31.4,31.4,0.0,Fraca,Fraca,Fraca vs Fraca,1.66,1.66,0.0,1.05,1.05,0.0,1500.0,1500.0,0.0,2x0,2,0,2,2,H
31.4,31.4,0.0,Fraca,Fraca,Fraca vs Fraca,1.66,1.66,0.0,1.05,1.05,0.0,1500.0,1500.0,0.0,1x1,1,1,0,2,D
8.1,24.6,-16.5,Muito Fraca,Fraca,Muito Fraca vs Fraca,1.59,1.27,0.32000000000000006,1.44,1.13,0.31000000000000005,1370.0,1470.0,-100.0,0x4,0,4,-4,4,A
19.0,44.7,-25.700000000000003,Muito Fraca,Média,Muito Fraca vs Média,1.27,1.56,-0.29000000000000004,1.26,0.91,0.35,1440.0,1581.56,-141.55999999999995,2x2,2,2,0,4,D
31.4,31.4,0.0,Fraca,Fraca,Fraca vs Fraca,1.66,1.66,0.0,1.05,1.05,0.0,1500.0,1500.0,0.0,2x0,2,0,2,2,H
44.7,24.6,20.1,Média,Fraca,Média vs Fraca,1.56,1.27,0.29000000000000004,0.91,1.13,-0.21999999999999986,1581.56,1470.0,111.55999999999995,2x1,2,1,1,3,H
31.4,31.4,0.0,Fraca,Fraca,Fraca vs Fraca,1.66,1.66,0.0,1.05,1.05,0.0,1500.0,1500.0,0.0,1x0,1,0,1,1,H
19.0,8.1,10.9,Muito Fraca,Muito Fraca,Muito Fraca vs Muito Fraca,1.27,1.59,-0.32000000000000006,1.26,1.44,-0.17999999999999994,1440.0,1370.0,70.0,3x2,3,2,1,5,H
31.4,31.4,0.0,Fraca,Fraca,Fraca vs Fraca,1.66,1.66,0.0,1.05,1.05,0.0,1500.0,1500.0,0.0,4x1,4,1,3,5,H
31.4,31.4,0.0,Fraca,Fraca,Fraca vs Fraca,1.66,1.66,0.0,1.05,1.05,0.0,1500.0,1500.0,0.0,5x0,5,0,5,5,H
31.4,31.4,0.0,Fraca,Fraca,Fraca vs Fraca,1.66,1.66,0.0,1.05,1.05,0.0,1500.0,1500.0,0.0,0x0,0,0,0,0,D
31.4,31.4,0.0,Fraca,Fraca,Fraca vs Fraca,1.66,1.66,0.0,1.05,1.05,0.0,1500.0,1500.0,0.0,1x0,1,0,1,1,H
31.4,31.4,0.0,Fraca,Fraca,Fraca vs Fraca,1.66,1.66,0.0,1.05,1.05,0.0,1500.0,1500.0,0.0,2x0,2,0,2,2,H
31.4,31.4,0.0,Fraca,Fraca,Fraca vs Fraca,1.66,1.66,0.0,1.05,1.05,0.0,1500.0,1500.0,0.0,5x0,5,0,5,5,H
19.3,31.4,-12.099999999999998,Muito Fraca,Fraca,Muito Fraca vs Fraca,1.4,1.66,-0.26,1.17,1.05,0.11999999999999988,1435.0,1500.0,-65.0,6x1,6,1,5,7,H
31.4,31.4,0.0,Fraca,Fraca,Fraca vs Fraca,1.66,1.66,0.0,1.05,1.05,0.0,1500.0,1500.0,0.0,2x0,2,0,2,2,H
14.8,31.4,-16.599999999999998,Muito Fraca,Fraca,Muito Fraca vs Fraca,1.15,1.66,-0.51,1.35,1.05,0.30000000000000004,1420.0,1500.0,-80.0,2x0,2,0,2,2,H
19.0,31.4,-12.399999999999999,Muito Fraca,Fraca,Muito Fraca vs Fraca,1.27,1.66,-0.3899999999999999,1.26,1.05,0.20999999999999996,1440.0,1500.0,-60.0,3x0,3,0,3,3,H
8.1,31.4,-23.299999999999997,Muito Fraca,Fraca,Muito Fraca vs Fraca,1.59,1.66,-0.06999999999999984,1.44,1.05,0.3899999999999999,1370.0,1500.0,-130.0,4x0,4,0,4,4,H
31.4,31.4,0.0,Fraca,Fraca,Fraca vs Fraca,1.66,1.66,0.0,1.05,1.05,0.0,1500.0,1500.0,0.0,5x0,5,0,5,5,H
31.4,24.7,6.699999999999999,Fraca,Fraca,Fraca vs Fraca,1.66,1.09,0.5699999999999998,1.05,1.24,-0.18999999999999995,1500.0,1480.0,20.0,5x1,5,1,4,6,H
55.2,31.4,23.800000000000004,Média,Fraca,Média vs Fraca,1.77,1.66,0.1100000000000001,1.18,1.05,0.1299999999999999,1654.69,1500.0,154.69000000000005,3x1,3,1,2,4,H
8.1,58.7,-50.6,Muito Fraca,Média,Muito Fraca vs Média,0.92,1.34,-0.42000000000000004,1.98,0.82,1.1600000000000001,1410.0,1672.62,-262.6199999999999,0x0,0,0,0,0,D
63.9,27.4,36.5,Forte,Fraca,Forte vs Fraca,1.62,0.87,0.7500000000000001,0.88,1.2,-0.31999999999999995,1701.3,1501.5,199.79999999999995,2x2,2,2,0,4,D
20.9,21.3,-0.40000000000000213,Fraca,Fraca,Fraca vs Fraca,0.98,0.89,0.08999999999999997,1.4,1.15,0.25,1465.22,1460.0,5.220000000000027,1x0,1,0,1,1,H
95.2,75.4,19.799999999999997,Muito Forte,Forte,Muito Forte vs Forte,2.06,1.94,0.1200000000000001,0.45,0.74,-0.29,1873.33,1760.46,112.86999999999989,4x1,4,1,3,5,H
20.8,45.4,-24.599999999999998,Fraca,Média,Fraca vs Média,1.06,1.16,-0.09999999999999987,1.22,0.8,0.41999999999999993,1455.0,1591.73,-136.73000000000002,0x0,0,0,0,0,D
53.5,31.4,22.1,Média,Fraca,Média vs Fraca,2.07,1.66,0.4099999999999999,0.73,1.05,-0.32000000000000006,1617.02,1500.0,117.01999999999998,2x2,2,2,0,4,D
31.4,31.4,0.0,Fraca,Fraca,Fraca vs Fraca,1.66,1.66,0.0,1.05,1.05,0.0,1500.0,1500.0,0.0,3x1,3,1,2,4,H
31.4,31.4,0.0,Fraca,Fraca,Fraca vs Fraca,1.66,1.66,0.0,1.05,1.05,0.0,1500.0,1500.0,0.0,1x2,1,2,-1,3,A
49.1,31.4,17.700000000000003,Média,Fraca,Média vs Fraca,2.0,1.66,0.3400000000000001,0.93,1.05,-0.12,1599.45,1500.0,99.45000000000005,1x1,1,1,0,2,D
31.4,31.4,0.0,Fraca,Fraca,Fraca vs Fraca,1.66,1.66,0.0,1.05,1.05,0.0,1500.0,1500.0,0.0,0x1,0,1,-1,1,A
31.4,31.4,0.0,Fraca,Fraca,Fraca vs Fraca,1.66,1.66,0.0,1.05,1.05,0.0,1500.0,1500.0,0.0,2x1,2,1,1,3,H
31.4,45.4,-14.0,Fraca,Média,Fraca vs Média,1.66,1.77,-0.1100000000000001,1.05,0.75,0.30000000000000004,1500.0,1574.01,-74.00999999999999,0x2,0,2,-2,2,A
61.5,31.4,30.1,Forte,Fraca,Forte vs Fraca,2.67,1.66,1.01,0.67,1.05,-0.38,1650.12,1500.0,150.1199999999999,0x0,0,0,0,0,D
31.4,31.4,0.0,Fraca,Fraca,Fraca vs Fraca,1.66,1.66,0.0,1.05,1.05,0.0,1500.0,1500.0,0.0,1x0,1,0,1,1,H
42.3,31.4,10.899999999999999,Média,Fraca,Média vs Fraca,1.56,1.66,-0.09999999999999987,0.69,1.05,-0.3600000000000001,1556.72,1500.0,56.72000000000003,1x0,1,0,1,1,H
63.7,31.4,32.300000000000004,Forte,Fraca,Forte vs Fraca,1.8,1.66,0.14000000000000012,0.64,1.05,-0.41000000000000003,1684.86,1500.0,184.8599999999999,2x0,2,0,2,2,H
31.4,31.4,0.0,Fraca,Fraca,Fraca vs Fraca,1.66,1.66,0.0,1.05,1.05,0.0,1500.0,1500.0,0.0,0x2,0,2,-2,2,A
44.7,31.4,13.300000000000004,Média,Fraca,Média vs Fraca,1.56,1.66,-0.09999999999999987,0.91,1.05,-0.14,1581.56,1500.0,81.55999999999995,1x1,1,1,0,2,D
28.9,31.4,-2.5,Fraca,Fraca,Fraca vs Fraca,1.38,1.66,-0.28,0.83,1.05,-0.22000000000000008,1482.39,1500.0,-17.6099999999999,3x1,3,1,2,4,H
73.4,31.4,42.00000000000001,Forte,Fraca,Forte vs Fraca,1.98,1.66,0.32000000000000006,0.46,1.05,-0.5900000000000001,1736.56,1500.0,236.55999999999995,2x0,2,0,2,2,H
31.4,31.4,0.0,Fraca,Fraca,Fraca vs Fraca,1.66,1.66,0.0,1.05,1.05,0.0,1500.0,1500.0,0.0,1x0,1,0,1,1,H
31.4,31.4,0.0,Fraca,Fraca,Fraca vs Fraca,1.66,1.66,0.0,1.05,1.05,0.0,1500.0,1500.0,0.0,5x1,5,1,4,6,H
31.4,31.4,0.0,Fraca,Fraca,Fraca vs Fraca,1.66,1.66,0.0,1.05,1.05,0.0,1500.0,1500.0,0.0,2x4,2,4,-2,6,A
31.4,33.9,-2.5,Fraca,Fraca,Fraca vs Fraca,1.66,1.27,0.3899999999999999,1.05,1.14,-0.08999999999999986,1500.0,1529.71,-29.710000000000036,1x1,1,1,0,2,D
31.4,31.4,0.0,Fraca,Fraca,Fraca vs Fraca,1.66,1.66,0.0,1.05,1.05,0.0,1500.0,1500.0,0.0,0x4,0,4,-4,4,A
31.4,31.4,0.0,Fraca,Fraca,Fraca vs Fraca,1.66,1.66,0.0,1.05,1.05,0.0,1500.0,1500.0,0.0,3x0,3,0,3,3,H
31.4,31.4,0.0,Fraca,Fraca,Fraca vs Fraca,1.66,1.66,0.0,1.05,1.05,0.0,1500.0,1500.0,0.0,1x2,1,2,-1,3,A
31.4,31.4,0.0,Fraca,Fraca,Fraca vs Fraca,1.66,1.66,0.0,1.05,1.05,0.0,1500.0,1500.0,0.0,1x0,1,0,1,1,H
31.4,31.4,0.0,Fraca,Fraca,Fraca vs Fraca,1.66,1.66,0.0,1.05,1.05,0.0,1500.0,1500.0,0.0,2x0,2,0,2,2,H
31.4,31.4,0.0,Fraca,Fraca,Fraca vs Fraca,1.66,1.66,0.0,1.05,1.05,0.0,1500.0,1500.0,0.0,0x0,0,0,0,0,D
31.4,24.6,6.799999999999997,Fraca,Fraca,Fraca vs Fraca,1.66,1.27,0.3899999999999999,1.05,1.13,-0.07999999999999985,1500.0,1470.0,30.0,0x3,0,3,-3,3,A
31.4,31.4,0.0,Fraca,Fraca,Fraca vs Fraca,1.66,1.66,0.0,1.05,1.05,0.0,1500.0,1500.0,0.0,2x2,2,2,0,4,D
35.0,31.4,3.6000000000000014,Fraca,Fraca,Fraca vs Fraca,1.67,1.66,0.010000000000000009,1.26,1.05,0.20999999999999996,1532.04,1500.0,32.039999999999964,2x0,2,0,2,2,H
31.4,31.4,0.0,Fraca,Fraca,Fraca vs Fraca,1.66,1.66,0.0,1.05,1.05,0.0,1500.0,1500.0,0.0,1x5,1,5,-4,6,A
89.0,31.4,57.6,Muito Forte,Fraca,Muito Forte vs Fraca,2.18,1.66,0.5200000000000002,0.58,1.05,-0.4700000000000001,1834.12,1500.0,334.1199999999999,3x0,3,0,3,3,H
31.4,31.4,0.0,Fraca,Fraca,Fraca vs Fraca,1.66,1.66,0.0,1.05,1.05,0.0,1500.0,1500.0,0.0,3x0,3,0,3,3,H
62.3,42.6,19.699999999999996,Forte,Média,Forte vs Média,1.95,1.88,0.07000000000000006,0.86,0.89,-0.030000000000000027,1681.88,1559.15,122.73000000000002,1x2,1,2,-1,3,A
36.3,59.0,-22.700000000000003,Fraca,Média,Fraca vs Média,1.61,1.42,0.19000000000000017,1.23,0.9,0.32999999999999996,1540.43,1675.75,-135.31999999999994,1x2,1,2,-1,3,A
92.6,65.6,27.0,Muito Forte,Forte,Muito Forte vs Forte,2.17,1.75,0.41999999999999993,0.88,1.07,-0.19000000000000006,1870.0,1716.88,153.1199999999999,2x0,2,0,2,2,H
67.7,64.4,3.299999999999997,Forte,Forte,Forte vs Forte,2.21,1.9,0.31000000000000005,1.21,0.99,0.21999999999999997,1724.15,1702.06,22.090000000000146,3x3,3,3,0,6,D
77.0,51.6,25.4,Forte,Média,Forte vs Média,2.45,1.9,0.5500000000000003,0.8,0.9,-0.09999999999999998,1760.38,1616.75,143.6300000000001,5x2,5,2,3,7,H
94.9,74.8,20.10000000000001,Muito Forte,Forte,Muito Forte vs Forte,2.33,2.36,-0.029999999999999805,0.79,0.99,-0.19999999999999996,1877.18,1756.27,120.91000000000008,3x3,3,3,0,6,D
70.2,36.7,33.5,Forte,Fraca,Forte vs Fraca,2.11,1.4,0.71,0.93,1.45,-0.5199999999999999,1730.71,1557.47,173.24,3x0,3,0,3,3,H
31.4,31.4,0.0,Fraca,Fraca,Fraca vs Fraca,1.66,1.66,0.0,1.05,1.05,0.0,1500.0,1500.0,0.0,0x3,0,3,-3,3,A
30.2,31.4,-1.1999999999999993,Fraca,Fraca,Fraca vs Fraca,1.42,1.66,-0.24,1.24,1.05,0.18999999999999995,1506.77,1500.0,6.769999999999982,0x3,0,3,-3,3,A
31.9,45.4,-13.5,Fraca,Média,Fraca vs Média,1.55,1.84,-0.29000000000000004,1.06,1.07,-0.010000000000000009,1506.34,1585.51,-79.17000000000007,2x0,2,0,2,2,H
31.4,31.4,0.0,Fraca,Fraca,Fraca vs Fraca,1.66,1.66,0.0,1.05,1.05,0.0,1500.0,1500.0,0.0,1x3,1,3,-2,4,A
28.6,31.4,-2.799999999999997,Fraca,Fraca,Fraca vs Fraca,1.1,1.66,-0.5599999999999998,1.13,1.05,0.07999999999999985,1500.0,1500.0,0.0,2x1,2,1,1,3,H
31.4,31.4,0.0,Fraca,Fraca,Fraca vs Fraca,1.66,1.66,0.0,1.05,1.05,0.0,1500.0,1500.0,0.0,1x0,1,0,1,1,H
31.4,31.4,0.0,Fraca,Fraca,Fraca vs Fraca,1.66,1.66,0.0,1.05,1.05,0.0,1500.0,1500.0,0.0,1x2,1,2,-1,3,A
31.4,14.3,17.099999999999998,Fraca,Muito Fraca,Fraca vs Muito Fraca,1.66,2.45,-0.7900000000000003,1.05,1.26,-0.20999999999999996,1500.0,1380.0,120.0,0x3,0,3,-3,3,A
31.4,31.4,0.0,Fraca,Fraca,Fraca vs Fraca,1.66,1.66,0.0,1.05,1.05,0.0,1500.0,1500.0,0.0,1x0,1,0,1,1,H
31.4,63.7,-32.300000000000004,Fraca,Forte,Fraca vs Forte,1.66,1.8,-0.14000000000000012,1.05,0.64,0.41000000000000003,1500.0,1684.86,-184.8599999999999,0x0,0,0,0,0,D
31.4,31.4,0.0,Fraca,Fraca,Fraca vs Fraca,1.66,1.66,0.0,1.05,1.05,0.0,1500.0,1500.0,0.0,0x5,0,5,-5,5,A
31.4,31.4,0.0,Fraca,Fraca,Fraca vs Fraca,1.66,1.66,0.0,1.05,1.05,0.0,1500.0,1500.0,0.0,2x1,2,1,1,3,H
31.4,31.4,0.0,Fraca,Fraca,Fraca vs Fraca,1.66,1.66,0.0,1.05,1.05,0.0,1500.0,1500.0,0.0,0x3,0,3,-3,3,A
33.9,31.4,2.5,Fraca,Fraca,Fraca vs Fraca,1.27,1.66,-0.3899999999999999,1.14,1.05,0.08999999999999986,1529.71,1500.0,29.710000000000036,3x1,3,1,2,4,H
31.4,31.4,0.0,Fraca,Fraca,Fraca vs Fraca,1.66,1.66,0.0,1.05,1.05,0.0,1500.0,1500.0,0.0,2x1,2,1,1,3,H
31.4,19.3,12.099999999999998,Fraca,Muito Fraca,Fraca vs Muito Fraca,1.66,1.4,0.26,1.05,1.17,-0.11999999999999988,1500.0,1435.0,65.0,0x7,0,7,-7,7,A
31.4,31.4,0.0,Fraca,Fraca,Fraca vs Fraca,1.66,1.66,0.0,1.05,1.05,0.0,1500.0,1500.0,0.0,3x2,3,2,1,5,H
31.4,14.8,16.599999999999998,Fraca,Muito Fraca,Fraca vs Muito Fraca,1.66,1.15,0.51,1.05,1.35,-0.30000000000000004,1500.0,1420.0,80.0,3x5,3,5,-2,8,A
31.4,19.0,12.399999999999999,Fraca,Muito Fraca,Fraca vs Muito Fraca,1.66,1.27,0.3899999999999999,1.05,1.26,-0.20999999999999996,1500.0,1440.0,60.0,1x1,1,1,0,2,D
31.4,8.1,23.299999999999997,Fraca,Muito Fraca,Fraca vs Muito Fraca,1.66,1.59,0.06999999999999984,1.05,1.44,-0.3899999999999999,1500.0,1370.0,130.0,1x2,1,2,-1,3,A
24.7,55.2,-30.500000000000004,Fraca,Média,Fraca vs Média,1.09,1.77,-0.6799999999999999,1.24,1.18,0.06000000000000005,1480.0,1654.69,-174.69000000000005,1x1,1,1,0,2,D
31.4,31.4,0.0,Fraca,Fraca,Fraca vs Fraca,1.66,1.66,0.0,1.05,1.05,0.0,1500.0,1500.0,0.0,2x0,2,0,2,2,H
45.4,20.9,24.5,Média,Fraca,Média vs Fraca,1.16,0.98,0.17999999999999994,0.8,1.4,-0.5999999999999999,1591.73,1465.22,126.50999999999999,2x1,2,1,1,3,H
58.7,95.2,-36.5,Média,Muito Forte,Média vs Muito Forte,1.34,2.06,-0.72,0.82,0.45,0.36999999999999994,1672.62,1873.33,-200.71000000000004,0x1,0,1,-1,1,A
31.4,31.4,0.0,Fraca,Fraca,Fraca vs Fraca,1.66,1.66,0.0,1.05,1.05,0.0,1500.0,1500.0,0.0,3x0,3,0,3,3,H
31.4,31.4,0.0,Fraca,Fraca,Fraca vs Fraca,1.66,1.66,0.0,1.05,1.05,0.0,1500.0,1500.0,0.0,7x0,7,0,7,7,H
31.4,31.4,0.0,Fraca,Fraca,Fraca vs Fraca,1.66,1.66,0.0,1.05,1.05,0.0,1500.0,1500.0,0.0,4x1,4,1,3,5,H
31.4,42.3,-10.899999999999999,Fraca,Média,Fraca vs Média,1.66,1.56,0.09999999999999987,1.05,0.69,0.3600000000000001,1500.0,1556.72,-56.72000000000003,0x2,0,2,-2,2,A
31.4,44.7,-13.300000000000004,Fraca,Média,Fraca vs Média,1.66,1.56,0.09999999999999987,1.05,0.91,0.14,1500.0,1581.56,-81.55999999999995,0x2,0,2,-2,2,A
31.4,31.4,0.0,Fraca,Fraca,Fraca vs Fraca,1.66,1.66,0.0,1.05,1.05,0.0,1500.0,1500.0,0.0,0x3,0,3,-3,3,A
73.4,31.4,42.00000000000001,Forte,Fraca,Forte vs Fraca,1.98,1.66,0.32000000000000006,0.46,1.05,-0.5900000000000001,1736.56,1500.0,236.55999999999995,2x1,2,1,1,3,H
31.4,31.4,0.0,Fraca,Fraca,Fraca vs Fraca,1.66,1.66,0.0,1.05,1.05,0.0,1500.0,1500.0,0.0,0x1,0,1,-1,1,A
31.4,31.4,0.0,Fraca,Fraca,Fraca vs Fraca,1.66,1.66,0.0,1.05,1.05,0.0,1500.0,1500.0,0.0,1x3,1,3,-2,4,A
24.6,31.4,-6.799999999999997,Fraca,Fraca,Fraca vs Fraca,1.27,1.66,-0.3899999999999999,1.13,1.05,0.07999999999999985,1470.0,1500.0,-30.0,5x0,5,0,5,5,H
31.4,31.4,0.0,Fraca,Fraca,Fraca vs Fraca,1.66,1.66,0.0,1.05,1.05,0.0,1500.0,1500.0,0.0,0x1,0,1,-1,1,A
35.0,31.4,3.6000000000000014,Fraca,Fraca,Fraca vs Fraca,1.67,1.66,0.010000000000000009,1.26,1.05,0.20999999999999996,1532.04,1500.0,32.039999999999964,1x0,1,0,1,1,H
31.4,31.4,0.0,Fraca,Fraca,Fraca vs Fraca,1.66,1.66,0.0,1.05,1.05,0.0,1500.0,1500.0,0.0,0x1,0,1,-1,1,A
89.0,31.4,57.6,Muito Forte,Fraca,Muito Forte vs Fraca,2.18,1.66,0.5200000000000002,0.58,1.05,-0.4700000000000001,1834.12,1500.0,334.1199999999999,2x0,2,0,2,2,H
42.6,59.0,-16.4,Média,Média,Média vs Média,1.88,1.42,0.45999999999999996,0.89,0.9,-0.010000000000000009,1559.15,1675.75,-116.59999999999991,0x2,0,2,-2,2,A
62.3,36.3,26.0,Forte,Fraca,Forte vs Fraca,1.95,1.61,0.33999999999999986,0.86,1.23,-0.37,1681.88,1540.43,141.45000000000005,0x1,0,1,-1,1,A
65.6,92.6,-27.0,Forte,Muito Forte,Forte vs Muito Forte,1.75,2.17,-0.41999999999999993,1.07,0.88,0.19000000000000006,1716.88,1870.0,-153.1199999999999,2x0,2,0,2,2,H
51.6,77.0,-25.4,Média,Forte,Média vs Forte,1.9,2.45,-0.5500000000000003,0.9,0.8,0.09999999999999998,1616.75,1760.38,-143.6300000000001,1x0,1,0,1,1,H
64.4,67.7,-3.299999999999997,Forte,Forte,Forte vs Forte,1.9,2.21,-0.31000000000000005,0.99,1.21,-0.21999999999999997,1702.06,1724.15,-22.090000000000146,1x2,1,2,-1,3,A
74.8,94.9,-20.10000000000001,Forte,Muito Forte,Forte vs Muito Forte,2.36,2.33,0.029999999999999805,0.99,0.79,0.19999999999999996,1756.27,1877.18,-120.91000000000008,2x2,2,2,0,4,D
45.4,31.9,13.5,Média,Fraca,Média vs Fraca,1.84,1.55,0.29000000000000004,1.07,1.06,0.010000000000000009,1585.51,1506.34,79.17000000000007,1x1,1,1,0,2,D
31.4,30.2,1.1999999999999993,Fraca,Fraca,Fraca vs Fraca,1.66,1.42,0.24,1.05,1.24,-0.18999999999999995,1500.0,1506.77,-6.769999999999982,0x1,0,1,-1,1,A
31.4,31.4,0.0,Fraca,Fraca,Fraca vs Fraca,1.66,1.66,0.0,1.05,1.05,0.0,1500.0,1500.0,0.0,3x1,3,1,2,4,H
36.7,70.2,-33.5,Fraca,Forte,Fraca vs Forte,1.4,2.11,-0.71,1.45,0.93,0.5199999999999999,1557.47,1730.71,-173.24,3x1,3,1,2,4,H
31.4,28.6,2.799999999999997,Fraca,Fraca,Fraca vs Fraca,1.66,1.1,0.5599999999999998,1.05,1.13,-0.07999999999999985,1500.0,1500.0,0.0,1x2,1,2,-1,3,A
31.4,31.4,0.0,Fraca,Fraca,Fraca vs Fraca,1.66,1.66,0.0,1.05,1.05,0.0,1500.0,1500.0,0.0,2x1,2,1,1,3,H
31.4,31.4,0.0,Fraca,Fraca,Fraca vs Fraca,1.66,1.66,0.0,1.05,1.05,0.0,1500.0,1500.0,0.0,0x0,0,0,0,0,D
27.4,20.8,6.599999999999998,Fraca,Fraca,Fraca vs Fraca,0.87,1.06,-0.19000000000000006,1.2,1.22,-0.020000000000000018,1501.5,1455.0,46.5,1x0,1,0,1,1,H
21.3,8.1,13.200000000000001,Fraca,Muito Fraca,Fraca vs Muito Fraca,0.89,0.92,-0.030000000000000027,1.15,1.98,-0.8300000000000001,1460.0,1410.0,50.0,3x1,3,1,2,4,H
75.4,63.9,11.500000000000007,Forte,Forte,Forte vs Forte,1.94,1.62,0.31999999999999984,0.74,0.88,-0.14,1760.46,1701.3,59.16000000000008,2x1,2,1,1,3,H
53.5,31.4,22.1,Média,Fraca,Média vs Fraca,2.07,1.66,0.4099999999999999,0.73,1.05,-0.32000000000000006,1617.02,1500.0,117.01999999999998,2x0,2,0,2,2,H
31.4,31.4,0.0,Fraca,Fraca,Fraca vs Fraca,1.66,1.66,0.0,1.05,1.05,0.0,1500.0,1500.0,0.0,1x0,1,0,1,1,H
31.4,31.4,0.0,Fraca,Fraca,Fraca vs Fraca,1.66,1.66,0.0,1.05,1.05,0.0,1500.0,1500.0,0.0,5x1,5,1,4,6,H
49.1,31.4,17.700000000000003,Média,Fraca,Média vs Fraca,2.0,1.66,0.3400000000000001,0.93,1.05,-0.12,1599.45,1500.0,99.45000000000005,1x1,1,1,0,2,D
31.4,31.4,0.0,Fraca,Fraca,Fraca vs Fraca,1.66,1.66,0.0,1.05,1.05,0.0,1500.0,1500.0,0.0,2x2,2,2,0,4,D
31.4,31.4,0.0,Fraca,Fraca,Fraca vs Fraca,1.66,1.66,0.0,1.05,1.05,0.0,1500.0,1500.0,0.0,3x1,3,1,2,4,H
61.5,31.4,30.1,Forte,Fraca,Forte vs Fraca,2.67,1.66,1.01,0.67,1.05,-0.38,1650.12,1500.0,150.1199999999999,2x0,2,0,2,2,H
45.4,31.4,14.0,Média,Fraca,Média vs Fraca,1.77,1.66,0.1100000000000001,0.75,1.05,-0.30000000000000004,1574.01,1500.0,74.00999999999999,5x1,5,1,4,6,H
31.4,31.4,0.0,Fraca,Fraca,Fraca vs Fraca,1.66,1.66,0.0,1.05,1.05,0.0,1500.0,1500.0,0.0,1x0,1,0,1,1,H
31.4,31.4,0.0,Fraca,Fraca,Fraca vs Fraca,1.66,1.66,0.0,1.05,1.05,0.0,1500.0,1500.0,0.0,3x3,3,3,0,6,D
31.4,31.4,0.0,Fraca,Fraca,Fraca vs Fraca,1.66,1.66,0.0,1.05,1.05,0.0,1500.0,1500.0,0.0,3x1,3,1,2,4,H
31.4,31.4,0.0,Fraca,Fraca,Fraca vs Fraca,1.66,1.66,0.0,1.05,1.05,0.0,1500.0,1500.0,0.0,0x3,0,3,-3,3,A
31.4,31.4,0.0,Fraca,Fraca,Fraca vs Fraca,1.66,1.66,0.0,1.05,1.05,0.0,1500.0,1500.0,0.0,4x0,4,0,4,4,H
31.4,31.4,0.0,Fraca,Fraca,Fraca vs Fraca,1.66,1.66,0.0,1.05,1.05,0.0,1500.0,1500.0,0.0,3x0,3,0,3,3,H
31.4,31.4,0.0,Fraca,Fraca,Fraca vs Fraca,1.66,1.66,0.0,1.05,1.05,0.0,1500.0,1500.0,0.0,2x1,2,1,1,3,H
31.4,28.9,2.5,Fraca,Fraca,Fraca vs Fraca,1.66,1.38,0.28,1.05,0.83,0.22000000000000008,1500.0,1482.39,17.6099999999999,0x0,0,0,0,0,D
31.4,31.4,0.0,Fraca,Fraca,Fraca vs Fraca,1.66,1.66,0.0,1.05,1.05,0.0,1500.0,1500.0,0.0,0x1,0,1,-1,1,A
31.4,31.4,0.0,Fraca,Fraca,Fraca vs Fraca,1.66,1.66,0.0,1.05,1.05,0.0,1500.0,1500.0,0.0,2x0,2,0,2,2,H
14.8,31.4,-16.599999999999998,Muito Fraca,Fraca,Muito Fraca vs Fraca,1.15,1.66,-0.51,1.35,1.05,0.30000000000000004,1420.0,1500.0,-80.0,1x2,1,2,-1,3,A
31.4,31.4,0.0,Fraca,Fraca,Fraca vs Fraca,1.66,1.66,0.0,1.05,1.05,0.0,1500.0,1500.0,0.0,1x1,1,1,0,2,D
31.4,31.4,0.0,Fraca,Fraca,Fraca vs Fraca,1.66,1.66,0.0,1.05,1.05,0.0,1500.0,1500.0,0.0,0x0,0,0,0,0,D
31.4,31.4,0.0,Fraca,Fraca,Fraca vs Fraca,1.66,1.66,0.0,1.05,1.05,0.0,1500.0,1500.0,0.0,0x0,0,0,0,0,D
19.0,8.1,10.9,Muito Fraca,Muito Fraca,Muito Fraca vs Muito Fraca,1.27,1.59,-0.32000000000000006,1.26,1.44,-0.17999999999999994,1440.0,1370.0,70.0,1x1,1,1,0,2,D
20.8,36.3,-15.499999999999996,Fraca,Fraca,Fraca vs Fraca,1.06,1.61,-0.55,1.22,1.23,-0.010000000000000009,1455.0,1540.43,-85.43000000000006,6x1,6,1,5,7,H
19.0,8.1,10.9,Muito Fraca,Muito Fraca,Muito Fraca vs Muito Fraca,1.27,1.59,-0.32000000000000006,1.26,1.44,-0.17999999999999994,1440.0,1370.0,70.0,1x0,1,0,1,1,H
62.3,19.3,43.0,Forte,Muito Fraca,Forte vs Muito Fraca,1.95,1.4,0.55,0.86,1.17,-0.30999999999999994,1681.88,1435.0,246.8800000000001,3x0,3,0,3,3,H
31.4,31.4,0.0,Fraca,Fraca,Fraca vs Fraca,1.66,1.66,0.0,1.05,1.05,0.0,1500.0,1500.0,0.0,0x0,0,0,0,0,D
62.3,20.9,41.4,Forte,Fraca,Forte vs Fraca,1.95,0.98,0.97,0.86,1.4,-0.5399999999999999,1681.88,1465.22,216.66000000000008,3x1,3,1,2,4,H
31.4,31.4,0.0,Fraca,Fraca,Fraca vs Fraca,1.66,1.66,0.0,1.05,1.05,0.0,1500.0,1500.0,0.0,2x1,2,1,1,3,H
31.4,31.4,0.0,Fraca,Fraca,Fraca vs Fraca,1.66,1.66,0.0,1.05,1.05,0.0,1500.0,1500.0,0.0,1x0,1,0,1,1,H
31.4,31.4,0.0,Fraca,Fraca,Fraca vs Fraca,1.66,1.66,0.0,1.05,1.05,0.0,1500.0,1500.0,0.0,0x2,0,2,-2,2,A
31.4,31.4,0.0,Fraca,Fraca,Fraca vs Fraca,1.66,1.66,0.0,1.05,1.05,0.0,1500.0,1500.0,0.0,0x2,0,2,-2,2,A
31.4,31.4,0.0,Fraca,Fraca,Fraca vs Fraca,1.66,1.66,0.0,1.05,1.05,0.0,1500.0,1500.0,0.0,0x1,0,1,-1,1,A
31.4,31.4,0.0,Fraca,Fraca,Fraca vs Fraca,1.66,1.66,0.0,1.05,1.05,0.0,1500.0,1500.0,0.0,2x3,2,3,-1,5,A
31.4,31.4,0.0,Fraca,Fraca,Fraca vs Fraca,1.66,1.66,0.0,1.05,1.05,0.0,1500.0,1500.0,0.0,1x2,1,2,-1,3,A
31.4,31.4,0.0,Fraca,Fraca,Fraca vs Fraca,1.66,1.66,0.0,1.05,1.05,0.0,1500.0,1500.0,0.0,1x1,1,1,0,2,D
31.4,31.4,0.0,Fraca,Fraca,Fraca vs Fraca,1.66,1.66,0.0,1.05,1.05,0.0,1500.0,1500.0,0.0,2x1,2,1,1,3,H
31.4,31.4,0.0,Fraca,Fraca,Fraca vs Fraca,1.66,1.66,0.0,1.05,1.05,0.0,1500.0,1500.0,0.0,2x1,2,1,1,3,H
31.4,31.4,0.0,Fraca,Fraca,Fraca vs Fraca,1.66,1.66,0.0,1.05,1.05,0.0,1500.0,1500.0,0.0,3x1,3,1,2,4,H
31.4,31.4,0.0,Fraca,Fraca,Fraca vs Fraca,1.66,1.66,0.0,1.05,1.05,0.0,1500.0,1500.0,0.0,3x1,3,1,2,4,H
31.4,31.4,0.0,Fraca,Fraca,Fraca vs Fraca,1.66,1.66,0.0,1.05,1.05,0.0,1500.0,1500.0,0.0,1x3,1,3,-2,4,A
31.4,31.4,0.0,Fraca,Fraca,Fraca vs Fraca,1.66,1.66,0.0,1.05,1.05,0.0,1500.0,1500.0,0.0,2x1,2,1,1,3,H
31.4,31.4,0.0,Fraca,Fraca,Fraca vs Fraca,1.66,1.66,0.0,1.05,1.05,0.0,1500.0,1500.0,0.0,1x1,1,1,0,2,D
31.4,31.4,0.0,Fraca,Fraca,Fraca vs Fraca,1.66,1.66,0.0,1.05,1.05,0.0,1500.0,1500.0,0.0,1x1,1,1,0,2,D
31.4,31.4,0.0,Fraca,Fraca,Fraca vs Fraca,1.66,1.66,0.0,1.05,1.05,0.0,1500.0,1500.0,0.0,0x2,0,2,-2,2,A
31.4,31.4,0.0,Fraca,Fraca,Fraca vs Fraca,1.66,1.66,0.0,1.05,1.05,0.0,1500.0,1500.0,0.0,2x3,2,3,-1,5,A
31.4,31.4,0.0,Fraca,Fraca,Fraca vs Fraca,1.66,1.66,0.0,1.05,1.05,0.0,1500.0,1500.0,0.0,2x0,2,0,2,2,H
31.4,31.4,0.0,Fraca,Fraca,Fraca vs Fraca,1.66,1.66,0.0,1.05,1.05,0.0,1500.0,1500.0,0.0,2x1,2,1,1,3,H
31.4,31.4,0.0,Fraca,Fraca,Fraca vs Fraca,1.66,1.66,0.0,1.05,1.05,0.0,1500.0,1500.0,0.0,2x1,2,1,1,3,H
31.4,31.4,0.0,Fraca,Fraca,Fraca vs Fraca,1.66,1.66,0.0,1.05,1.05,0.0,1500.0,1500.0,0.0,1x0,1,0,1,1,H
31.4,31.4,0.0,Fraca,Fraca,Fraca vs Fraca,1.66,1.66,0.0,1.05,1.05,0.0,1500.0,1500.0,0.0,2x3,2,3,-1,5,A
31.4,31.4,0.0,Fraca,Fraca,Fraca vs Fraca,1.66,1.66,0.0,1.05,1.05,0.0,1500.0,1500.0,0.0,5x0,5,0,5,5,H
31.4,31.4,0.0,Fraca,Fraca,Fraca vs Fraca,1.66,1.66,0.0,1.05,1.05,0.0,1500.0,1500.0,0.0,0x1,0,1,-1,1,A
31.4,31.4,0.0,Fraca,Fraca,Fraca vs Fraca,1.66,1.66,0.0,1.05,1.05,0.0,1500.0,1500.0,0.0,1x1,1,1,0,2,D
31.4,31.4,0.0,Fraca,Fraca,Fraca vs Fraca,1.66,1.66,0.0,1.05,1.05,0.0,1500.0,1500.0,0.0,1x1,1,1,0,2,D
31.4,31.4,0.0,Fraca,Fraca,Fraca vs Fraca,1.66,1.66,0.0,1.05,1.05,0.0,1500.0,1500.0,0.0,1x3,1,3,-2,4,A
31.4,31.4,0.0,Fraca,Fraca,Fraca vs Fraca,1.66,1.66,0.0,1.05,1.05,0.0,1500.0,1500.0,0.0,3x2,3,2,1,5,H
31.4,31.4,0.0,Fraca,Fraca,Fraca vs Fraca,1.66,1.66,0.0,1.05,1.05,0.0,1500.0,1500.0,0.0,1x1,1,1,0,2,D
31.4,31.4,0.0,Fraca,Fraca,Fraca vs Fraca,1.66,1.66,0.0,1.05,1.05,0.0,1500.0,1500.0,0.0,2x3,2,3,-1,5,A
31.4,31.4,0.0,Fraca,Fraca,Fraca vs Fraca,1.66,1.66,0.0,1.05,1.05,0.0,1500.0,1500.0,0.0,2x4,2,4,-2,6,A
31.4,31.4,0.0,Fraca,Fraca,Fraca vs Fraca,1.66,1.66,0.0,1.05,1.05,0.0,1500.0,1500.0,0.0,1x1,1,1,0,2,D
31.4,31.4,0.0,Fraca,Fraca,Fraca vs Fraca,1.66,1.66,0.0,1.05,1.05,0.0,1500.0,1500.0,0.0,1x0,1,0,1,1,H
31.4,31.4,0.0,Fraca,Fraca,Fraca vs Fraca,1.66,1.66,0.0,1.05,1.05,0.0,1500.0,1500.0,0.0,1x1,1,1,0,2,D
31.4,31.4,0.0,Fraca,Fraca,Fraca vs Fraca,1.66,1.66,0.0,1.05,1.05,0.0,1500.0,1500.0,0.0,1x0,1,0,1,1,H
31.4,31.4,0.0,Fraca,Fraca,Fraca vs Fraca,1.66,1.66,0.0,1.05,1.05,0.0,1500.0,1500.0,0.0,1x1,1,1,0,2,D
31.4,31.4,0.0,Fraca,Fraca,Fraca vs Fraca,1.66,1.66,0.0,1.05,1.05,0.0,1500.0,1500.0,0.0,3x3,3,3,0,6,D
31.4,31.4,0.0,Fraca,Fraca,Fraca vs Fraca,1.66,1.66,0.0,1.05,1.05,0.0,1500.0,1500.0,0.0,1x1,1,1,0,2,D
31.4,31.4,0.0,Fraca,Fraca,Fraca vs Fraca,1.66,1.66,0.0,1.05,1.05,0.0,1500.0,1500.0,0.0,0x1,0,1,-1,1,A
31.4,31.4,0.0,Fraca,Fraca,Fraca vs Fraca,1.66,1.66,0.0,1.05,1.05,0.0,1500.0,1500.0,0.0,1x4,1,4,-3,5,A
31.4,31.4,0.0,Fraca,Fraca,Fraca vs Fraca,1.66,1.66,0.0,1.05,1.05,0.0,1500.0,1500.0,0.0,4x1,4,1,3,5,H
31.4,31.4,0.0,Fraca,Fraca,Fraca vs Fraca,1.66,1.66,0.0,1.05,1.05,0.0,1500.0,1500.0,0.0,0x10,0,10,-10,10,A
31.4,74.8,-43.4,Fraca,Forte,Fraca vs Forte,1.66,2.36,-0.7,1.05,0.99,0.06000000000000005,1500.0,1756.27,-256.27,1x1,1,1,0,2,D
31.4,67.7,-36.300000000000004,Fraca,Forte,Fraca vs Forte,1.66,2.21,-0.55,1.05,1.21,-0.15999999999999992,1500.0,1724.15,-224.1500000000001,1x1,1,1,0,2,D
31.4,36.7,-5.300000000000004,Fraca,Fraca,Fraca vs Fraca,1.66,1.4,0.26,1.05,1.45,-0.3999999999999999,1500.0,1557.47,-57.47000000000003,1x2,1,2,-1,3,A
31.4,31.4,0.0,Fraca,Fraca,Fraca vs Fraca,1.66,1.66,0.0,1.05,1.05,0.0,1500.0,1500.0,0.0,2x1,2,1,1,3,H
33.9,31.4,2.5,Fraca,Fraca,Fraca vs Fraca,1.27,1.66,-0.3899999999999999,1.14,1.05,0.08999999999999986,1529.71,1500.0,29.710000000000036,4x1,4,1,3,5,H
31.4,31.4,0.0,Fraca,Fraca,Fraca vs Fraca,1.66,1.66,0.0,1.05,1.05,0.0,1500.0,1500.0,0.0,3x1,3,1,2,4,H
31.4,31.4,0.0,Fraca,Fraca,Fraca vs Fraca,1.66,1.66,0.0,1.05,1.05,0.0,1500.0,1500.0,0.0,1x0,1,0,1,1,H
31.4,31.4,0.0,Fraca,Fraca,Fraca vs Fraca,1.66,1.66,0.0,1.05,1.05,0.0,1500.0,1500.0,0.0,6x0,6,0,6,6,H
42.6,31.4,11.200000000000003,Média,Fraca,Média vs Fraca,1.88,1.66,0.21999999999999997,0.89,1.05,-0.16000000000000003,1559.15,1500.0,59.15000000000009,3x0,3,0,3,3,H
59.0,14.8,44.2,Média,Muito Fraca,Média vs Muito Fraca,1.42,1.15,0.27,0.9,1.35,-0.45000000000000007,1675.75,1420.0,255.75,4x0,4,0,4,4,H
31.4,31.4,0.0,Fraca,Fraca,Fraca vs Fraca,1.66,1.66,0.0,1.05,1.05,0.0,1500.0,1500.0,0.0,2x3,2,3,-1,5,A
31.4,31.4,0.0,Fraca,Fraca,Fraca vs Fraca,1.66,1.66,0.0,1.05,1.05,0.0,1500.0,1500.0,0.0,4x0,4,0,4,4,H
8.1,27.4,-19.299999999999997,Muito Fraca,Fraca,Muito Fraca vs Fraca,0.92,0.87,0.050000000000000044,1.98,1.2,0.78,1410.0,1501.5,-91.5,2x2,2,2,0,4,D
63.9,45.4,18.5,Forte,Média,Forte vs Média,1.62,1.16,0.4600000000000002,0.88,0.8,0.07999999999999996,1701.3,1591.73,109.56999999999994,0x1,0,1,-1,1,A
95.2,21.3,73.9,Muito Forte,Fraca,Muito Forte vs Fraca,2.06,0.89,1.17,0.45,1.15,-0.7,1873.33,1460.0,413.3299999999999,1x0,1,0,1,1,H
20.8,20.9,-0.09999999999999787,Fraca,Fraca,Fraca vs Fraca,1.06,0.98,0.08000000000000007,1.22,1.4,-0.17999999999999994,1455.0,1465.22,-10.220000000000027,4x2,4,2,2,6,H
75.4,58.7,16.700000000000003,Forte,Média,Forte vs Média,1.94,1.34,0.5999999999999999,0.74,0.82,-0.07999999999999996,1760.46,1672.62,87.84000000000015,1x1,1,1,0,2,D
31.4,31.4,0.0,Fraca,Fraca,Fraca vs Fraca,1.66,1.66,0.0,1.05,1.05,0.0,1500.0,1500.0,0.0,0x1,0,1,-1,1,A
31.4,53.5,-22.1,Fraca,Média,Fraca vs Média,1.66,2.07,-0.4099999999999999,1.05,0.73,0.32000000000000006,1500.0,1617.02,-117.01999999999998,2x3,2,3,-1,5,A
31.4,31.4,0.0,Fraca,Fraca,Fraca vs Fraca,1.66,1.66,0.0,1.05,1.05,0.0,1500.0,1500.0,0.0,5x0,5,0,5,5,H
31.4,49.1,-17.700000000000003,Fraca,Média,Fraca vs Média,1.66,2.0,-0.3400000000000001,1.05,0.93,0.12,1500.0,1599.45,-99.45000000000005,1x1,1,1,0,2,D
31.4,31.4,0.0,Fraca,Fraca,Fraca vs Fraca,1.66,1.66,0.0,1.05,1.05,0.0,1500.0,1500.0,0.0,0x1,0,1,-1,1,A
31.4,31.4,0.0,Fraca,Fraca,Fraca vs Fraca,1.66,1.66,0.0,1.05,1.05,0.0,1500.0,1500.0,0.0,1x1,1,1,0,2,D
31.4,45.4,-14.0,Fraca,Média,Fraca vs Média,1.66,1.77,-0.1100000000000001,1.05,0.75,0.30000000000000004,1500.0,1574.01,-74.00999999999999,2x2,2,2,0,4,D
31.4,31.4,0.0,Fraca,Fraca,Fraca vs Fraca,1.66,1.66,0.0,1.05,1.05,0.0,1500.0,1500.0,0.0,2x0,2,0,2,2,H
31.4,61.5,-30.1,Fraca,Forte,Fraca vs Forte,1.66,2.67,-1.01,1.05,0.67,0.38,1500.0,1650.12,-150.1199999999999,1x3,1,3,-2,4,A
42.3,31.4,10.899999999999999,Média,Fraca,Média vs Fraca,1.56,1.66,-0.09999999999999987,0.69,1.05,-0.3600000000000001,1556.72,1500.0,56.72000000000003,1x1,1,1,0,2,D
31.4,31.4,0.0,Fraca,Fraca,Fraca vs Fraca,1.66,1.66,0.0,1.05,1.05,0.0,1500.0,1500.0,0.0,4x0,4,0,4,4,H
31.4,31.4,0.0,Fraca,Fraca,Fraca vs Fraca,1.66,1.66,0.0,1.05,1.05,0.0,1500.0,1500.0,0.0,0x2,0,2,-2,2,A
31.4,31.4,0.0,Fraca,Fraca,Fraca vs Fraca,1.66,1.66,0.0,1.05,1.05,0.0,1500.0,1500.0,0.0,6x0,6,0,6,6,H
28.9,31.4,-2.5,Fraca,Fraca,Fraca vs Fraca,1.38,1.66,-0.28,0.83,1.05,-0.22000000000000008,1482.39,1500.0,-17.6099999999999,2x1,2,1,1,3,H
31.4,31.4,0.0,Fraca,Fraca,Fraca vs Fraca,1.66,1.66,0.0,1.05,1.05,0.0,1500.0,1500.0,0.0,0x0,0,0,0,0,D
31.4,31.4,0.0,Fraca,Fraca,Fraca vs Fraca,1.66,1.66,0.0,1.05,1.05,0.0,1500.0,1500.0,0.0,3x0,3,0,3,3,H
31.4,31.4,0.0,Fraca,Fraca,Fraca vs Fraca,1.66,1.66,0.0,1.05,1.05,0.0,1500.0,1500.0,0.0,0x1,0,1,-1,1,A
63.7,31.4,32.300000000000004,Forte,Fraca,Forte vs Fraca,1.8,1.66,0.14000000000000012,0.64,1.05,-0.41000000000000003,1684.86,1500.0,184.8599999999999,2x0,2,0,2,2,H
65.6,77.0,-11.400000000000006,Forte,Forte,Forte vs Forte,1.75,2.45,-0.7000000000000002,1.07,0.8,0.27,1716.88,1760.38,-43.5,1x1,1,1,0,2,D
35.0,30.2,4.800000000000001,Fraca,Fraca,Fraca vs Fraca,1.67,1.42,0.25,1.26,1.24,0.020000000000000018,1532.04,1506.77,25.269999999999982,1x2,1,2,-1,3,A
31.9,51.6,-19.700000000000003,Fraca,Média,Fraca vs Média,1.55,1.9,-0.34999999999999987,1.06,0.9,0.16000000000000003,1506.34,1616.75,-110.41000000000008,0x0,0,0,0,0,D
94.9,55.2,39.7,Muito Forte,Média,Muito Forte vs Média,2.33,1.77,0.56,0.79,1.18,-0.3899999999999999,1877.18,1654.69,222.49,3x2,3,2,1,5,H
31.4,31.4,0.0,Fraca,Fraca,Fraca vs Fraca,1.66,1.66,0.0,1.05,1.05,0.0,1500.0,1500.0,0.0,4x1,4,1,3,5,H
31.4,24.7,6.699999999999999,Fraca,Fraca,Fraca vs Fraca,1.66,1.09,0.5699999999999998,1.05,1.24,-0.18999999999999995,1500.0,1480.0,20.0,2x2,2,2,0,4,D
31.4,31.4,0.0,Fraca,Fraca,Fraca vs Fraca,1.66,1.66,0.0,1.05,1.05,0.0,1500.0,1500.0,0.0,1x1,1,1,0,2,D
31.4,31.4,0.0,Fraca,Fraca,Fraca vs Fraca,1.66,1.66,0.0,1.05,1.05,0.0,1500.0,1500.0,0.0,1x4,1,4,-3,5,A
31.4,14.3,17.099999999999998,Fraca,Muito Fraca,Fraca vs Muito Fraca,1.66,2.45,-0.7900000000000003,1.05,1.26,-0.20999999999999996,1500.0,1380.0,120.0,0x3,0,3,-3,3,A
31.4,31.4,0.0,Fraca,Fraca,Fraca vs Fraca,1.66,1.66,0.0,1.05,1.05,0.0,1500.0,1500.0,0.0,4x0,4,0,4,4,H
36.3,19.3,16.999999999999996,Fraca,Muito Fraca,Fraca vs Muito Fraca,1.61,1.4,0.2100000000000002,1.23,1.17,0.06000000000000005,1540.43,1435.0,105.43000000000006,2x2,2,2,0,4,D
62.3,19.0,43.3,Forte,Muito Fraca,Forte vs Muito Fraca,1.95,1.27,0.6799999999999999,0.86,1.26,-0.4,1681.88,1440.0,241.8800000000001,4x2,4,2,2,6,H
31.4,31.4,0.0,Fraca,Fraca,Fraca vs Fraca,1.66,1.66,0.0,1.05,1.05,0.0,1500.0,1500.0,0.0,1x1,1,1,0,2,D
31.4,31.4,0.0,Fraca,Fraca,Fraca vs Fraca,1.66,1.66,0.0,1.05,1.05,0.0,1500.0,1500.0,0.0,2x0,2,0,2,2,H
31.4,31.4,0.0,Fraca,Fraca,Fraca vs Fraca,1.66,1.66,0.0,1.05,1.05,0.0,1500.0,1500.0,0.0,8x0,8,0,8,8,H
31.4,31.4,0.0,Fraca,Fraca,Fraca vs Fraca,1.66,1.66,0.0,1.05,1.05,0.0,1500.0,1500.0,0.0,0x1,0,1,-1,1,A
73.4,31.4,42.00000000000001,Forte,Fraca,Forte vs Fraca,1.98,1.66,0.32000000000000006,0.46,1.05,-0.5900000000000001,1736.56,1500.0,236.55999999999995,7x0,7,0,7,7,H
44.7,31.4,13.300000000000004,Média,Fraca,Média vs Fraca,1.56,1.66,-0.09999999999999987,0.91,1.05,-0.14,1581.56,1500.0,81.55999999999995,1x2,1,2,-1,3,A
24.6,31.4,-6.799999999999997,Fraca,Fraca,Fraca vs Fraca,1.27,1.66,-0.3899999999999999,1.13,1.05,0.07999999999999985,1470.0,1500.0,-30.0,1x2,1,2,-1,3,A
31.4,31.4,0.0,Fraca,Fraca,Fraca vs Fraca,1.66,1.66,0.0,1.05,1.05,0.0,1500.0,1500.0,0.0,3x0,3,0,3,3,H
31.4,70.2,-38.800000000000004,Fraca,Forte,Fraca vs Forte,1.66,2.11,-0.44999999999999996,1.05,0.93,0.12,1500.0,1730.71,-230.71000000000004,1x0,1,0,1,1,H
64.4,92.6,-28.19999999999999,Forte,Muito Forte,Forte vs Muito Forte,1.9,2.17,-0.27,0.99,0.88,0.10999999999999999,1702.06,1870.0,-167.94000000000005,1x3,1,3,-2,4,A
89.0,28.6,60.4,Muito Forte,Fraca,Muito Forte vs Fraca,2.18,1.1,1.08,0.58,1.13,-0.5499999999999999,1834.12,1500.0,334.1199999999999,5x0,5,0,5,5,H
31.4,31.4,0.0,Fraca,Fraca,Fraca vs Fraca,1.66,1.66,0.0,1.05,1.05,0.0,1500.0,1500.0,0.0,0x2,0,2,-2,2,A
31.4,31.4,0.0,Fraca,Fraca,Fraca vs Fraca,1.66,1.66,0.0,1.05,1.05,0.0,1500.0,1500.0,0.0,5x0,5,0,5,5,H
45.4,31.4,14.0,Média,Fraca,Média vs Fraca,1.84,1.66,0.18000000000000016,1.07,1.05,0.020000000000000018,1585.51,1500.0,85.50999999999999,1x1,1,1,0,2,D
31.4,31.4,0.0,Fraca,Fraca,Fraca vs Fraca,1.66,1.66,0.0,1.05,1.05,0.0,1500.0,1500.0,0.0,1x0,1,0,1,1,H
31.4,31.4,0.0,Fraca,Fraca,Fraca vs Fraca,1.66,1.66,0.0,1.05,1.05,0.0,1500.0,1500.0,0.0,1x0,1,0,1,1,H
31.4,31.4,0.0,Fraca,Fraca,Fraca vs Fraca,1.66,1.66,0.0,1.05,1.05,0.0,1500.0,1500.0,0.0,1x1,1,1,0,2,D
31.4,31.4,0.0,Fraca,Fraca,Fraca vs Fraca,1.66,1.66,0.0,1.05,1.05,0.0,1500.0,1500.0,0.0,1x1,1,1,0,2,D
31.4,31.4,0.0,Fraca,Fraca,Fraca vs Fraca,1.66,1.66,0.0,1.05,1.05,0.0,1500.0,1500.0,0.0,1x2,1,2,-1,3,A
31.4,31.4,0.0,Fraca,Fraca,Fraca vs Fraca,1.66,1.66,0.0,1.05,1.05,0.0,1500.0,1500.0,0.0,5x1,5,1,4,6,H
67.7,31.4,36.300000000000004,Forte,Fraca,Forte vs Fraca,2.21,1.66,0.55,1.21,1.05,0.15999999999999992,1724.15,1500.0,224.1500000000001,7x0,7,0,7,7,H
74.8,31.4,43.4,Forte,Fraca,Forte vs Fraca,2.36,1.66,0.7,0.99,1.05,-0.06000000000000005,1756.27,1500.0,256.27,4x0,4,0,4,4,H
31.4,31.4,0.0,Fraca,Fraca,Fraca vs Fraca,1.66,1.66,0.0,1.05,1.05,0.0,1500.0,1500.0,0.0,0x0,0,0,0,0,D
31.4,36.7,-5.300000000000004,Fraca,Fraca,Fraca vs Fraca,1.66,1.4,0.26,1.05,1.45,-0.3999999999999999,1500.0,1557.47,-57.47000000000003,1x1,1,1,0,2,D
31.4,31.4,0.0,Fraca,Fraca,Fraca vs Fraca,1.66,1.66,0.0,1.05,1.05,0.0,1500.0,1500.0,0.0,0x2,0,2,-2,2,A
31.4,33.9,-2.5,Fraca,Fraca,Fraca vs Fraca,1.66,1.27,0.3899999999999999,1.05,1.14,-0.08999999999999986,1500.0,1529.71,-29.710000000000036,0x0,0,0,0,0,D
31.4,31.4,0.0,Fraca,Fraca,Fraca vs Fraca,1.66,1.66,0.0,1.05,1.05,0.0,1500.0,1500.0,0.0,2x1,2,1,1,3,H
77.0,35.0,42.0,Forte,Fraca,Forte vs Fraca,2.45,1.67,0.7800000000000002,0.8,1.26,-0.45999999999999996,1760.38,1532.04,228.34000000000015,5x1,5,1,4,6,H
30.2,65.6,-35.39999999999999,Fraca,Forte,Fraca vs Forte,1.42,1.75,-0.33000000000000007,1.24,1.07,0.16999999999999993,1506.77,1716.88,-210.11000000000013,1x0,1,0,1,1,H
51.6,94.9,-43.300000000000004,Média,Muito Forte,Média vs Muito Forte,1.9,2.33,-0.43000000000000016,0.9,0.79,0.10999999999999999,1616.75,1877.18,-260.43000000000006,1x2,1,2,-1,3,A
55.2,31.9,23.300000000000004,Média,Fraca,Média vs Fraca,1.77,1.55,0.21999999999999997,1.18,1.06,0.11999999999999988,1654.69,1506.34,148.35000000000014,1x1,1,1,0,2,D
31.4,31.4,0.0,Fraca,Fraca,Fraca vs Fraca,1.66,1.66,0.0,1.05,1.05,0.0,1500.0,1500.0,0.0,0x0,0,0,0,0,D
24.7,31.4,-6.699999999999999,Fraca,Fraca,Fraca vs Fraca,1.09,1.66,-0.5699999999999998,1.24,1.05,0.18999999999999995,1480.0,1500.0,-20.0,2x0,2,0,2,2,H
31.4,31.4,0.0,Fraca,Fraca,Fraca vs Fraca,1.66,1.66,0.0,1.05,1.05,0.0,1500.0,1500.0,0.0,0x1,0,1,-1,1,A
31.4,31.4,0.0,Fraca,Fraca,Fraca vs Fraca,1.66,1.66,0.0,1.05,1.05,0.0,1500.0,1500.0,0.0,5x0,5,0,5,5,H
31.4,14.3,17.099999999999998,Fraca,Muito Fraca,Fraca vs Muito Fraca,1.66,2.45,-0.7900000000000003,1.05,1.26,-0.20999999999999996,1500.0,1380.0,120.0,0x8,0,8,-8,8,A
14.8,59.0,-44.2,Muito Fraca,Média,Muito Fraca vs Média,1.15,1.42,-0.27,1.35,0.9,0.45000000000000007,1420.0,1675.75,-255.75,2x0,2,0,2,2,H
31.4,42.6,-11.200000000000003,Fraca,Média,Fraca vs Média,1.66,1.88,-0.21999999999999997,1.05,0.89,0.16000000000000003,1500.0,1559.15,-59.15000000000009,0x1,0,1,-1,1,A
21.3,20.8,0.5,Fraca,Fraca,Fraca vs Fraca,0.89,1.06,-0.17000000000000004,1.15,1.22,-0.07000000000000006,1460.0,1455.0,5.0,0x0,0,0,0,0,D
58.7,63.9,-5.199999999999996,Média,Forte,Média vs Forte,1.34,1.62,-0.28,0.82,0.88,-0.06000000000000005,1672.62,1701.3,-28.680000000000064,3x2,3,2,1,5,H
31.4,31.4,0.0,Fraca,Fraca,Fraca vs Fraca,1.66,1.66,0.0,1.05,1.05,0.0,1500.0,1500.0,0.0,0x3,0,3,-3,3,A
31.4,31.4,0.0,Fraca,Fraca,Fraca vs Fraca,1.66,1.66,0.0,1.05,1.05,0.0,1500.0,1500.0,0.0,8x1,8,1,7,9,H
31.4,61.5,-30.1,Fraca,Forte,Fraca vs Forte,1.66,2.67,-1.01,1.05,0.67,0.38,1500.0,1650.12,-150.1199999999999,0x4,0,4,-4,4,A
31.4,73.4,-42.00000000000001,Fraca,Forte,Fraca vs Forte,1.66,1.98,-0.32000000000000006,1.05,0.46,0.5900000000000001,1500.0,1736.56,-236.55999999999995,1x5,1,5,-4,6,A
31.4,42.3,-10.899999999999999,Fraca,Média,Fraca vs Média,1.66,1.56,0.09999999999999987,1.05,0.69,0.3600000000000001,1500.0,1556.72,-56.72000000000003,1x1,1,1,0,2,D
31.4,24.6,6.799999999999997,Fraca,Fraca,Fraca vs Fraca,1.66,1.27,0.3899999999999999,1.05,1.13,-0.07999999999999985,1500.0,1470.0,30.0,1x1,1,1,0,2,D
31.4,31.4,0.0,Fraca,Fraca,Fraca vs Fraca,1.66,1.66,0.0,1.05,1.05,0.0,1500.0,1500.0,0.0,1x0,1,0,1,1,H
31.4,31.4,0.0,Fraca,Fraca,Fraca vs Fraca,1.66,1.66,0.0,1.05,1.05,0.0,1500.0,1500.0,0.0,0x1,0,1,-1,1,A
31.4,31.4,0.0,Fraca,Fraca,Fraca vs Fraca,1.66,1.66,0.0,1.05,1.05,0.0,1500.0,1500.0,0.0,1x1,1,1,0,2,D
31.4,31.4,0.0,Fraca,Fraca,Fraca vs Fraca,1.66,1.66,0.0,1.05,1.05,0.0,1500.0,1500.0,0.0,0x2,0,2,-2,2,A
70.2,64.4,5.799999999999997,Forte,Forte,Forte vs Forte,2.11,1.9,0.20999999999999996,0.93,0.99,-0.05999999999999994,1730.71,1702.06,28.65000000000009,0x1,0,1,-1,1,A
92.6,31.4,61.199999999999996,Muito Forte,Fraca,Muito Forte vs Fraca,2.17,1.66,0.51,0.88,1.05,-0.17000000000000004,1870.0,1500.0,370.0,0x0,0,0,0,0,D
28.6,31.4,-2.799999999999997,Fraca,Fraca,Fraca vs Fraca,1.1,1.66,-0.5599999999999998,1.13,1.05,0.07999999999999985,1500.0,1500.0,0.0,1x0,1,0,1,1,H
31.4,89.0,-57.6,Fraca,Muito Forte,Fraca vs Muito Forte,1.66,2.18,-0.5200000000000002,1.05,0.58,0.4700000000000001,1500.0,1834.12,-334.1199999999999,0x3,0,3,-3,3,A
31.4,45.4,-14.0,Fraca,Média,Fraca vs Média,1.66,1.84,-0.18000000000000016,1.05,1.07,-0.020000000000000018,1500.0,1585.51,-85.50999999999999,0x2,0,2,-2,2,A
31.4,31.4,0.0,Fraca,Fraca,Fraca vs Fraca,1.66,1.66,0.0,1.05,1.05,0.0,1500.0,1500.0,0.0,1x4,1,4,-3,5,A
31.4,31.4,0.0,Fraca,Fraca,Fraca vs Fraca,1.66,1.66,0.0,1.05,1.05,0.0,1500.0,1500.0,0.0,1x0,1,0,1,1,H
31.4,31.4,0.0,Fraca,Fraca,Fraca vs Fraca,1.66,1.66,0.0,1.05,1.05,0.0,1500.0,1500.0,0.0,1x0,1,0,1,1,H
31.4,31.4,0.0,Fraca,Fraca,Fraca vs Fraca,1.66,1.66,0.0,1.05,1.05,0.0,1500.0,1500.0,0.0,2x1,2,1,1,3,H
19.3,36.3,-16.999999999999996,Muito Fraca,Fraca,Muito Fraca vs Fraca,1.4,1.61,-0.2100000000000002,1.17,1.23,-0.06000000000000005,1435.0,1540.43,-105.43000000000006,0x1,0,1,-1,1,A
19.0,62.3,-43.3,Muito Fraca,Forte,Muito Fraca vs Forte,1.27,1.95,-0.6799999999999999,1.26,0.86,0.4,1440.0,1681.88,-241.8800000000001,0x1,0,1,-1,1,A
31.4,31.4,0.0,Fraca,Fraca,Fraca vs Fraca,1.66,1.66,0.0,1.05,1.05,0.0,1500.0,1500.0,0.0,3x1,3,1,2,4,H
31.4,31.4,0.0,Fraca,Fraca,Fraca vs Fraca,1.66,1.66,0.0,1.05,1.05,0.0,1500.0,1500.0,0.0,0x0,0,0,0,0,D
20.9,75.4,-54.50000000000001,Fraca,Forte,Fraca vs Forte,0.98,1.94,-0.96,1.4,0.74,0.6599999999999999,1465.22,1760.46,-295.24,1x1,1,1,0,2,D
45.4,8.1,37.3,Média,Muito Fraca,Média vs Muito Fraca,1.16,0.92,0.23999999999999988,0.8,1.98,-1.18,1591.73,1410.0,181.73000000000002,4x0,4,0,4,4,H
27.4,95.2,-67.80000000000001,Fraca,Muito Forte,Fraca vs Muito Forte,0.87,2.06,-1.19,1.2,0.45,0.75,1501.5,1873.33,-371.8299999999999,2x1,2,1,1,3,H
31.4,31.4,0.0,Fraca,Fraca,Fraca vs Fraca,1.66,1.66,0.0,1.05,1.05,0.0,1500.0,1500.0,0.0,2x3,2,3,-1,5,A
31.4,31.4,0.0,Fraca,Fraca,Fraca vs Fraca,1.66,1.66,0.0,1.05,1.05,0.0,1500.0,1500.0,0.0,3x3,3,3,0,6,D
31.4,53.5,-22.1,Fraca,Média,Fraca vs Média,1.66,2.07,-0.4099999999999999,1.05,0.73,0.32000000000000006,1500.0,1617.02,-117.01999999999998,2x3,2,3,-1,5,A
31.4,31.4,0.0,Fraca,Fraca,Fraca vs Fraca,1.66,1.66,0.0,1.05,1.05,0.0,1500.0,1500.0,0.0,3x2,3,2,1,5,H
31.4,31.4,0.0,Fraca,Fraca,Fraca vs Fraca,1.66,1.66,0.0,1.05,1.05,0.0,1500.0,1500.0,0.0,3x0,3,0,3,3,H
31.4,49.1,-17.700000000000003,Fraca,Média,Fraca vs Média,1.66,2.0,-0.3400000000000001,1.05,0.93,0.12,1500.0,1599.45,-99.45000000000005,1x3,1,3,-2,4,A
31.4,31.4,0.0,Fraca,Fraca,Fraca vs Fraca,1.66,1.66,0.0,1.05,1.05,0.0,1500.0,1500.0,0.0,0x0,0,0,0,0,D
31.4,31.4,0.0,Fraca,Fraca,Fraca vs Fraca,1.66,1.66,0.0,1.05,1.05,0.0,1500.0,1500.0,0.0,1x0,1,0,1,1,H
31.4,31.4,0.0,Fraca,Fraca,Fraca vs Fraca,1.66,1.66,0.0,1.05,1.05,0.0,1500.0,1500.0,0.0,0x1,0,1,-1,1,A
45.4,31.4,14.0,Média,Fraca,Média vs Fraca,1.77,1.66,0.1100000000000001,0.75,1.05,-0.30000000000000004,1574.01,1500.0,74.00999999999999,0x0,0,0,0,0,D
31.4,31.4,0.0,Fraca,Fraca,Fraca vs Fraca,1.66,1.66,0.0,1.05,1.05,0.0,1500.0,1500.0,0.0,2x3,2,3,-1,5,A
31.4,44.7,-13.300000000000004,Fraca,Média,Fraca vs Média,1.66,1.56,0.09999999999999987,1.05,0.91,0.14,1500.0,1581.56,-81.55999999999995,1x1,1,1,0,2,D
31.4,31.4,0.0,Fraca,Fraca,Fraca vs Fraca,1.66,1.66,0.0,1.05,1.05,0.0,1500.0,1500.0,0.0,0x0,0,0,0,0,D
31.4,63.7,-32.300000000000004,Fraca,Forte,Fraca vs Forte,1.66,1.8,-0.14000000000000012,1.05,0.64,0.41000000000000003,1500.0,1684.86,-184.8599999999999,0x1,0,1,-1,1,A
31.4,28.9,2.5,Fraca,Fraca,Fraca vs Fraca,1.66,1.38,0.28,1.05,0.83,0.22000000000000008,1500.0,1482.39,17.6099999999999,0x0,0,0,0,0,D
42.6,36.3,6.300000000000004,Média,Fraca,Média vs Fraca,1.88,1.61,0.2699999999999998,0.89,1.23,-0.33999999999999997,1559.15,1540.43,18.720000000000027,2x1,2,1,1,3,H
59.0,62.3,-3.299999999999997,Média,Forte,Média vs Forte,1.42,1.95,-0.53,0.9,0.86,0.040000000000000036,1675.75,1681.88,-6.130000000000109,2x0,2,0,2,2,H
31.4,31.4,0.0,Fraca,Fraca,Fraca vs Fraca,1.66,1.66,0.0,1.05,1.05,0.0,1500.0,1500.0,0.0,1x1,1,1,0,2,D
73.4,31.4,42.00000000000001,Forte,Fraca,Forte vs Fraca,1.98,1.66,0.32000000000000006,0.46,1.05,-0.5900000000000001,1736.56,1500.0,236.55999999999995,4x0,4,0,4,4,H
31.4,42.3,-10.899999999999999,Fraca,Média,Fraca vs Média,1.66,1.56,0.09999999999999987,1.05,0.69,0.3600000000000001,1500.0,1556.72,-56.72000000000003,0x1,0,1,-1,1,A
31.4,24.6,6.799999999999997,Fraca,Fraca,Fraca vs Fraca,1.66,1.27,0.3899999999999999,1.05,1.13,-0.07999999999999985,1500.0,1470.0,30.0,2x0,2,0,2,2,H
31.4,31.4,0.0,Fraca,Fraca,Fraca vs Fraca,1.66,1.66,0.0,1.05,1.05,0.0,1500.0,1500.0,0.0,0x1,0,1,-1,1,A
31.4,31.4,0.0,Fraca,Fraca,Fraca vs Fraca,1.66,1.66,0.0,1.05,1.05,0.0,1500.0,1500.0,0.0,1x0,1,0,1,1,H
31.4,31.4,0.0,Fraca,Fraca,Fraca vs Fraca,1.66,1.66,0.0,1.05,1.05,0.0,1500.0,1500.0,0.0,0x0,0,0,0,0,D
31.4,31.4,0.0,Fraca,Fraca,Fraca vs Fraca,1.66,1.66,0.0,1.05,1.05,0.0,1500.0,1500.0,0.0,1x2,1,2,-1,3,A
31.4,31.4,0.0,Fraca,Fraca,Fraca vs Fraca,1.66,1.66,0.0,1.05,1.05,0.0,1500.0,1500.0,0.0,1x1,1,1,0,2,D
31.4,63.7,-32.300000000000004,Fraca,Forte,Fraca vs Forte,1.66,1.8,-0.14000000000000012,1.05,0.64,0.41000000000000003,1500.0,1684.86,-184.8599999999999,0x1,0,1,-1,1,A
19.3,31.4,-12.099999999999998,Muito Fraca,Fraca,Muito Fraca vs Fraca,1.4,1.66,-0.26,1.17,1.05,0.11999999999999988,1435.0,1500.0,-65.0,3x0,3,0,3,3,H
30.2,77.0,-46.8,Fraca,Forte,Fraca vs Forte,1.42,2.45,-1.0300000000000002,1.24,0.8,0.43999999999999995,1506.77,1760.38,-253.61000000000013,0x0,0,0,0,0,D
35.0,65.6,-30.599999999999994,Fraca,Forte,Fraca vs Forte,1.67,1.75,-0.08000000000000007,1.26,1.07,0.18999999999999995,1532.04,1716.88,-184.84000000000015,3x3,3,3,0,6,D
94.9,31.9,63.00000000000001,Muito Forte,Fraca,Muito Forte vs Fraca,2.33,1.55,0.78,0.79,1.06,-0.27,1877.18,1506.34,370.84000000000015,3x0,3,0,3,3,H
55.2,51.6,3.6000000000000014,Média,Média,Média vs Média,1.77,1.9,-0.1299999999999999,1.18,0.9,0.2799999999999999,1654.69,1616.75,37.940000000000055,2x2,2,2,0,4,D
31.4,31.4,0.0,Fraca,Fraca,Fraca vs Fraca,1.66,1.66,0.0,1.05,1.05,0.0,1500.0,1500.0,0.0,1x2,1,2,-1,3,A
24.7,31.4,-6.699999999999999,Fraca,Fraca,Fraca vs Fraca,1.09,1.66,-0.5699999999999998,1.24,1.05,0.18999999999999995,1480.0,1500.0,-20.0,5x0,5,0,5,5,H
63.9,20.8,43.099999999999994,Forte,Fraca,Forte vs Fraca,1.62,1.06,0.56,0.88,1.22,-0.33999999999999997,1701.3,1455.0,246.29999999999995,4x0,4,0,4,4,H
27.4,20.9,6.5,Fraca,Fraca,Fraca vs Fraca,0.87,0.98,-0.10999999999999999,1.2,1.4,-0.19999999999999996,1501.5,1465.22,36.27999999999997,2x1,2,1,1,3,H
58.7,45.4,13.300000000000004,Média,Média,Média vs Média,1.34,1.16,0.18000000000000016,0.82,0.8,0.019999999999999907,1672.62,1591.73,80.88999999999987,0x0,0,0,0,0,D
95.2,8.1,87.10000000000001,Muito Forte,Muito Fraca,Muito Forte vs Muito Fraca,2.06,0.92,1.1400000000000001,0.45,1.98,-1.53,1873.33,1410.0,463.3299999999999,6x0,6,0,6,6,H
75.4,21.3,54.10000000000001,Forte,Fraca,Forte vs Fraca,1.94,0.89,1.0499999999999998,0.74,1.15,-0.4099999999999999,1760.46,1460.0,300.46000000000004,4x0,4,0,4,4,H
31.4,31.4,0.0,Fraca,Fraca,Fraca vs Fraca,1.66,1.66,0.0,1.05,1.05,0.0,1500.0,1500.0,0.0,1x0,1,0,1,1,H
53.5,31.4,22.1,Média,Fraca,Média vs Fraca,2.07,1.66,0.4099999999999999,0.73,1.05,-0.32000000000000006,1617.02,1500.0,117.01999999999998,4x1,4,1,3,5,H
31.4,31.4,0.0,Fraca,Fraca,Fraca vs Fraca,1.66,1.66,0.0,1.05,1.05,0.0,1500.0,1500.0,0.0,4x0,4,0,4,4,H
49.1,31.4,17.700000000000003,Média,Fraca,Média vs Fraca,2.0,1.66,0.3400000000000001,0.93,1.05,-0.12,1599.45,1500.0,99.45000000000005,3x2,3,2,1,5,H
61.5,45.4,16.1,Forte,Média,Forte vs Média,2.67,1.77,0.8999999999999999,0.67,0.75,-0.07999999999999996,1650.12,1574.01,76.1099999999999,1x1,1,1,0,2,D
31.4,31.4,0.0,Fraca,Fraca,Fraca vs Fraca,1.66,1.66,0.0,1.05,1.05,0.0,1500.0,1500.0,0.0,2x1,2,1,1,3,H
31.4,31.4,0.0,Fraca,Fraca,Fraca vs Fraca,1.66,1.66,0.0,1.05,1.05,0.0,1500.0,1500.0,0.0,0x0,0,0,0,0,D
31.4,31.4,0.0,Fraca,Fraca,Fraca vs Fraca,1.66,1.66,0.0,1.05,1.05,0.0,1500.0,1500.0,0.0,4x0,4,0,4,4,H
31.4,31.4,0.0,Fraca,Fraca,Fraca vs Fraca,1.66,1.66,0.0,1.05,1.05,0.0,1500.0,1500.0,0.0,0x1,0,1,-1,1,A
31.4,28.9,2.5,Fraca,Fraca,Fraca vs Fraca,1.66,1.38,0.28,1.05,0.83,0.22000000000000008,1500.0,1482.39,17.6099999999999,0x1,0,1,-1,1,A
19.0,14.8,4.199999999999999,Muito Fraca,Muito Fraca,Muito Fraca vs Muito Fraca,1.27,1.15,0.1200000000000001,1.26,1.35,-0.09000000000000008,1440.0,1420.0,20.0,0x0,0,0,0,0,D
8.1,31.4,-23.299999999999997,Muito Fraca,Fraca,Muito Fraca vs Fraca,1.59,1.66,-0.06999999999999984,1.44,1.05,0.3899999999999999,1370.0,1500.0,-130.0,3x1,3,1,2,4,H
31.4,31.4,0.0,Fraca,Fraca,Fraca vs Fraca,1.66,1.66,0.0,1.05,1.05,0.0,1500.0,1500.0,0.0,1x0,1,0,1,1,H
31.4,14.3,17.099999999999998,Fraca,Muito Fraca,Fraca vs Muito Fraca,1.66,2.45,-0.7900000000000003,1.05,1.26,-0.20999999999999996,1500.0,1380.0,120.0,3x5,3,5,-2,8,A
70.2,92.6,-22.39999999999999,Forte,Muito Forte,Forte vs Muito Forte,2.11,2.17,-0.06000000000000005,0.93,0.88,0.050000000000000044,1730.71,1870.0,-139.28999999999996,1x2,1,2,-1,3,A
64.4,31.4,33.00000000000001,Forte,Fraca,Forte vs Fraca,1.9,1.66,0.24,0.99,1.05,-0.06000000000000005,1702.06,1500.0,202.05999999999995,4x1,4,1,3,5,H
31.4,31.4,0.0,Fraca,Fraca,Fraca vs Fraca,1.66,1.66,0.0,1.05,1.05,0.0,1500.0,1500.0,0.0,0x2,0,2,-2,2,A
67.7,74.8,-7.099999999999994,Forte,Forte,Forte vs Forte,2.21,2.36,-0.1499999999999999,1.21,0.99,0.21999999999999997,1724.15,1756.27,-32.11999999999989,1x0,1,0,1,1,H
31.4,31.4,0.0,Fraca,Fraca,Fraca vs Fraca,1.66,1.66,0.0,1.05,1.05,0.0,1500.0,1500.0,0.0,0x1,0,1,-1,1,A
36.7,31.4,5.300000000000004,Fraca,Fraca,Fraca vs Fraca,1.4,1.66,-0.26,1.45,1.05,0.3999999999999999,1557.47,1500.0,57.47000000000003,1x1,1,1,0,2,D
31.4,31.4,0.0,Fraca,Fraca,Fraca vs Fraca,1.66,1.66,0.0,1.05,1.05,0.0,1500.0,1500.0,0.0,2x4,2,4,-2,6,A
33.9,31.4,2.5,Fraca,Fraca,Fraca vs Fraca,1.27,1.66,-0.3899999999999999,1.14,1.05,0.08999999999999986,1529.71,1500.0,29.710000000000036,1x0,1,0,1,1,H
31.4,31.4,0.0,Fraca,Fraca,Fraca vs Fraca,1.66,1.66,0.0,1.05,1.05,0.0,1500.0,1500.0,0.0,1x3,1,3,-2,4,A
31.4,31.4,0.0,Fraca,Fraca,Fraca vs Fraca,1.66,1.66,0.0,1.05,1.05,0.0,1500.0,1500.0,0.0,0x3,0,3,-3,3,A
31.4,31.4,0.0,Fraca,Fraca,Fraca vs Fraca,1.66,1.66,0.0,1.05,1.05,0.0,1500.0,1500.0,0.0,0x3,0,3,-3,3,A
31.4,31.4,0.0,Fraca,Fraca,Fraca vs Fraca,1.66,1.66,0.0,1.05,1.05,0.0,1500.0,1500.0,0.0,2x1,2,1,1,3,H
31.4,31.4,0.0,Fraca,Fraca,Fraca vs Fraca,1.66,1.66,0.0,1.05,1.05,0.0,1500.0,1500.0,0.0,0x2,0,2,-2,2,A
31.4,31.4,0.0,Fraca,Fraca,Fraca vs Fraca,1.66,1.66,0.0,1.05,1.05,0.0,1500.0,1500.0,0.0,2x1,2,1,1,3,H
31.4,89.0,-57.6,Fraca,Muito Forte,Fraca vs Muito Forte,1.66,2.18,-0.5200000000000002,1.05,0.58,0.4700000000000001,1500.0,1834.12,-334.1199999999999,1x3,1,3,-2,4,A
31.4,28.6,2.799999999999997,Fraca,Fraca,Fraca vs Fraca,1.66,1.1,0.5599999999999998,1.05,1.13,-0.07999999999999985,1500.0,1500.0,0.0,2x0,2,0,2,2,H
31.4,31.4,0.0,Fraca,Fraca,Fraca vs Fraca,1.66,1.66,0.0,1.05,1.05,0.0,1500.0,1500.0,0.0,0x1,0,1,-1,1,A
45.4,31.4,14.0,Média,Fraca,Média vs Fraca,1.84,1.66,0.18000000000000016,1.07,1.05,0.020000000000000018,1585.51,1500.0,85.50999999999999,5x1,5,1,4,6,H
31.4,31.4,0.0,Fraca,Fraca,Fraca vs Fraca,1.66,1.66,0.0,1.05,1.05,0.0,1500.0,1500.0,0.0,0x2,0,2,-2,2,A
62.3,36.3,26.0,Forte,Fraca,Forte vs Fraca,1.95,1.61,0.33999999999999986,0.86,1.23,-0.37,1681.88,1540.43,141.45000000000005,2x0,2,0,2,2,H
31.4,31.4,0.0,Fraca,Fraca,Fraca vs Fraca,1.66,1.66,0.0,1.05,1.05,0.0,1500.0,1500.0,0.0,1x1,1,1,0,2,D
73.4,31.4,42.00000000000001,Forte,Fraca,Forte vs Fraca,1.98,1.66,0.32000000000000006,0.46,1.05,-0.5900000000000001,1736.56,1500.0,236.55999999999995,5x0,5,0,5,5,H
65.6,30.2,35.39999999999999,Forte,Fraca,Forte vs Fraca,1.75,1.42,0.33000000000000007,1.07,1.24,-0.16999999999999993,1716.88,1506.77,210.11000000000013,2x1,2,1,1,3,H
35.0,77.0,-42.0,Fraca,Forte,Fraca vs Forte,1.67,2.45,-0.7800000000000002,1.26,0.8,0.45999999999999996,1532.04,1760.38,-228.34000000000015,1x3,1,3,-2,4,A
31.9,55.2,-23.300000000000004,Fraca,Média,Fraca vs Média,1.55,1.77,-0.21999999999999997,1.06,1.18,-0.11999999999999988,1506.34,1654.69,-148.35000000000014,2x0,2,0,2,2,H
94.9,51.6,43.300000000000004,Muito Forte,Média,Muito Forte vs Média,2.33,1.9,0.43000000000000016,0.79,0.9,-0.10999999999999999,1877.18,1616.75,260.43000000000006,1x0,1,0,1,1,H
31.4,31.4,0.0,Fraca,Fraca,Fraca vs Fraca,1.66,1.66,0.0,1.05,1.05,0.0,1500.0,1500.0,0.0,0x3,0,3,-3,3,A
31.4,31.4,0.0,Fraca,Fraca,Fraca vs Fraca,1.66,1.66,0.0,1.05,1.05,0.0,1500.0,1500.0,0.0,0x0,0,0,0,0,D
31.4,24.7,6.699999999999999,Fraca,Fraca,Fraca vs Fraca,1.66,1.09,0.5699999999999998,1.05,1.24,-0.18999999999999995,1500.0,1480.0,20.0,0x0,0,0,0,0,D
31.4,31.4,0.0,Fraca,Fraca,Fraca vs Fraca,1.66,1.66,0.0,1.05,1.05,0.0,1500.0,1500.0,0.0,0x1,0,1,-1,1,A
42.3,31.4,10.899999999999999,Média,Fraca,Média vs Fraca,1.56,1.66,-0.09999999999999987,0.69,1.05,-0.3600000000000001,1556.72,1500.0,56.72000000000003,2x0,2,0,2,2,H
44.7,31.4,13.300000000000004,Média,Fraca,Média vs Fraca,1.56,1.66,-0.09999999999999987,0.91,1.05,-0.14,1581.56,1500.0,81.55999999999995,1x0,1,0,1,1,H
31.4,31.4,0.0,Fraca,Fraca,Fraca vs Fraca,1.66,1.66,0.0,1.05,1.05,0.0,1500.0,1500.0,0.0,0x0,0,0,0,0,D
31.4,31.4,0.0,Fraca,Fraca,Fraca vs Fraca,1.66,1.66,0.0,1.05,1.05,0.0,1500.0,1500.0,0.0,4x1,4,1,3,5,H
31.4,31.4,0.0,Fraca,Fraca,Fraca vs Fraca,1.66,1.66,0.0,1.05,1.05,0.0,1500.0,1500.0,0.0,1x0,1,0,1,1,H
28.9,31.4,-2.5,Fraca,Fraca,Fraca vs Fraca,1.38,1.66,-0.28,0.83,1.05,-0.22000000000000008,1482.39,1500.0,-17.6099999999999,4x1,4,1,3,5,H
31.4,31.4,0.0,Fraca,Fraca,Fraca vs Fraca,1.66,1.66,0.0,1.05,1.05,0.0,1500.0,1500.0,0.0,1x0,1,0,1,1,H
31.4,31.4,0.0,Fraca,Fraca,Fraca vs Fraca,1.66,1.66,0.0,1.05,1.05,0.0,1500.0,1500.0,0.0,5x0,5,0,5,5,H
63.7,31.4,32.300000000000004,Forte,Fraca,Forte vs Fraca,1.8,1.66,0.14000000000000012,0.64,1.05,-0.41000000000000003,1684.86,1500.0,184.8599999999999,4x0,4,0,4,4,H
31.4,19.3,12.099999999999998,Fraca,Muito Fraca,Fraca vs Muito Fraca,1.66,1.4,0.26,1.05,1.17,-0.11999999999999988,1500.0,1435.0,65.0,1x1,1,1,0,2,D
31.4,31.4,0.0,Fraca,Fraca,Fraca vs Fraca,1.66,1.66,0.0,1.05,1.05,0.0,1500.0,1500.0,0.0,1x3,1,3,-2,4,A
31.4,31.4,0.0,Fraca,Fraca,Fraca vs Fraca,1.66,1.66,0.0,1.05,1.05,0.0,1500.0,1500.0,0.0,0x0,0,0,0,0,D
31.4,14.3,17.099999999999998,Fraca,Muito Fraca,Fraca vs Muito Fraca,1.66,2.45,-0.7900000000000003,1.05,1.26,-0.20999999999999996,1500.0,1380.0,120.0,1x3,1,3,-2,4,A
31.4,67.7,-36.300000000000004,Fraca,Forte,Fraca vs Forte,1.66,2.21,-0.55,1.05,1.21,-0.15999999999999992,1500.0,1724.15,-224.1500000000001,1x2,1,2,-1,3,A
31.4,74.8,-43.4,Fraca,Forte,Fraca vs Forte,1.66,2.36,-0.7,1.05,0.99,0.06000000000000005,1500.0,1756.27,-256.27,1x1,1,1,0,2,D
31.4,31.4,0.0,Fraca,Fraca,Fraca vs Fraca,1.66,1.66,0.0,1.05,1.05,0.0,1500.0,1500.0,0.0,2x0,2,0,2,2,H
36.7,31.4,5.300000000000004,Fraca,Fraca,Fraca vs Fraca,1.4,1.66,-0.26,1.45,1.05,0.3999999999999999,1557.47,1500.0,57.47000000000003,1x0,1,0,1,1,H
31.4,33.9,-2.5,Fraca,Fraca,Fraca vs Fraca,1.66,1.27,0.3899999999999999,1.05,1.14,-0.08999999999999986,1500.0,1529.71,-29.710000000000036,2x2,2,2,0,4,D
31.4,31.4,0.0,Fraca,Fraca,Fraca vs Fraca,1.66,1.66,0.0,1.05,1.05,0.0,1500.0,1500.0,0.0,1x0,1,0,1,1,H
31.4,31.4,0.0,Fraca,Fraca,Fraca vs Fraca,1.66,1.66,0.0,1.05,1.05,0.0,1500.0,1500.0,0.0,2x2,2,2,0,4,D
21.3,58.7,-37.400000000000006,Fraca,Média,Fraca vs Média,0.89,1.34,-0.45000000000000007,1.15,0.82,0.32999999999999996,1460.0,1672.62,-212.6199999999999,1x0,1,0,1,1,H
31.4,31.4,0.0,Fraca,Fraca,Fraca vs Fraca,1.66,1.66,0.0,1.05,1.05,0.0,1500.0,1500.0,0.0,3x0,3,0,3,3,H
31.4,31.4,0.0,Fraca,Fraca,Fraca vs Fraca,1.66,1.66,0.0,1.05,1.05,0.0,1500.0,1500.0,0.0,1x0,1,0,1,1,H
31.4,31.4,0.0,Fraca,Fraca,Fraca vs Fraca,1.66,1.66,0.0,1.05,1.05,0.0,1500.0,1500.0,0.0,3x1,3,1,2,4,H
31.4,31.4,0.0,Fraca,Fraca,Fraca vs Fraca,1.66,1.66,0.0,1.05,1.05,0.0,1500.0,1500.0,0.0,5x1,5,1,4,6,H
24.6,31.4,-6.799999999999997,Fraca,Fraca,Fraca vs Fraca,1.27,1.66,-0.3899999999999999,1.13,1.05,0.07999999999999985,1470.0,1500.0,-30.0,0x0,0,0,0,0,D
31.4,31.4,0.0,Fraca,Fraca,Fraca vs Fraca,1.66,1.66,0.0,1.05,1.05,0.0,1500.0,1500.0,0.0,4x1,4,1,3,5,H
31.4,8.1,23.299999999999997,Fraca,Muito Fraca,Fraca vs Muito Fraca,1.66,1.59,0.06999999999999984,1.05,1.44,-0.3899999999999999,1500.0,1370.0,130.0,2x2,2,2,0,4,D
31.4,14.8,16.599999999999998,Fraca,Muito Fraca,Fraca vs Muito Fraca,1.66,1.15,0.51,1.05,1.35,-0.30000000000000004,1500.0,1420.0,80.0,2x3,2,3,-1,5,A
31.4,19.0,12.399999999999999,Fraca,Muito Fraca,Fraca vs Muito Fraca,1.66,1.27,0.3899999999999999,1.05,1.26,-0.20999999999999996,1500.0,1440.0,60.0,0x2,0,2,-2,2,A
31.4,31.4,0.0,Fraca,Fraca,Fraca vs Fraca,1.66,1.66,0.0,1.05,1.05,0.0,1500.0,1500.0,0.0,2x3,2,3,-1,5,A
31.4,92.6,-61.199999999999996,Fraca,Muito Forte,Fraca vs Muito Forte,1.66,2.17,-0.51,1.05,0.88,0.17000000000000004,1500.0,1870.0,-370.0,1x4,1,4,-3,5,A
64.4,70.2,-5.799999999999997,Forte,Forte,Forte vs Forte,1.9,2.11,-0.20999999999999996,0.99,0.93,0.05999999999999994,1702.06,1730.71,-28.65000000000009,2x2,2,2,0,4,D
89.0,31.4,57.6,Muito Forte,Fraca,Muito Forte vs Fraca,2.18,1.66,0.5200000000000002,0.58,1.05,-0.4700000000000001,1834.12,1500.0,334.1199999999999,1x2,1,2,-1,3,A
31.4,28.6,2.799999999999997,Fraca,Fraca,Fraca vs Fraca,1.66,1.1,0.5599999999999998,1.05,1.13,-0.07999999999999985,1500.0,1500.0,0.0,1x2,1,2,-1,3,A
45.4,31.4,14.0,Média,Fraca,Média vs Fraca,1.84,1.66,0.18000000000000016,1.07,1.05,0.020000000000000018,1585.51,1500.0,85.50999999999999,4x0,4,0,4,4,H
31.4,31.4,0.0,Fraca,Fraca,Fraca vs Fraca,1.66,1.66,0.0,1.05,1.05,0.0,1500.0,1500.0,0.0,3x0,3,0,3,3,H
31.4,31.4,0.0,Fraca,Fraca,Fraca vs Fraca,1.66,1.66,0.0,1.05,1.05,0.0,1500.0,1500.0,0.0,0x3,0,3,-3,3,A
8.1,63.9,-55.8,Muito Fraca,Forte,Muito Fraca vs Forte,0.92,1.62,-0.7000000000000001,1.98,0.88,1.1,1410.0,1701.3,-291.29999999999995,1x0,1,0,1,1,H
45.4,27.4,18.0,Média,Fraca,Média vs Fraca,1.16,0.87,0.2899999999999999,0.8,1.2,-0.3999999999999999,1591.73,1501.5,90.23000000000002,0x0,0,0,0,0,D
20.9,95.2,-74.30000000000001,Fraca,Muito Forte,Fraca vs Muito Forte,0.98,2.06,-1.08,1.4,0.45,0.95,1465.22,1873.33,-408.1099999999999,1x1,1,1,0,2,D
20.8,75.4,-54.60000000000001,Fraca,Forte,Fraca vs Forte,1.06,1.94,-0.8799999999999999,1.22,0.74,0.48,1455.0,1760.46,-305.46000000000004,1x2,1,2,-1,3,A
31.4,31.4,0.0,Fraca,Fraca,Fraca vs Fraca,1.66,1.66,0.0,1.05,1.05,0.0,1500.0,1500.0,0.0,1x3,1,3,-2,4,A
31.4,31.4,0.0,Fraca,Fraca,Fraca vs Fraca,1.66,1.66,0.0,1.05,1.05,0.0,1500.0,1500.0,0.0,1x0,1,0,1,1,H
31.4,31.4,0.0,Fraca,Fraca,Fraca vs Fraca,1.66,1.66,0.0,1.05,1.05,0.0,1500.0,1500.0,0.0,3x1,3,1,2,4,H
31.4,53.5,-22.1,Fraca,Média,Fraca vs Média,1.66,2.07,-0.4099999999999999,1.05,0.73,0.32000000000000006,1500.0,1617.02,-117.01999999999998,0x0,0,0,0,0,D
31.4,31.4,0.0,Fraca,Fraca,Fraca vs Fraca,1.66,1.66,0.0,1.05,1.05,0.0,1500.0,1500.0,0.0,1x1,1,1,0,2,D
31.4,49.1,-17.700000000000003,Fraca,Média,Fraca vs Média,1.66,2.0,-0.3400000000000001,1.05,0.93,0.12,1500.0,1599.45,-99.45000000000005,0x2,0,2,-2,2,A
31.4,31.4,0.0,Fraca,Fraca,Fraca vs Fraca,1.66,1.66,0.0,1.05,1.05,0.0,1500.0,1500.0,0.0,4x0,4,0,4,4,H
31.4,31.4,0.0,Fraca,Fraca,Fraca vs Fraca,1.66,1.66,0.0,1.05,1.05,0.0,1500.0,1500.0,0.0,1x0,1,0,1,1,H
31.4,31.4,0.0,Fraca,Fraca,Fraca vs Fraca,1.66,1.66,0.0,1.05,1.05,0.0,1500.0,1500.0,0.0,2x2,2,2,0,4,D
45.4,31.4,14.0,Média,Fraca,Média vs Fraca,1.77,1.66,0.1100000000000001,0.75,1.05,-0.30000000000000004,1574.01,1500.0,74.00999999999999,3x1,3,1,2,4,H
31.4,61.5,-30.1,Fraca,Forte,Fraca vs Forte,1.66,2.67,-1.01,1.05,0.67,0.38,1500.0,1650.12,-150.1199999999999,0x2,0,2,-2,2,A
59.0,42.6,16.4,Média,Média,Média vs Média,1.42,1.88,-0.45999999999999996,0.9,0.89,0.010000000000000009,1675.75,1559.15,116.59999999999991,0x0,0,0,0,0,D
62.3,31.4,30.9,Forte,Fraca,Forte vs Fraca,1.95,1.66,0.29000000000000004,0.86,1.05,-0.19000000000000006,1681.88,1500.0,181.8800000000001,1x1,1,1,0,2,D
31.4,31.4,0.0,Fraca,Fraca,Fraca vs Fraca,1.66,1.66,0.0,1.05,1.05,0.0,1500.0,1500.0,0.0,1x2,1,2,-1,3,A
31.4,42.3,-10.899999999999999,Fraca,Média,Fraca vs Média,1.66,1.56,0.09999999999999987,1.05,0.69,0.3600000000000001,1500.0,1556.72,-56.72000000000003,0x4,0,4,-4,4,A
31.4,44.7,-13.300000000000004,Fraca,Média,Fraca vs Média,1.66,1.56,0.09999999999999987,1.05,0.91,0.14,1500.0,1581.56,-81.55999999999995,0x0,0,0,0,0,D
31.4,31.4,0.0,Fraca,Fraca,Fraca vs Fraca,1.66,1.66,0.0,1.05,1.05,0.0,1500.0,1500.0,0.0,0x3,0,3,-3,3,A
31.4,31.4,0.0,Fraca,Fraca,Fraca vs Fraca,1.66,1.66,0.0,1.05,1.05,0.0,1500.0,1500.0,0.0,3x2,3,2,1,5,H
31.4,31.4,0.0,Fraca,Fraca,Fraca vs Fraca,1.66,1.66,0.0,1.05,1.05,0.0,1500.0,1500.0,0.0,0x2,0,2,-2,2,A
31.4,31.4,0.0,Fraca,Fraca,Fraca vs Fraca,1.66,1.66,0.0,1.05,1.05,0.0,1500.0,1500.0,0.0,0x1,0,1,-1,1,A
31.4,31.4,0.0,Fraca,Fraca,Fraca vs Fraca,1.66,1.66,0.0,1.05,1.05,0.0,1500.0,1500.0,0.0,1x2,1,2,-1,3,A
31.4,31.4,0.0,Fraca,Fraca,Fraca vs Fraca,1.66,1.66,0.0,1.05,1.05,0.0,1500.0,1500.0,0.0,2x3,2,3,-1,5,A
31.4,31.4,0.0,Fraca,Fraca,Fraca vs Fraca,1.66,1.66,0.0,1.05,1.05,0.0,1500.0,1500.0,0.0,3x1,3,1,2,4,H
31.4,31.4,0.0,Fraca,Fraca,Fraca vs Fraca,1.66,1.66,0.0,1.05,1.05,0.0,1500.0,1500.0,0.0,1x1,1,1,0,2,D
8.1,31.4,-23.299999999999997,Muito Fraca,Fraca,Muito Fraca vs Fraca,1.59,1.66,-0.06999999999999984,1.44,1.05,0.3899999999999999,1370.0,1500.0,-130.0,0x0,0,0,0,0,D
14.8,19.0,-4.199999999999999,Muito Fraca,Muito Fraca,Muito Fraca vs Muito Fraca,1.15,1.27,-0.1200000000000001,1.35,1.26,0.09000000000000008,1420.0,1440.0,-20.0,1x2,1,2,-1,3,A
31.4,31.4,0.0,Fraca,Fraca,Fraca vs Fraca,1.66,1.66,0.0,1.05,1.05,0.0,1500.0,1500.0,0.0,0x0,0,0,0,0,D
74.8,67.7,7.099999999999994,Forte,Forte,Forte vs Forte,2.36,2.21,0.1499999999999999,0.99,1.21,-0.21999999999999997,1756.27,1724.15,32.11999999999989,2x2,2,2,0,4,D
31.4,31.4,0.0,Fraca,Fraca,Fraca vs Fraca,1.66,1.66,0.0,1.05,1.05,0.0,1500.0,1500.0,0.0,0x1,0,1,-1,1,A
31.4,36.7,-5.300000000000004,Fraca,Fraca,Fraca vs Fraca,1.66,1.4,0.26,1.05,1.45,-0.3999999999999999,1500.0,1557.47,-57.47000000000003,3x2,3,2,1,5,H
89.0,31.4,57.6,Muito Forte,Fraca,Muito Forte vs Fraca,2.18,1.66,0.5200000000000002,0.58,1.05,-0.4700000000000001,1834.12,1500.0,334.1199999999999,2x0,2,0,2,2,H
28.6,31.4,-2.799999999999997,Fraca,Fraca,Fraca vs Fraca,1.1,1.66,-0.5599999999999998,1.13,1.05,0.07999999999999985,1500.0,1500.0,0.0,0x2,0,2,-2,2,A
31.4,31.4,0.0,Fraca,Fraca,Fraca vs Fraca,1.66,1.66,0.0,1.05,1.05,0.0,1500.0,1500.0,0.0,2x0,2,0,2,2,H
63.9,95.2,-31.300000000000004,Forte,Muito Forte,Forte vs Muito Forte,1.62,2.06,-0.43999999999999995,0.88,0.45,0.43,1701.3,1873.33,-172.02999999999997,2x1,2,1,1,3,H
45.4,21.3,24.099999999999998,Média,Fraca,Média vs Fraca,1.16,0.89,0.2699999999999999,0.8,1.15,-0.34999999999999987,1591.73,1460.0,131.73000000000002,1x0,1,0,1,1,H
20.8,8.1,12.700000000000001,Fraca,Muito Fraca,Fraca vs Muito Fraca,1.06,0.92,0.14,1.22,1.98,-0.76,1455.0,1410.0,45.0,1x2,1,2,-1,3,A
20.9,58.7,-37.800000000000004,Fraca,Média,Fraca vs Média,0.98,1.34,-0.3600000000000001,1.4,0.82,0.58,1465.22,1672.62,-207.39999999999986,0x0,0,0,0,0,D
27.4,75.4,-48.00000000000001,Fraca,Forte,Fraca vs Forte,0.87,1.94,-1.0699999999999998,1.2,0.74,0.45999999999999996,1501.5,1760.46,-258.96000000000004,1x0,1,0,1,1,H
31.4,31.4,0.0,Fraca,Fraca,Fraca vs Fraca,1.66,1.66,0.0,1.05,1.05,0.0,1500.0,1500.0,0.0,2x2,2,2,0,4,D
31.4,31.4,0.0,Fraca,Fraca,Fraca vs Fraca,1.66,1.66,0.0,1.05,1.05,0.0,1500.0,1500.0,0.0,2x3,2,3,-1,5,A
31.4,53.5,-22.1,Fraca,Média,Fraca vs Média,1.66,2.07,-0.4099999999999999,1.05,0.73,0.32000000000000006,1500.0,1617.02,-117.01999999999998,0x1,0,1,-1,1,A
31.4,49.1,-17.700000000000003,Fraca,Média,Fraca vs Média,1.66,2.0,-0.3400000000000001,1.05,0.93,0.12,1500.0,1599.45,-99.45000000000005,1x3,1,3,-2,4,A
31.4,31.4,0.0,Fraca,Fraca,Fraca vs Fraca,1.66,1.66,0.0,1.05,1.05,0.0,1500.0,1500.0,0.0,0x0,0,0,0,0,D
31.4,31.4,0.0,Fraca,Fraca,Fraca vs Fraca,1.66,1.66,0.0,1.05,1.05,0.0,1500.0,1500.0,0.0,1x3,1,3,-2,4,A
31.4,61.5,-30.1,Fraca,Forte,Fraca vs Forte,1.66,2.67,-1.01,1.05,0.67,0.38,1500.0,1650.12,-150.1199999999999,0x5,0,5,-5,5,A
31.4,45.4,-14.0,Fraca,Média,Fraca vs Média,1.66,1.77,-0.1100000000000001,1.05,0.75,0.30000000000000004,1500.0,1574.01,-74.00999999999999,0x0,0,0,0,0,D
31.4,31.4,0.0,Fraca,Fraca,Fraca vs Fraca,1.66,1.66,0.0,1.05,1.05,0.0,1500.0,1500.0,0.0,1x2,1,2,-1,3,A
31.4,28.9,2.5,Fraca,Fraca,Fraca vs Fraca,1.66,1.38,0.28,1.05,0.83,0.22000000000000008,1500.0,1482.39,17.6099999999999,0x0,0,0,0,0,D
31.4,31.4,0.0,Fraca,Fraca,Fraca vs Fraca,1.66,1.66,0.0,1.05,1.05,0.0,1500.0,1500.0,0.0,0x3,0,3,-3,3,A
73.4,31.4,42.00000000000001,Forte,Fraca,Forte vs Fraca,1.98,1.66,0.32000000000000006,0.46,1.05,-0.5900000000000001,1736.56,1500.0,236.55999999999995,1x0,1,0,1,1,H
31.4,24.6,6.799999999999997,Fraca,Fraca,Fraca vs Fraca,1.66,1.27,0.3899999999999999,1.05,1.13,-0.07999999999999985,1500.0,1470.0,30.0,1x1,1,1,0,2,D
31.4,31.4,0.0,Fraca,Fraca,Fraca vs Fraca,1.66,1.66,0.0,1.05,1.05,0.0,1500.0,1500.0,0.0,2x0,2,0,2,2,H
31.4,63.7,-32.300000000000004,Fraca,Forte,Fraca vs Forte,1.66,1.8,-0.14000000000000012,1.05,0.64,0.41000000000000003,1500.0,1684.86,-184.8599999999999,0x1,0,1,-1,1,A
31.4,19.3,12.099999999999998,Fraca,Muito Fraca,Fraca vs Muito Fraca,1.66,1.4,0.26,1.05,1.17,-0.11999999999999988,1500.0,1435.0,65.0,0x0,0,0,0,0,D
31.4,31.4,0.0,Fraca,Fraca,Fraca vs Fraca,1.66,1.66,0.0,1.05,1.05,0.0,1500.0,1500.0,0.0,4x0,4,0,4,4,H
14.3,31.4,-17.099999999999998,Muito Fraca,Fraca,Muito Fraca vs Fraca,2.45,1.66,0.7900000000000003,1.26,1.05,0.20999999999999996,1380.0,1500.0,-120.0,6x0,6,0,6,6,H
92.6,70.2,22.39999999999999,Muito Forte,Forte,Muito Forte vs Forte,2.17,2.11,0.06000000000000005,0.88,0.93,-0.050000000000000044,1870.0,1730.71,139.28999999999996,2x0,2,0,2,2,H
31.4,64.4,-33.00000000000001,Fraca,Forte,Fraca vs Forte,1.66,1.9,-0.24,1.05,0.99,0.06000000000000005,1500.0,1702.06,-202.05999999999995,1x2,1,2,-1,3,A
31.4,45.4,-14.0,Fraca,Média,Fraca vs Média,1.66,1.84,-0.18000000000000016,1.05,1.07,-0.020000000000000018,1500.0,1585.51,-85.50999999999999,2x1,2,1,1,3,H
31.4,31.4,0.0,Fraca,Fraca,Fraca vs Fraca,1.66,1.66,0.0,1.05,1.05,0.0,1500.0,1500.0,0.0,3x0,3,0,3,3,H
31.4,33.9,-2.5,Fraca,Fraca,Fraca vs Fraca,1.66,1.27,0.3899999999999999,1.05,1.14,-0.08999999999999986,1500.0,1529.71,-29.710000000000036,1x2,1,2,-1,3,A
31.4,31.4,0.0,Fraca,Fraca,Fraca vs Fraca,1.66,1.66,0.0,1.05,1.05,0.0,1500.0,1500.0,0.0,3x1,3,1,2,4,H
31.4,31.4,0.0,Fraca,Fraca,Fraca vs Fraca,1.66,1.66,0.0,1.05,1.05,0.0,1500.0,1500.0,0.0,3x1,3,1,2,4,H
31.4,31.4,0.0,Fraca,Fraca,Fraca vs Fraca,1.66,1.66,0.0,1.05,1.05,0.0,1500.0,1500.0,0.0,0x0,0,0,0,0,D
31.4,31.4,0.0,Fraca,Fraca,Fraca vs Fraca,1.66,1.66,0.0,1.05,1.05,0.0,1500.0,1500.0,0.0,1x0,1,0,1,1,H
31.4,31.4,0.0,Fraca,Fraca,Fraca vs Fraca,1.66,1.66,0.0,1.05,1.05,0.0,1500.0,1500.0,0.0,1x2,1,2,-1,3,A
31.4,31.4,0.0,Fraca,Fraca,Fraca vs Fraca,1.66,1.66,0.0,1.05,1.05,0.0,1500.0,1500.0,0.0,1x2,1,2,-1,3,A
77.0,30.2,46.8,Forte,Fraca,Forte vs Fraca,2.45,1.42,1.0300000000000002,0.8,1.24,-0.43999999999999995,1760.38,1506.77,253.61000000000013,2x1,2,1,1,3,H
65.6,35.0,30.599999999999994,Forte,Fraca,Forte vs Fraca,1.75,1.67,0.08000000000000007,1.07,1.26,-0.18999999999999995,1716.88,1532.04,184.84000000000015,1x0,1,0,1,1,H
51.6,31.9,19.700000000000003,Média,Fraca,Média vs Fraca,1.9,1.55,0.34999999999999987,0.9,1.06,-0.16000000000000003,1616.75,1506.34,110.41000000000008,2x0,2,0,2,2,H
55.2,94.9,-39.7,Média,Muito Forte,Média vs Muito Forte,1.77,2.33,-0.56,1.18,0.79,0.3899999999999999,1654.69,1877.18,-222.49,1x4,1,4,-3,5,A
31.4,31.4,0.0,Fraca,Fraca,Fraca vs Fraca,1.66,1.66,0.0,1.05,1.05,0.0,1500.0,1500.0,0.0,2x0,2,0,2,2,H
31.4,31.4,0.0,Fraca,Fraca,Fraca vs Fraca,1.66,1.66,0.0,1.05,1.05,0.0,1500.0,1500.0,0.0,3x0,3,0,3,3,H
31.4,24.7,6.699999999999999,Fraca,Fraca,Fraca vs Fraca,1.66,1.09,0.5699999999999998,1.05,1.24,-0.18999999999999995,1500.0,1480.0,20.0,1x0,1,0,1,1,H
59.0,31.4,27.6,Média,Fraca,Média vs Fraca,1.42,1.66,-0.24,0.9,1.05,-0.15000000000000002,1675.75,1500.0,175.75,3x0,3,0,3,3,H
62.3,42.6,19.699999999999996,Forte,Média,Forte vs Média,1.95,1.88,0.07000000000000006,0.86,0.89,-0.030000000000000027,1681.88,1559.15,122.73000000000002,1x2,1,2,-1,3,A
44.7,31.4,13.300000000000004,Média,Fraca,Média vs Fraca,1.56,1.66,-0.09999999999999987,0.91,1.05,-0.14,1581.56,1500.0,81.55999999999995,3x0,3,0,3,3,H
28.9,31.4,-2.5,Fraca,Fraca,Fraca vs Fraca,1.38,1.66,-0.28,0.83,1.05,-0.22000000000000008,1482.39,1500.0,-17.6099999999999,1x0,1,0,1,1,H
67.7,31.4,36.300000000000004,Forte,Fraca,Forte vs Fraca,2.21,1.66,0.55,1.21,1.05,0.15999999999999992,1724.15,1500.0,224.1500000000001,5x0,5,0,5,5,H
74.8,31.4,43.4,Forte,Fraca,Forte vs Fraca,2.36,1.66,0.7,0.99,1.05,-0.06000000000000005,1756.27,1500.0,256.27,5x2,5,2,3,7,H
31.4,31.4,0.0,Fraca,Fraca,Fraca vs Fraca,1.66,1.66,0.0,1.05,1.05,0.0,1500.0,1500.0,0.0,4x1,4,1,3,5,H
36.7,31.4,5.300000000000004,Fraca,Fraca,Fraca vs Fraca,1.4,1.66,-0.26,1.45,1.05,0.3999999999999999,1557.47,1500.0,57.47000000000003,1x2,1,2,-1,3,A
28.6,89.0,-60.4,Fraca,Muito Forte,Fraca vs Muito Forte,1.1,2.18,-1.08,1.13,0.58,0.5499999999999999,1500.0,1834.12,-334.1199999999999,0x2,0,2,-2,2,A
31.4,31.4,0.0,Fraca,Fraca,Fraca vs Fraca,1.66,1.66,0.0,1.05,1.05,0.0,1500.0,1500.0,0.0,3x0,3,0,3,3,H
31.4,31.4,0.0,Fraca,Fraca,Fraca vs Fraca,1.66,1.66,0.0,1.05,1.05,0.0,1500.0,1500.0,0.0,1x1,1,1,0,2,D
31.4,31.4,0.0,Fraca,Fraca,Fraca vs Fraca,1.66,1.66,0.0,1.05,1.05,0.0,1500.0,1500.0,0.0,2x0,2,0,2,2,H
73.4,31.4,42.00000000000001,Forte,Fraca,Forte vs Fraca,1.98,1.66,0.32000000000000006,0.46,1.05,-0.5900000000000001,1736.56,1500.0,236.55999999999995,4x1,4,1,3,5,H
42.3,31.4,10.899999999999999,Média,Fraca,Média vs Fraca,1.56,1.66,-0.09999999999999987,0.69,1.05,-0.3600000000000001,1556.72,1500.0,56.72000000000003,3x0,3,0,3,3,H
31.4,31.4,0.0,Fraca,Fraca,Fraca vs Fraca,1.66,1.66,0.0,1.05,1.05,0.0,1500.0,1500.0,0.0,2x0,2,0,2,2,H
31.4,31.4,0.0,Fraca,Fraca,Fraca vs Fraca,1.66,1.66,0.0,1.05,1.05,0.0,1500.0,1500.0,0.0,1x1,1,1,0,2,D
31.4,31.4,0.0,Fraca,Fraca,Fraca vs Fraca,1.66,1.66,0.0,1.05,1.05,0.0,1500.0,1500.0,0.0,0x0,0,0,0,0,D
31.4,31.4,0.0,Fraca,Fraca,Fraca vs Fraca,1.66,1.66,0.0,1.05,1.05,0.0,1500.0,1500.0,0.0,2x2,2,2,0,4,D
63.7,31.4,32.300000000000004,Forte,Fraca,Forte vs Fraca,1.8,1.66,0.14000000000000012,0.64,1.05,-0.41000000000000003,1684.86,1500.0,184.8599999999999,1x1,1,1,0,2,D
19.0,31.4,-12.399999999999999,Muito Fraca,Fraca,Muito Fraca vs Fraca,1.27,1.66,-0.3899999999999999,1.26,1.05,0.20999999999999996,1440.0,1500.0,-60.0,0x0,0,0,0,0,D
14.8,8.1,6.700000000000001,Muito Fraca,Muito Fraca,Muito Fraca vs Muito Fraca,1.15,1.59,-0.44000000000000017,1.35,1.44,-0.08999999999999986,1420.0,1370.0,50.0,4x0,4,0,4,4,H
31.4,31.4,0.0,Fraca,Fraca,Fraca vs Fraca,1.66,1.66,0.0,1.05,1.05,0.0,1500.0,1500.0,0.0,2x1,2,1,1,3,H
31.4,14.3,17.099999999999998,Fraca,Muito Fraca,Fraca vs Muito Fraca,1.66,2.45,-0.7900000000000003,1.05,1.26,-0.20999999999999996,1500.0,1380.0,120.0,1x4,1,4,-3,5,A
70.2,31.4,38.800000000000004,Forte,Fraca,Forte vs Fraca,2.11,1.66,0.44999999999999996,0.93,1.05,-0.12,1730.71,1500.0,230.71000000000004,3x1,3,1,2,4,H
92.6,64.4,28.19999999999999,Muito Forte,Forte,Muito Forte vs Forte,2.17,1.9,0.27,0.88,0.99,-0.10999999999999999,1870.0,1702.06,167.94000000000005,1x3,1,3,-2,4,A
31.4,31.4,0.0,Fraca,Fraca,Fraca vs Fraca,1.66,1.66,0.0,1.05,1.05,0.0,1500.0,1500.0,0.0,0x0,0,0,0,0,D
31.4,45.4,-14.0,Fraca,Média,Fraca vs Média,1.66,1.84,-0.18000000000000016,1.05,1.07,-0.020000000000000018,1500.0,1585.51,-85.50999999999999,1x1,1,1,0,2,D
31.4,31.4,0.0,Fraca,Fraca,Fraca vs Fraca,1.66,1.66,0.0,1.05,1.05,0.0,1500.0,1500.0,0.0,2x0,2,0,2,2,H
33.9,31.4,2.5,Fraca,Fraca,Fraca vs Fraca,1.27,1.66,-0.3899999999999999,1.14,1.05,0.08999999999999986,1529.71,1500.0,29.710000000000036,0x0,0,0,0,0,D
31.4,31.4,0.0,Fraca,Fraca,Fraca vs Fraca,1.66,1.66,0.0,1.05,1.05,0.0,1500.0,1500.0,0.0,0x3,0,3,-3,3,A
21.3,63.9,-42.599999999999994,Fraca,Forte,Fraca vs Forte,0.89,1.62,-0.7300000000000001,1.15,0.88,0.2699999999999999,1460.0,1701.3,-241.29999999999995,1x1,1,1,0,2,D
58.7,27.4,31.300000000000004,Média,Fraca,Média vs Fraca,1.34,0.87,0.4700000000000001,0.82,1.2,-0.38,1672.62,1501.5,171.1199999999999,0x0,0,0,0,0,D
75.4,45.4,30.000000000000007,Forte,Média,Forte vs Média,1.94,1.16,0.78,0.74,0.8,-0.06000000000000005,1760.46,1591.73,168.73000000000002,1x0,1,0,1,1,H
31.4,31.4,0.0,Fraca,Fraca,Fraca vs Fraca,1.66,1.66,0.0,1.05,1.05,0.0,1500.0,1500.0,0.0,3x0,3,0,3,3,H
31.4,31.4,0.0,Fraca,Fraca,Fraca vs Fraca,1.66,1.66,0.0,1.05,1.05,0.0,1500.0,1500.0,0.0,0x3,0,3,-3,3,A
31.4,31.4,0.0,Fraca,Fraca,Fraca vs Fraca,1.66,1.66,0.0,1.05,1.05,0.0,1500.0,1500.0,0.0,1x0,1,0,1,1,H
31.4,31.4,0.0,Fraca,Fraca,Fraca vs Fraca,1.66,1.66,0.0,1.05,1.05,0.0,1500.0,1500.0,0.0,2x0,2,0,2,2,H
24.6,31.4,-6.799999999999997,Fraca,Fraca,Fraca vs Fraca,1.27,1.66,-0.3899999999999999,1.13,1.05,0.07999999999999985,1470.0,1500.0,-30.0,0x1,0,1,-1,1,A
19.3,31.4,-12.099999999999998,Muito Fraca,Fraca,Muito Fraca vs Fraca,1.4,1.66,-0.26,1.17,1.05,0.11999999999999988,1435.0,1500.0,-65.0,3x0,3,0,3,3,H
31.4,31.4,0.0,Fraca,Fraca,Fraca vs Fraca,1.66,1.66,0.0,1.05,1.05,0.0,1500.0,1500.0,0.0,3x1,3,1,2,4,H
31.4,31.4,0.0,Fraca,Fraca,Fraca vs Fraca,1.66,1.66,0.0,1.05,1.05,0.0,1500.0,1500.0,0.0,1x4,1,4,-3,5,A
77.0,65.6,11.400000000000006,Forte,Forte,Forte vs Forte,2.45,1.75,0.7000000000000002,0.8,1.07,-0.27,1760.38,1716.88,43.5,2x1,2,1,1,3,H
30.2,35.0,-4.800000000000001,Fraca,Fraca,Fraca vs Fraca,1.42,1.67,-0.25,1.24,1.26,-0.020000000000000018,1506.77,1532.04,-25.269999999999982,2x3,2,3,-1,5,A
51.6,55.2,-3.6000000000000014,Média,Média,Média vs Média,1.9,1.77,0.1299999999999999,0.9,1.18,-0.2799999999999999,1616.75,1654.69,-37.940000000000055,2x0,2,0,2,2,H
31.9,94.9,-63.00000000000001,Fraca,Muito Forte,Fraca vs Muito Forte,1.55,2.33,-0.78,1.06,0.79,0.27,1506.34,1877.18,-370.84000000000015,0x0,0,0,0,0,D
31.4,31.4,0.0,Fraca,Fraca,Fraca vs Fraca,1.66,1.66,0.0,1.05,1.05,0.0,1500.0,1500.0,0.0,1x3,1,3,-2,4,A
31.4,31.4,0.0,Fraca,Fraca,Fraca vs Fraca,1.66,1.66,0.0,1.05,1.05,0.0,1500.0,1500.0,0.0,0x1,0,1,-1,1,A
24.7,31.4,-6.699999999999999,Fraca,Fraca,Fraca vs Fraca,1.09,1.66,-0.5699999999999998,1.24,1.05,0.18999999999999995,1480.0,1500.0,-20.0,2x0,2,0,2,2,H
31.4,31.4,0.0,Fraca,Fraca,Fraca vs Fraca,1.66,1.66,0.0,1.05,1.05,0.0,1500.0,1500.0,0.0,0x0,0,0,0,0,D
8.1,20.9,-12.799999999999999,Muito Fraca,Fraca,Muito Fraca vs Fraca,0.92,0.98,-0.05999999999999994,1.98,1.4,0.5800000000000001,1410.0,1465.22,-55.22000000000003,4x0,4,0,4,4,H
95.2,20.8,74.4,Muito Forte,Fraca,Muito Forte vs Fraca,2.06,1.06,1.0,0.45,1.22,-0.77,1873.33,1455.0,418.3299999999999,3x0,3,0,3,3,H
31.4,31.4,0.0,Fraca,Fraca,Fraca vs Fraca,1.66,1.66,0.0,1.05,1.05,0.0,1500.0,1500.0,0.0,1x3,1,3,-2,4,A
31.4,31.4,0.0,Fraca,Fraca,Fraca vs Fraca,1.66,1.66,0.0,1.05,1.05,0.0,1500.0,1500.0,0.0,1x0,1,0,1,1,H
53.5,31.4,22.1,Média,Fraca,Média vs Fraca,2.07,1.66,0.4099999999999999,0.73,1.05,-0.32000000000000006,1617.02,1500.0,117.01999999999998,1x0,1,0,1,1,H
31.4,31.4,0.0,Fraca,Fraca,Fraca vs Fraca,1.66,1.66,0.0,1.05,1.05,0.0,1500.0,1500.0,0.0,1x0,1,0,1,1,H
49.1,31.4,17.700000000000003,Média,Fraca,Média vs Fraca,2.0,1.66,0.3400000000000001,0.93,1.05,-0.12,1599.45,1500.0,99.45000000000005,0x0,0,0,0,0,D
31.4,31.4,0.0,Fraca,Fraca,Fraca vs Fraca,1.66,1.66,0.0,1.05,1.05,0.0,1500.0,1500.0,0.0,1x1,1,1,0,2,D
61.5,31.4,30.1,Forte,Fraca,Forte vs Fraca,2.67,1.66,1.01,0.67,1.05,-0.38,1650.12,1500.0,150.1199999999999,7x0,7,0,7,7,H
45.4,31.4,14.0,Média,Fraca,Média vs Fraca,1.77,1.66,0.1100000000000001,0.75,1.05,-0.30000000000000004,1574.01,1500.0,74.00999999999999,0x1,0,1,-1,1,A
31.4,31.4,0.0,Fraca,Fraca,Fraca vs Fraca,1.66,1.66,0.0,1.05,1.05,0.0,1500.0,1500.0,0.0,1x1,1,1,0,2,D
31.4,31.4,0.0,Fraca,Fraca,Fraca vs Fraca,1.66,1.66,0.0,1.05,1.05,0.0,1500.0,1500.0,0.0,1x0,1,0,1,1,H
31.4,31.4,0.0,Fraca,Fraca,Fraca vs Fraca,1.66,1.66,0.0,1.05,1.05,0.0,1500.0,1500.0,0.0,2x1,2,1,1,3,H
31.4,31.4,0.0,Fraca,Fraca,Fraca vs Fraca,1.66,1.66,0.0,1.05,1.05,0.0,1500.0,1500.0,0.0,0x0,0,0,0,0,D
31.4,31.4,0.0,Fraca,Fraca,Fraca vs Fraca,1.66,1.66,0.0,1.05,1.05,0.0,1500.0,1500.0,0.0,1x0,1,0,1,1,H
31.4,31.4,0.0,Fraca,Fraca,Fraca vs Fraca,1.66,1.66,0.0,1.05,1.05,0.0,1500.0,1500.0,0.0,1x1,1,1,0,2,D
31.4,58.7,-27.300000000000004,Fraca,Média,Fraca vs Média,1.66,1.34,0.31999999999999984,1.05,0.82,0.2300000000000001,1500.0,1672.62,-172.6199999999999,1x1,1,1,0,2,D
31.4,31.4,0.0,Fraca,Fraca,Fraca vs Fraca,1.66,1.66,0.0,1.05,1.05,0.0,1500.0,1500.0,0.0,2x1,2,1,1,3,H
31.4,31.4,0.0,Fraca,Fraca,Fraca vs Fraca,1.66,1.66,0.0,1.05,1.05,0.0,1500.0,1500.0,0.0,0x1,0,1,-1,1,A
31.4,31.4,0.0,Fraca,Fraca,Fraca vs Fraca,1.66,1.66,0.0,1.05,1.05,0.0,1500.0,1500.0,0.0,0x0,0,0,0,0,D
94.9,89.0,5.900000000000006,Muito Forte,Muito Forte,Muito Forte vs Muito Forte,2.33,2.18,0.1499999999999999,0.79,0.58,0.21000000000000008,1877.18,1834.12,43.06000000000017,2x1,2,1,1,3,H
95.2,63.9,31.300000000000004,Muito Forte,Forte,Muito Forte vs Forte,2.06,1.62,0.43999999999999995,0.45,0.88,-0.43,1873.33,1701.3,172.02999999999997,1x0,1,0,1,1,H
42.6,58.7,-16.1,Média,Média,Média vs Média,1.88,1.34,0.5399999999999998,0.89,0.82,0.07000000000000006,1559.15,1672.62,-113.4699999999998,2x2,2,2,0,4,D
74.8,89.0,-14.200000000000003,Forte,Muito Forte,Forte vs Muito Forte,2.36,2.18,0.17999999999999972,0.99,0.58,0.41000000000000003,1756.27,1834.12,-77.84999999999991,1x2,1,2,-1,3,A
58.7,63.9,-5.199999999999996,Média,Forte,Média vs Forte,1.34,1.62,-0.28,0.82,0.88,-0.06000000000000005,1672.62,1701.3,-28.680000000000064,0x1,0,1,-1,1,A
94.9,92.6,2.3000000000000114,Muito Forte,Muito Forte,Muito Forte vs Muito Forte,2.33,2.17,0.16000000000000014,0.79,0.88,-0.08999999999999997,1877.18,1870.0,7.180000000000064,2x1,2,1,1,3,H
95.2,42.6,52.6,Muito Forte,Média,Muito Forte vs Média,2.06,1.88,0.18000000000000016,0.45,0.89,-0.44,1873.33,1559.15,314.17999999999984,2x0,2,0,2,2,H
89.0,55.2,33.8,Muito Forte,Média,Muito Forte vs Média,2.18,1.77,0.41000000000000014,0.58,1.18,-0.6,1834.12,1654.69,179.42999999999984,1x1,1,1,0,2,D
74.8,31.4,43.4,Forte,Fraca,Forte vs Fraca,2.36,1.66,0.7,0.99,1.05,-0.06000000000000005,1756.27,1500.0,256.27,2x1,2,1,1,3,H
58.7,75.4,-16.700000000000003,Média,Forte,Média vs Forte,1.34,1.94,-0.5999999999999999,0.82,0.74,0.07999999999999996,1672.62,1760.46,-87.84000000000015,0x0,0,0,0,0,D
63.9,36.3,27.6,Forte,Fraca,Forte vs Fraca,1.62,1.61,0.010000000000000009,0.88,1.23,-0.35,1701.3,1540.43,160.8699999999999,5x0,5,0,5,5,H
67.7,94.9,-27.200000000000003,Forte,Muito Forte,Forte vs Muito Forte,2.21,2.33,-0.1200000000000001,1.21,0.79,0.41999999999999993,1724.15,1877.18,-153.02999999999997,1x2,1,2,-1,3,A
77.0,92.6,-15.599999999999994,Forte,Muito Forte,Forte vs Muito Forte,2.45,2.17,0.28000000000000025,0.8,0.88,-0.07999999999999996,1760.38,1870.0,-109.61999999999989,0x0,0,0,0,0,D
20.9,42.6,-21.700000000000003,Fraca,Média,Fraca vs Média,0.98,1.88,-0.8999999999999999,1.4,0.89,0.5099999999999999,1465.22,1559.15,-93.93000000000006,1x1,1,1,0,2,D
95.2,45.4,49.800000000000004,Muito Forte,Média,Muito Forte vs Média,2.06,1.16,0.9000000000000001,0.45,0.8,-0.35000000000000003,1873.33,1591.73,281.5999999999999,1x1,1,1,0,2,D
31.4,74.8,-43.4,Fraca,Forte,Fraca vs Forte,1.66,2.36,-0.7,1.05,0.99,0.06000000000000005,1500.0,1756.27,-256.27,0x3,0,3,-3,3,A
45.4,31.4,14.0,Média,Fraca,Média vs Fraca,1.84,1.66,0.18000000000000016,1.07,1.05,0.020000000000000018,1585.51,1500.0,85.50999999999999,1x2,1,2,-1,3,A
75.4,63.9,11.500000000000007,Forte,Forte,Forte vs Forte,1.94,1.62,0.31999999999999984,0.74,0.88,-0.14,1760.46,1701.3,59.16000000000008,1x1,1,1,0,2,D
19.3,27.4,-8.099999999999998,Muito Fraca,Fraca,Muito Fraca vs Fraca,1.4,0.87,0.5299999999999999,1.17,1.2,-0.030000000000000027,1435.0,1501.5,-66.5,2x1,2,1,1,3,H
92.6,70.2,22.39999999999999,Muito Forte,Forte,Muito Forte vs Forte,2.17,2.11,0.06000000000000005,0.88,0.93,-0.050000000000000044,1870.0,1730.71,139.28999999999996,1x0,1,0,1,1,H
77.0,31.4,45.6,Forte,Fraca,Forte vs Fraca,2.45,1.66,0.7900000000000003,0.8,1.05,-0.25,1760.38,1500.0,260.3800000000001,0x0,0,0,0,0,D
62.3,58.7,3.5999999999999943,Forte,Média,Forte vs Média,1.95,1.34,0.6099999999999999,0.86,0.82,0.040000000000000036,1681.88,1672.62,9.260000000000218,0x1,0,1,-1,1,A
8.1,36.3,-28.199999999999996,Muito Fraca,Fraca,Muito Fraca vs Fraca,0.92,1.61,-0.6900000000000001,1.98,1.23,0.75,1410.0,1540.43,-130.43000000000006,1x3,1,3,-2,4,A
89.0,31.4,57.6,Muito Forte,Fraca,Muito Forte vs Fraca,2.18,1.66,0.5200000000000002,0.58,1.05,-0.4700000000000001,1834.12,1500.0,334.1199999999999,2x1,2,1,1,3,H
94.9,31.4,63.50000000000001,Muito Forte,Fraca,Muito Forte vs Fraca,2.33,1.66,0.6700000000000002,0.79,1.05,-0.26,1877.18,1500.0,377.18000000000006,4x1,4,1,3,5,H
31.4,31.4,0.0,Fraca,Fraca,Fraca vs Fraca,1.66,1.66,0.0,1.05,1.05,0.0,1500.0,1500.0,0.0,2x1,2,1,1,3,H
31.4,31.4,0.0,Fraca,Fraca,Fraca vs Fraca,1.66,1.66,0.0,1.05,1.05,0.0,1500.0,1500.0,0.0,0x3,0,3,-3,3,A
59.0,45.4,13.600000000000001,Média,Média,Média vs Média,1.42,1.16,0.26,0.9,0.8,0.09999999999999998,1675.75,1591.73,84.01999999999998,0x0,0,0,0,0,D
19.0,20.9,-1.8999999999999986,Muito Fraca,Fraca,Muito Fraca vs Fraca,1.27,0.98,0.29000000000000004,1.26,1.4,-0.1399999999999999,1440.0,1465.22,-25.220000000000027,0x3,0,3,-3,3,A
55.2,64.4,-9.200000000000003,Média,Forte,Média vs Forte,1.77,1.9,-0.1299999999999999,1.18,0.99,0.18999999999999995,1654.69,1702.06,-47.36999999999989,2x0,2,0,2,2,H
67.7,51.6,16.1,Forte,Média,Forte vs Média,2.21,1.9,0.31000000000000005,1.21,0.9,0.30999999999999994,1724.15,1616.75,107.40000000000009,2x0,2,0,2,2,H
95.2,21.3,73.9,Muito Forte,Fraca,Muito Forte vs Fraca,2.06,0.89,1.17,0.45,1.15,-0.7,1873.33,1460.0,413.3299999999999,2x0,2,0,2,2,H
42.6,20.8,21.8,Média,Fraca,Média vs Fraca,1.88,1.06,0.8199999999999998,0.89,1.22,-0.32999999999999996,1559.15,1455.0,104.15000000000009,0x0,0,0,0,0,D
63.9,19.3,44.599999999999994,Forte,Muito Fraca,Forte vs Muito Fraca,1.62,1.4,0.2200000000000002,0.88,1.17,-0.2899999999999999,1701.3,1435.0,266.29999999999995,3x0,3,0,3,3,H
27.4,75.4,-48.00000000000001,Fraca,Forte,Fraca vs Forte,0.87,1.94,-1.0699999999999998,1.2,0.74,0.45999999999999996,1501.5,1760.46,-258.96000000000004,1x4,1,4,-3,5,A
31.4,31.4,0.0,Fraca,Fraca,Fraca vs Fraca,1.66,1.66,0.0,1.05,1.05,0.0,1500.0,1500.0,0.0,2x1,2,1,1,3,H
31.4,31.4,0.0,Fraca,Fraca,Fraca vs Fraca,1.66,1.66,0.0,1.05,1.05,0.0,1500.0,1500.0,0.0,5x0,5,0,5,5,H
62.3,36.3,26.0,Forte,Fraca,Forte vs Fraca,1.95,1.61,0.33999999999999986,0.86,1.23,-0.37,1681.88,1540.43,141.45000000000005,1x2,1,2,-1,3,A
58.7,8.1,50.6,Média,Muito Fraca,Média vs Muito Fraca,1.34,0.92,0.42000000000000004,0.82,1.98,-1.1600000000000001,1672.62,1410.0,262.6199999999999,5x0,5,0,5,5,H
31.4,31.4,0.0,Fraca,Fraca,Fraca vs Fraca,1.66,1.66,0.0,1.05,1.05,0.0,1500.0,1500.0,0.0,1x1,1,1,0,2,D
36.7,70.2,-33.5,Fraca,Forte,Fraca vs Forte,1.4,2.11,-0.71,1.45,0.93,0.5199999999999999,1557.47,1730.71,-173.24,0x0,0,0,0,0,D
31.4,77.0,-45.6,Fraca,Forte,Fraca vs Forte,1.66,2.45,-0.7900000000000003,1.05,0.8,0.25,1500.0,1760.38,-260.3800000000001,2x0,2,0,2,2,H
31.4,31.4,0.0,Fraca,Fraca,Fraca vs Fraca,1.66,1.66,0.0,1.05,1.05,0.0,1500.0,1500.0,0.0,1x2,1,2,-1,3,A
45.4,19.0,26.4,Média,Muito Fraca,Média vs Muito Fraca,1.16,1.27,-0.1100000000000001,0.8,1.26,-0.45999999999999996,1591.73,1440.0,151.73000000000002,3x1,3,1,2,4,H
20.9,59.0,-38.1,Fraca,Média,Fraca vs Média,0.98,1.42,-0.43999999999999995,1.4,0.9,0.4999999999999999,1465.22,1675.75,-210.52999999999997,1x0,1,0,1,1,H
89.0,31.4,57.6,Muito Forte,Fraca,Muito Forte vs Fraca,2.18,1.66,0.5200000000000002,0.58,1.05,-0.4700000000000001,1834.12,1500.0,334.1199999999999,0x0,0,0,0,0,D
51.6,31.9,19.700000000000003,Média,Fraca,Média vs Fraca,1.9,1.55,0.34999999999999987,0.9,1.06,-0.16000000000000003,1616.75,1506.34,110.41000000000008,0x0,0,0,0,0,D
74.8,45.4,29.4,Forte,Média,Forte vs Média,2.36,1.84,0.5199999999999998,0.99,1.07,-0.08000000000000007,1756.27,1585.51,170.76,2x3,2,3,-1,5,A
92.6,35.0,57.599999999999994,Muito Forte,Fraca,Muito Forte vs Fraca,2.17,1.67,0.5,0.88,1.26,-0.38,1870.0,1532.04,337.96000000000004,1x1,1,1,0,2,D
21.3,42.6,-21.3,Fraca,Média,Fraca vs Média,0.89,1.88,-0.9899999999999999,1.15,0.89,0.2599999999999999,1460.0,1559.15,-99.15000000000009,0x1,0,1,-1,1,A
20.8,95.2,-74.4,Fraca,Muito Forte,Fraca vs Muito Forte,1.06,2.06,-1.0,1.22,0.45,0.77,1455.0,1873.33,-418.3299999999999,0x1,0,1,-1,1,A
31.4,94.9,-63.50000000000001,Fraca,Muito Forte,Fraca vs Muito Forte,1.66,2.33,-0.6700000000000002,1.05,0.79,0.26,1500.0,1877.18,-377.18000000000006,0x1,0,1,-1,1,A
65.6,64.4,1.1999999999999886,Forte,Forte,Forte vs Forte,1.75,1.9,-0.1499999999999999,1.07,0.99,0.08000000000000007,1716.88,1702.06,14.820000000000164,1x1,1,1,0,2,D
63.9,27.4,36.5,Forte,Fraca,Forte vs Fraca,1.62,0.87,0.7500000000000001,0.88,1.2,-0.31999999999999995,1701.3,1501.5,199.79999999999995,2x1,2,1,1,3,H
75.4,19.3,56.10000000000001,Forte,Muito Fraca,Forte vs Muito Fraca,1.94,1.4,0.54,0.74,1.17,-0.42999999999999994,1760.46,1435.0,325.46000000000004,0x0,0,0,0,0,D
67.7,55.2,12.5,Forte,Média,Forte vs Média,2.21,1.77,0.43999999999999995,1.21,1.18,0.030000000000000027,1724.15,1654.69,69.46000000000004,1x1,1,1,0,2,D
30.2,31.4,-1.1999999999999993,Fraca,Fraca,Fraca vs Fraca,1.42,1.66,-0.24,1.24,1.05,0.18999999999999995,1506.77,1500.0,6.769999999999982,0x1,0,1,-1,1,A
62.3,8.1,54.199999999999996,Forte,Muito Fraca,Forte vs Muito Fraca,1.95,0.92,1.0299999999999998,0.86,1.98,-1.12,1681.88,1410.0,271.8800000000001,2x0,2,0,2,2,H
58.7,36.3,22.400000000000006,Média,Fraca,Média vs Fraca,1.34,1.61,-0.27,0.82,1.23,-0.41000000000000003,1672.62,1540.43,132.18999999999983,3x1,3,1,2,4,H
70.2,31.4,38.800000000000004,Forte,Fraca,Forte vs Fraca,2.11,1.66,0.44999999999999996,0.93,1.05,-0.12,1730.71,1500.0,230.71000000000004,2x0,2,0,2,2,H
31.4,31.4,0.0,Fraca,Fraca,Fraca vs Fraca,1.66,1.66,0.0,1.05,1.05,0.0,1500.0,1500.0,0.0,1x1,1,1,0,2,D
31.4,77.0,-45.6,Fraca,Forte,Fraca vs Forte,1.66,2.45,-0.7900000000000003,1.05,0.8,0.25,1500.0,1760.38,-260.3800000000001,0x3,0,3,-3,3,A
31.4,31.4,0.0,Fraca,Fraca,Fraca vs Fraca,1.66,1.66,0.0,1.05,1.05,0.0,1500.0,1500.0,0.0,1x0,1,0,1,1,H
45.4,20.9,24.5,Média,Fraca,Média vs Fraca,1.16,0.98,0.17999999999999994,0.8,1.4,-0.5999999999999999,1591.73,1465.22,126.50999999999999,1x2,1,2,-1,3,A
59.0,19.0,40.0,Média,Muito Fraca,Média vs Muito Fraca,1.42,1.27,0.1499999999999999,0.9,1.26,-0.36,1675.75,1440.0,235.75,1x0,1,0,1,1,H
35.0,45.4,-10.399999999999999,Fraca,Média,Fraca vs Média,1.67,1.84,-0.17000000000000015,1.26,1.07,0.18999999999999995,1532.04,1585.51,-53.47000000000003,1x3,1,3,-2,4,A
74.8,92.6,-17.799999999999997,Forte,Muito Forte,Forte vs Muito Forte,2.36,2.17,0.18999999999999995,0.99,0.88,0.10999999999999999,1756.27,1870.0,-113.73000000000002,0x0,0,0,0,0,D
31.4,36.7,-5.300000000000004,Fraca,Fraca,Fraca vs Fraca,1.66,1.4,0.26,1.05,1.45,-0.3999999999999999,1500.0,1557.47,-57.47000000000003,1x2,1,2,-1,3,A
31.4,31.4,0.0,Fraca,Fraca,Fraca vs Fraca,1.66,1.66,0.0,1.05,1.05,0.0,1500.0,1500.0,0.0,0x4,0,4,-4,4,A
21.3,20.8,0.5,Fraca,Fraca,Fraca vs Fraca,0.89,1.06,-0.17000000000000004,1.15,1.22,-0.07000000000000006,1460.0,1455.0,5.0,0x0,0,0,0,0,D
94.9,64.4,30.5,Muito Forte,Forte,Muito Forte vs Forte,2.33,1.9,0.43000000000000016,0.79,0.99,-0.19999999999999996,1877.18,1702.06,175.12000000000012,1x0,1,0,1,1,H
31.4,31.9,-0.5,Fraca,Fraca,Fraca vs Fraca,1.66,1.55,0.10999999999999988,1.05,1.06,-0.010000000000000009,1500.0,1506.34,-6.339999999999918,1x1,1,1,0,2,D
51.6,89.0,-37.4,Média,Muito Forte,Média vs Muito Forte,1.9,2.18,-0.28000000000000025,0.9,0.58,0.32000000000000006,1616.75,1834.12,-217.3699999999999,1x1,1,1,0,2,D
95.2,42.6,52.6,Muito Forte,Média,Muito Forte vs Média,2.06,1.88,0.18000000000000016,0.45,0.89,-0.44,1873.33,1559.15,314.17999999999984,2x0,2,0,2,2,H
67.7,31.4,36.300000000000004,Forte,Fraca,Forte vs Fraca,2.21,1.66,0.55,1.21,1.05,0.15999999999999992,1724.15,1500.0,224.1500000000001,2x0,2,0,2,2,H
30.2,55.2,-25.000000000000004,Fraca,Média,Fraca vs Média,1.42,1.77,-0.3500000000000001,1.24,1.18,0.06000000000000005,1506.77,1654.69,-147.92000000000007,1x1,1,1,0,2,D
65.6,31.4,34.199999999999996,Forte,Fraca,Forte vs Fraca,1.75,1.66,0.09000000000000008,1.07,1.05,0.020000000000000018,1716.88,1500.0,216.8800000000001,2x2,2,2,0,4,D
31.4,31.4,0.0,Fraca,Fraca,Fraca vs Fraca,1.66,1.66,0.0,1.05,1.05,0.0,1500.0,1500.0,0.0,1x1,1,1,0,2,D
31.4,31.4,0.0,Fraca,Fraca,Fraca vs Fraca,1.66,1.66,0.0,1.05,1.05,0.0,1500.0,1500.0,0.0,9x1,9,1,8,10,H
31.4,31.4,0.0,Fraca,Fraca,Fraca vs Fraca,1.66,1.66,0.0,1.05,1.05,0.0,1500.0,1500.0,0.0,3x1,3,1,2,4,H
77.0,31.4,45.6,Forte,Fraca,Forte vs Fraca,2.45,1.66,0.7900000000000003,0.8,1.05,-0.25,1760.38,1500.0,260.3800000000001,2x1,2,1,1,3,H
31.4,31.4,0.0,Fraca,Fraca,Fraca vs Fraca,1.66,1.66,0.0,1.05,1.05,0.0,1500.0,1500.0,0.0,3x0,3,0,3,3,H
45.4,92.6,-47.199999999999996,Média,Muito Forte,Média vs Muito Forte,1.84,2.17,-0.32999999999999985,1.07,0.88,0.19000000000000006,1585.51,1870.0,-284.49,0x1,0,1,-1,1,A
31.4,36.7,-5.300000000000004,Fraca,Fraca,Fraca vs Fraca,1.66,1.4,0.26,1.05,1.45,-0.3999999999999999,1500.0,1557.47,-57.47000000000003,3x0,3,0,3,3,H
70.2,31.4,38.800000000000004,Forte,Fraca,Forte vs Fraca,2.11,1.66,0.44999999999999996,0.93,1.05,-0.12,1730.71,1500.0,230.71000000000004,0x1,0,1,-1,1,A
45.4,14.8,30.599999999999998,Média,Muito Fraca,Média vs Muito Fraca,1.16,1.15,0.010000000000000009,0.8,1.35,-0.55,1591.73,1420.0,171.73000000000002,2x1,2,1,1,3,H
31.4,51.6,-20.200000000000003,Fraca,Média,Fraca vs Média,1.66,1.9,-0.24,1.05,0.9,0.15000000000000002,1500.0,1616.75,-116.75,1x1,1,1,0,2,D
31.9,89.0,-57.1,Fraca,Muito Forte,Fraca vs Muito Forte,1.55,2.18,-0.6300000000000001,1.06,0.58,0.4800000000000001,1506.34,1834.12,-327.78,0x1,0,1,-1,1,A
35.0,74.8,-39.8,Fraca,Forte,Fraca vs Forte,1.67,2.36,-0.69,1.26,0.99,0.27,1532.04,1756.27,-224.23000000000002,1x2,1,2,-1,3,A
36.3,27.4,8.899999999999999,Fraca,Fraca,Fraca vs Fraca,1.61,0.87,0.7400000000000001,1.23,1.2,0.030000000000000027,1540.43,1501.5,38.930000000000064,0x1,0,1,-1,1,A
31.4,31.4,0.0,Fraca,Fraca,Fraca vs Fraca,1.66,1.66,0.0,1.05,1.05,0.0,1500.0,1500.0,0.0,2x0,2,0,2,2,H
31.4,31.4,0.0,Fraca,Fraca,Fraca vs Fraca,1.66,1.66,0.0,1.05,1.05,0.0,1500.0,1500.0,0.0,5x1,5,1,4,6,H
31.4,55.2,-23.800000000000004,Fraca,Média,Fraca vs Média,1.66,1.77,-0.1100000000000001,1.05,1.18,-0.1299999999999999,1500.0,1654.69,-154.69000000000005,1x3,1,3,-2,4,A
94.9,65.6,29.30000000000001,Muito Forte,Forte,Muito Forte vs Forte,2.33,1.75,0.5800000000000001,0.79,1.07,-0.28,1877.18,1716.88,160.29999999999995,3x0,3,0,3,3,H
64.4,31.4,33.00000000000001,Forte,Fraca,Forte vs Fraca,1.9,1.66,0.24,0.99,1.05,-0.06000000000000005,1702.06,1500.0,202.05999999999995,2x1,2,1,1,3,H
63.9,8.1,55.8,Forte,Muito Fraca,Forte vs Muito Fraca,1.62,0.92,0.7000000000000001,0.88,1.98,-1.1,1701.3,1410.0,291.29999999999995,3x0,3,0,3,3,H
31.4,31.4,0.0,Fraca,Fraca,Fraca vs Fraca,1.66,1.66,0.0,1.05,1.05,0.0,1500.0,1500.0,0.0,1x0,1,0,1,1,H
67.7,30.2,37.5,Forte,Fraca,Forte vs Fraca,2.21,1.42,0.79,1.21,1.24,-0.030000000000000027,1724.15,1506.77,217.3800000000001,5x1,5,1,4,6,H
95.2,31.4,63.800000000000004,Muito Forte,Fraca,Muito Forte vs Fraca,2.06,1.66,0.40000000000000013,0.45,1.05,-0.6000000000000001,1873.33,1500.0,373.3299999999999,4x1,4,1,3,5,H
31.4,21.3,10.099999999999998,Fraca,Fraca,Fraca vs Fraca,1.66,0.89,0.7699999999999999,1.05,1.15,-0.09999999999999987,1500.0,1460.0,40.0,0x1,0,1,-1,1,A
45.4,8.1,37.3,Média,Muito Fraca,Média vs Muito Fraca,1.16,0.92,0.23999999999999988,0.8,1.98,-1.18,1591.73,1410.0,181.73000000000002,3x1,3,1,2,4,H
62.3,75.4,-13.100000000000009,Forte,Forte,Forte vs Forte,1.95,1.94,0.010000000000000009,0.86,0.74,0.12,1681.88,1760.46,-78.57999999999993,1x1,1,1,0,2,D
31.4,24.7,6.699999999999999,Fraca,Fraca,Fraca vs Fraca,1.66,1.09,0.5699999999999998,1.05,1.24,-0.18999999999999995,1500.0,1480.0,20.0,0x2,0,2,-2,2,A
20.8,27.4,-6.599999999999998,Fraca,Fraca,Fraca vs Fraca,1.06,0.87,0.19000000000000006,1.22,1.2,0.020000000000000018,1455.0,1501.5,-46.5,3x0,3,0,3,3,H
31.4,31.4,0.0,Fraca,Fraca,Fraca vs Fraca,1.66,1.66,0.0,1.05,1.05,0.0,1500.0,1500.0,0.0,2x0,2,0,2,2,H
31.4,31.4,0.0,Fraca,Fraca,Fraca vs Fraca,1.66,1.66,0.0,1.05,1.05,0.0,1500.0,1500.0,0.0,4x0,4,0,4,4,H
31.4,36.7,-5.300000000000004,Fraca,Fraca,Fraca vs Fraca,1.66,1.4,0.26,1.05,1.45,-0.3999999999999999,1500.0,1557.47,-57.47000000000003,0x4,0,4,-4,4,A
77.0,28.6,48.4,Forte,Fraca,Forte vs Fraca,2.45,1.1,1.35,0.8,1.13,-0.32999999999999985,1760.38,1500.0,260.3800000000001,3x0,3,0,3,3,H
31.4,31.4,0.0,Fraca,Fraca,Fraca vs Fraca,1.66,1.66,0.0,1.05,1.05,0.0,1500.0,1500.0,0.0,3x1,3,1,2,4,H
31.4,28.9,2.5,Fraca,Fraca,Fraca vs Fraca,1.66,1.38,0.28,1.05,0.83,0.22000000000000008,1500.0,1482.39,17.6099999999999,1x1,1,1,0,2,D
31.4,31.4,0.0,Fraca,Fraca,Fraca vs Fraca,1.66,1.66,0.0,1.05,1.05,0.0,1500.0,1500.0,0.0,0x1,0,1,-1,1,A
73.4,31.4,42.00000000000001,Forte,Fraca,Forte vs Fraca,1.98,1.66,0.32000000000000006,0.46,1.05,-0.5900000000000001,1736.56,1500.0,236.55999999999995,6x0,6,0,6,6,H
31.4,31.4,0.0,Fraca,Fraca,Fraca vs Fraca,1.66,1.66,0.0,1.05,1.05,0.0,1500.0,1500.0,0.0,0x0,0,0,0,0,D
31.4,31.4,0.0,Fraca,Fraca,Fraca vs Fraca,1.66,1.66,0.0,1.05,1.05,0.0,1500.0,1500.0,0.0,0x0,0,0,0,0,D
31.4,31.4,0.0,Fraca,Fraca,Fraca vs Fraca,1.66,1.66,0.0,1.05,1.05,0.0,1500.0,1500.0,0.0,2x1,2,1,1,3,H
61.5,31.4,30.1,Forte,Fraca,Forte vs Fraca,2.67,1.66,1.01,0.67,1.05,-0.38,1650.12,1500.0,150.1199999999999,5x0,5,0,5,5,H
31.4,31.4,0.0,Fraca,Fraca,Fraca vs Fraca,1.66,1.66,0.0,1.05,1.05,0.0,1500.0,1500.0,0.0,3x1,3,1,2,4,H
49.1,31.4,17.700000000000003,Média,Fraca,Média vs Fraca,2.0,1.66,0.3400000000000001,0.93,1.05,-0.12,1599.45,1500.0,99.45000000000005,1x0,1,0,1,1,H
31.4,31.4,0.0,Fraca,Fraca,Fraca vs Fraca,1.66,1.66,0.0,1.05,1.05,0.0,1500.0,1500.0,0.0,1x1,1,1,0,2,D
53.5,31.4,22.1,Média,Fraca,Média vs Fraca,2.07,1.66,0.4099999999999999,0.73,1.05,-0.32000000000000006,1617.02,1500.0,117.01999999999998,0x0,0,0,0,0,D
31.4,31.4,0.0,Fraca,Fraca,Fraca vs Fraca,1.66,1.66,0.0,1.05,1.05,0.0,1500.0,1500.0,0.0,2x0,2,0,2,2,H
31.4,31.4,0.0,Fraca,Fraca,Fraca vs Fraca,1.66,1.66,0.0,1.05,1.05,0.0,1500.0,1500.0,0.0,3x1,3,1,2,4,H
31.4,31.4,0.0,Fraca,Fraca,Fraca vs Fraca,1.66,1.66,0.0,1.05,1.05,0.0,1500.0,1500.0,0.0,1x2,1,2,-1,3,A
31.4,31.4,0.0,Fraca,Fraca,Fraca vs Fraca,1.66,1.66,0.0,1.05,1.05,0.0,1500.0,1500.0,0.0,1x1,1,1,0,2,D
31.4,31.4,0.0,Fraca,Fraca,Fraca vs Fraca,1.66,1.66,0.0,1.05,1.05,0.0,1500.0,1500.0,0.0,4x0,4,0,4,4,H
45.4,31.4,14.0,Média,Fraca,Média vs Fraca,1.77,1.66,0.1100000000000001,0.75,1.05,-0.30000000000000004,1574.01,1500.0,74.00999999999999,5x0,5,0,5,5,H
31.4,31.4,0.0,Fraca,Fraca,Fraca vs Fraca,1.66,1.66,0.0,1.05,1.05,0.0,1500.0,1500.0,0.0,3x0,3,0,3,3,H
31.4,31.4,0.0,Fraca,Fraca,Fraca vs Fraca,1.66,1.66,0.0,1.05,1.05,0.0,1500.0,1500.0,0.0,2x1,2,1,1,3,H
74.8,31.4,43.4,Forte,Fraca,Forte vs Fraca,2.36,1.66,0.7,0.99,1.05,-0.06000000000000005,1756.27,1500.0,256.27,4x0,4,0,4,4,H
35.0,31.4,3.6000000000000014,Fraca,Fraca,Fraca vs Fraca,1.67,1.66,0.010000000000000009,1.26,1.05,0.20999999999999996,1532.04,1500.0,32.039999999999964,2x1,2,1,1,3,H
31.4,42.3,-10.899999999999999,Fraca,Média,Fraca vs Média,1.66,1.56,0.09999999999999987,1.05,0.69,0.3600000000000001,1500.0,1556.72,-56.72000000000003,1x1,1,1,0,2,D
31.4,31.4,0.0,Fraca,Fraca,Fraca vs Fraca,1.66,1.66,0.0,1.05,1.05,0.0,1500.0,1500.0,0.0,2x2,2,2,0,4,D
31.4,44.7,-13.300000000000004,Fraca,Média,Fraca vs Média,1.66,1.56,0.09999999999999987,1.05,0.91,0.14,1500.0,1581.56,-81.55999999999995,2x1,2,1,1,3,H
31.4,31.4,0.0,Fraca,Fraca,Fraca vs Fraca,1.66,1.66,0.0,1.05,1.05,0.0,1500.0,1500.0,0.0,1x2,1,2,-1,3,A
24.6,31.4,-6.799999999999997,Fraca,Fraca,Fraca vs Fraca,1.27,1.66,-0.3899999999999999,1.13,1.05,0.07999999999999985,1470.0,1500.0,-30.0,4x3,4,3,1,7,H
95.2,45.4,49.800000000000004,Muito Forte,Média,Muito Forte vs Média,2.06,1.16,0.9000000000000001,0.45,0.8,-0.35000000000000003,1873.33,1591.73,281.5999999999999,1x0,1,0,1,1,H
92.6,42.6,49.99999999999999,Muito Forte,Média,Muito Forte vs Média,2.17,1.88,0.29000000000000004,0.88,0.89,-0.010000000000000009,1870.0,1559.15,310.8499999999999,0x0,0,0,0,0,D
64.4,31.4,33.00000000000001,Forte,Fraca,Forte vs Fraca,1.9,1.66,0.24,0.99,1.05,-0.06000000000000005,1702.06,1500.0,202.05999999999995,1x0,1,0,1,1,H
31.4,33.9,-2.5,Fraca,Fraca,Fraca vs Fraca,1.66,1.27,0.3899999999999999,1.05,1.14,-0.08999999999999986,1500.0,1529.71,-29.710000000000036,4x0,4,0,4,4,H
31.4,63.7,-32.300000000000004,Fraca,Forte,Fraca vs Forte,1.66,1.8,-0.14000000000000012,1.05,0.64,0.41000000000000003,1500.0,1684.86,-184.8599999999999,0x1,0,1,-1,1,A
31.4,31.4,0.0,Fraca,Fraca,Fraca vs Fraca,1.66,1.66,0.0,1.05,1.05,0.0,1500.0,1500.0,0.0,0x0,0,0,0,0,D
31.4,14.8,16.599999999999998,Fraca,Muito Fraca,Fraca vs Muito Fraca,1.66,1.15,0.51,1.05,1.35,-0.30000000000000004,1500.0,1420.0,80.0,1x6,1,6,-5,7,A
31.4,19.3,12.099999999999998,Fraca,Muito Fraca,Fraca vs Muito Fraca,1.66,1.4,0.26,1.05,1.17,-0.11999999999999988,1500.0,1435.0,65.0,0x3,0,3,-3,3,A
31.4,14.3,17.099999999999998,Fraca,Muito Fraca,Fraca vs Muito Fraca,1.66,2.45,-0.7900000000000003,1.05,1.26,-0.20999999999999996,1500.0,1380.0,120.0,1x3,1,3,-2,4,A
31.4,36.3,-4.899999999999999,Fraca,Fraca,Fraca vs Fraca,1.66,1.61,0.04999999999999982,1.05,1.23,-0.17999999999999994,1500.0,1540.43,-40.430000000000064,1x3,1,3,-2,4,A
31.4,19.0,12.399999999999999,Fraca,Muito Fraca,Fraca vs Muito Fraca,1.66,1.27,0.3899999999999999,1.05,1.26,-0.20999999999999996,1500.0,1440.0,60.0,2x3,2,3,-1,5,A
31.4,31.4,0.0,Fraca,Fraca,Fraca vs Fraca,1.66,1.66,0.0,1.05,1.05,0.0,1500.0,1500.0,0.0,1x3,1,3,-2,4,A
70.2,31.4,38.800000000000004,Forte,Fraca,Forte vs Fraca,2.11,1.66,0.44999999999999996,0.93,1.05,-0.12,1730.71,1500.0,230.71000000000004,3x0,3,0,3,3,H
51.6,31.4,20.200000000000003,Média,Fraca,Média vs Fraca,1.9,1.66,0.24,0.9,1.05,-0.15000000000000002,1616.75,1500.0,116.75,3x1,3,1,2,4,H
31.4,31.4,0.0,Fraca,Fraca,Fraca vs Fraca,1.66,1.66,0.0,1.05,1.05,0.0,1500.0,1500.0,0.0,3x0,3,0,3,3,H
59.0,75.4,-16.400000000000006,Média,Forte,Média vs Forte,1.42,1.94,-0.52,0.9,0.74,0.16000000000000003,1675.75,1760.46,-84.71000000000004,2x3,2,3,-1,5,A
77.0,65.6,11.400000000000006,Forte,Forte,Forte vs Forte,2.45,1.75,0.7000000000000002,0.8,1.07,-0.27,1760.38,1716.88,43.5,1x2,1,2,-1,3,A
31.4,31.4,0.0,Fraca,Fraca,Fraca vs Fraca,1.66,1.66,0.0,1.05,1.05,0.0,1500.0,1500.0,0.0,1x1,1,1,0,2,D
94.9,24.7,70.2,Muito Forte,Fraca,Muito Forte vs Fraca,2.33,1.09,1.24,0.79,1.24,-0.44999999999999996,1877.18,1480.0,397.18000000000006,5x1,5,1,4,6,H
31.4,31.9,-0.5,Fraca,Fraca,Fraca vs Fraca,1.66,1.55,0.10999999999999988,1.05,1.06,-0.010000000000000009,1500.0,1506.34,-6.339999999999918,0x3,0,3,-3,3,A
55.2,45.4,9.800000000000004,Média,Média,Média vs Média,1.77,1.84,-0.07000000000000006,1.18,1.07,0.10999999999999988,1654.69,1585.51,69.18000000000006,1x1,1,1,0,2,D
62.3,63.9,-1.6000000000000014,Forte,Forte,Forte vs Forte,1.95,1.62,0.32999999999999985,0.86,0.88,-0.020000000000000018,1681.88,1701.3,-19.419999999999845,1x5,1,5,-4,6,A
28.9,31.4,-2.5,Fraca,Fraca,Fraca vs Fraca,1.38,1.66,-0.28,0.83,1.05,-0.22000000000000008,1482.39,1500.0,-17.6099999999999,4x1,4,1,3,5,H
31.4,8.1,23.299999999999997,Fraca,Muito Fraca,Fraca vs Muito Fraca,1.66,1.59,0.06999999999999984,1.05,1.44,-0.3899999999999999,1500.0,1370.0,130.0,1x7,1,7,-6,8,A
31.4,31.4,0.0,Fraca,Fraca,Fraca vs Fraca,1.66,1.66,0.0,1.05,1.05,0.0,1500.0,1500.0,0.0,0x2,0,2,-2,2,A
31.4,31.4,0.0,Fraca,Fraca,Fraca vs Fraca,1.66,1.66,0.0,1.05,1.05,0.0,1500.0,1500.0,0.0,0x3,0,3,-3,3,A
31.4,31.4,0.0,Fraca,Fraca,Fraca vs Fraca,1.66,1.66,0.0,1.05,1.05,0.0,1500.0,1500.0,0.0,3x1,3,1,2,4,H
31.4,31.4,0.0,Fraca,Fraca,Fraca vs Fraca,1.66,1.66,0.0,1.05,1.05,0.0,1500.0,1500.0,0.0,7x1,7,1,6,8,H
89.0,31.4,57.6,Muito Forte,Fraca,Muito Forte vs Fraca,2.18,1.66,0.5200000000000002,0.58,1.05,-0.4700000000000001,1834.12,1500.0,334.1199999999999,0x1,0,1,-1,1,A
67.7,31.4,36.300000000000004,Forte,Fraca,Forte vs Fraca,2.21,1.66,0.55,1.21,1.05,0.15999999999999992,1724.15,1500.0,224.1500000000001,2x1,2,1,1,3,H
21.3,27.4,-6.099999999999998,Fraca,Fraca,Fraca vs Fraca,0.89,0.87,0.020000000000000018,1.15,1.2,-0.050000000000000044,1460.0,1501.5,-41.5,0x0,0,0,0,0,D
35.0,36.7,-1.7000000000000028,Fraca,Fraca,Fraca vs Fraca,1.67,1.4,0.27,1.26,1.45,-0.18999999999999995,1532.04,1557.47,-25.430000000000064,3x1,3,1,2,4,H
31.4,31.4,0.0,Fraca,Fraca,Fraca vs Fraca,1.66,1.66,0.0,1.05,1.05,0.0,1500.0,1500.0,0.0,0x0,0,0,0,0,D
30.2,31.4,-1.1999999999999993,Fraca,Fraca,Fraca vs Fraca,1.42,1.66,-0.24,1.24,1.05,0.18999999999999995,1506.77,1500.0,6.769999999999982,2x2,2,2,0,4,D
44.7,31.4,13.300000000000004,Média,Fraca,Média vs Fraca,1.56,1.66,-0.09999999999999987,0.91,1.05,-0.14,1581.56,1500.0,81.55999999999995,1x1,1,1,0,2,D
73.4,31.4,42.00000000000001,Forte,Fraca,Forte vs Fraca,1.98,1.66,0.32000000000000006,0.46,1.05,-0.5900000000000001,1736.56,1500.0,236.55999999999995,2x1,2,1,1,3,H
31.4,31.4,0.0,Fraca,Fraca,Fraca vs Fraca,1.66,1.66,0.0,1.05,1.05,0.0,1500.0,1500.0,0.0,1x1,1,1,0,2,D
31.4,31.4,0.0,Fraca,Fraca,Fraca vs Fraca,1.66,1.66,0.0,1.05,1.05,0.0,1500.0,1500.0,0.0,1x0,1,0,1,1,H
31.4,31.4,0.0,Fraca,Fraca,Fraca vs Fraca,1.66,1.66,0.0,1.05,1.05,0.0,1500.0,1500.0,0.0,1x0,1,0,1,1,H
31.4,33.9,-2.5,Fraca,Fraca,Fraca vs Fraca,1.66,1.27,0.3899999999999999,1.05,1.14,-0.08999999999999986,1500.0,1529.71,-29.710000000000036,0x0,0,0,0,0,D
74.8,42.6,32.199999999999996,Forte,Média,Forte vs Média,2.36,1.88,0.48,0.99,0.89,0.09999999999999998,1756.27,1559.15,197.1199999999999,4x0,4,0,4,4,H
42.3,31.4,10.899999999999999,Média,Fraca,Média vs Fraca,1.56,1.66,-0.09999999999999987,0.69,1.05,-0.3600000000000001,1556.72,1500.0,56.72000000000003,2x1,2,1,1,3,H
63.7,31.4,32.300000000000004,Forte,Fraca,Forte vs Fraca,1.8,1.66,0.14000000000000012,0.64,1.05,-0.41000000000000003,1684.86,1500.0,184.8599999999999,1x1,1,1,0,2,D
31.4,31.4,0.0,Fraca,Fraca,Fraca vs Fraca,1.66,1.66,0.0,1.05,1.05,0.0,1500.0,1500.0,0.0,1x2,1,2,-1,3,A
31.4,24.6,6.799999999999997,Fraca,Fraca,Fraca vs Fraca,1.66,1.27,0.3899999999999999,1.05,1.13,-0.07999999999999985,1500.0,1470.0,30.0,1x2,1,2,-1,3,A
31.4,31.4,0.0,Fraca,Fraca,Fraca vs Fraca,1.66,1.66,0.0,1.05,1.05,0.0,1500.0,1500.0,0.0,0x0,0,0,0,0,D
31.4,31.4,0.0,Fraca,Fraca,Fraca vs Fraca,1.66,1.66,0.0,1.05,1.05,0.0,1500.0,1500.0,0.0,0x0,0,0,0,0,D
31.4,61.5,-30.1,Fraca,Forte,Fraca vs Forte,1.66,2.67,-1.01,1.05,0.67,0.38,1500.0,1650.12,-150.1199999999999,0x5,0,5,-5,5,A
31.4,31.4,0.0,Fraca,Fraca,Fraca vs Fraca,1.66,1.66,0.0,1.05,1.05,0.0,1500.0,1500.0,0.0,1x0,1,0,1,1,H
31.4,31.4,0.0,Fraca,Fraca,Fraca vs Fraca,1.66,1.66,0.0,1.05,1.05,0.0,1500.0,1500.0,0.0,1x1,1,1,0,2,D
31.4,49.1,-17.700000000000003,Fraca,Média,Fraca vs Média,1.66,2.0,-0.3400000000000001,1.05,0.93,0.12,1500.0,1599.45,-99.45000000000005,0x7,0,7,-7,7,A
31.4,31.4,0.0,Fraca,Fraca,Fraca vs Fraca,1.66,1.66,0.0,1.05,1.05,0.0,1500.0,1500.0,0.0,0x3,0,3,-3,3,A
31.4,31.4,0.0,Fraca,Fraca,Fraca vs Fraca,1.66,1.66,0.0,1.05,1.05,0.0,1500.0,1500.0,0.0,3x1,3,1,2,4,H
31.4,53.5,-22.1,Fraca,Média,Fraca vs Média,1.66,2.07,-0.4099999999999999,1.05,0.73,0.32000000000000006,1500.0,1617.02,-117.01999999999998,2x4,2,4,-2,6,A
31.4,31.4,0.0,Fraca,Fraca,Fraca vs Fraca,1.66,1.66,0.0,1.05,1.05,0.0,1500.0,1500.0,0.0,0x2,0,2,-2,2,A
31.4,31.4,0.0,Fraca,Fraca,Fraca vs Fraca,1.66,1.66,0.0,1.05,1.05,0.0,1500.0,1500.0,0.0,3x2,3,2,1,5,H
31.4,31.4,0.0,Fraca,Fraca,Fraca vs Fraca,1.66,1.66,0.0,1.05,1.05,0.0,1500.0,1500.0,0.0,3x0,3,0,3,3,H
31.4,31.4,0.0,Fraca,Fraca,Fraca vs Fraca,1.66,1.66,0.0,1.05,1.05,0.0,1500.0,1500.0,0.0,0x3,0,3,-3,3,A
31.4,31.4,0.0,Fraca,Fraca,Fraca vs Fraca,1.66,1.66,0.0,1.05,1.05,0.0,1500.0,1500.0,0.0,0x4,0,4,-4,4,A
31.4,45.4,-14.0,Fraca,Média,Fraca vs Média,1.66,1.77,-0.1100000000000001,1.05,0.75,0.30000000000000004,1500.0,1574.01,-74.00999999999999,0x2,0,2,-2,2,A
31.4,31.4,0.0,Fraca,Fraca,Fraca vs Fraca,1.66,1.66,0.0,1.05,1.05,0.0,1500.0,1500.0,0.0,0x0,0,0,0,0,D
14.8,31.4,-16.599999999999998,Muito Fraca,Fraca,Muito Fraca vs Fraca,1.15,1.66,-0.51,1.35,1.05,0.30000000000000004,1420.0,1500.0,-80.0,3x1,3,1,2,4,H
19.3,31.4,-12.099999999999998,Muito Fraca,Fraca,Muito Fraca vs Fraca,1.4,1.66,-0.26,1.17,1.05,0.11999999999999988,1435.0,1500.0,-65.0,4x0,4,0,4,4,H
14.3,31.4,-17.099999999999998,Muito Fraca,Fraca,Muito Fraca vs Fraca,2.45,1.66,0.7900000000000003,1.26,1.05,0.20999999999999996,1380.0,1500.0,-120.0,2x1,2,1,1,3,H
36.3,31.4,4.899999999999999,Fraca,Fraca,Fraca vs Fraca,1.61,1.66,-0.04999999999999982,1.23,1.05,0.17999999999999994,1540.43,1500.0,40.430000000000064,2x0,2,0,2,2,H
19.0,31.4,-12.399999999999999,Muito Fraca,Fraca,Muito Fraca vs Fraca,1.27,1.66,-0.3899999999999999,1.26,1.05,0.20999999999999996,1440.0,1500.0,-60.0,1x0,1,0,1,1,H
31.4,31.4,0.0,Fraca,Fraca,Fraca vs Fraca,1.66,1.66,0.0,1.05,1.05,0.0,1500.0,1500.0,0.0,0x0,0,0,0,0,D
70.2,31.4,38.800000000000004,Forte,Fraca,Forte vs Fraca,2.11,1.66,0.44999999999999996,0.93,1.05,-0.12,1730.71,1500.0,230.71000000000004,2x0,2,0,2,2,H
51.6,31.4,20.200000000000003,Média,Fraca,Média vs Fraca,1.9,1.66,0.24,0.9,1.05,-0.15000000000000002,1616.75,1500.0,116.75,2x1,2,1,1,3,H
92.6,31.4,61.199999999999996,Muito Forte,Fraca,Muito Forte vs Fraca,2.17,1.66,0.51,0.88,1.05,-0.17000000000000004,1870.0,1500.0,370.0,3x0,3,0,3,3,H
59.0,58.7,0.29999999999999716,Média,Média,Média vs Média,1.42,1.34,0.07999999999999985,0.9,0.82,0.08000000000000007,1675.75,1672.62,3.130000000000109,0x4,0,4,-4,4,A
31.4,31.4,0.0,Fraca,Fraca,Fraca vs Fraca,1.66,1.66,0.0,1.05,1.05,0.0,1500.0,1500.0,0.0,3x0,3,0,3,3,H
31.4,31.4,0.0,Fraca,Fraca,Fraca vs Fraca,1.66,1.66,0.0,1.05,1.05,0.0,1500.0,1500.0,0.0,0x4,0,4,-4,4,A
94.9,31.4,63.50000000000001,Muito Forte,Fraca,Muito Forte vs Fraca,2.33,1.66,0.6700000000000002,0.79,1.05,-0.26,1877.18,1500.0,377.18000000000006,5x0,5,0,5,5,H
31.4,31.4,0.0,Fraca,Fraca,Fraca vs Fraca,1.66,1.66,0.0,1.05,1.05,0.0,1500.0,1500.0,0.0,1x0,1,0,1,1,H
8.1,31.4,-23.299999999999997,Muito Fraca,Fraca,Muito Fraca vs Fraca,1.59,1.66,-0.06999999999999984,1.44,1.05,0.3899999999999999,1370.0,1500.0,-130.0,2x2,2,2,0,4,D
31.4,31.4,0.0,Fraca,Fraca,Fraca vs Fraca,1.66,1.66,0.0,1.05,1.05,0.0,1500.0,1500.0,0.0,4x1,4,1,3,5,H
31.4,31.4,0.0,Fraca,Fraca,Fraca vs Fraca,1.66,1.66,0.0,1.05,1.05,0.0,1500.0,1500.0,0.0,6x0,6,0,6,6,H
45.4,31.9,13.5,Média,Fraca,Média vs Fraca,1.84,1.55,0.29000000000000004,1.07,1.06,0.010000000000000009,1585.51,1506.34,79.17000000000007,2x1,2,1,1,3,H
64.4,31.4,33.00000000000001,Forte,Fraca,Forte vs Fraca,1.9,1.66,0.24,0.99,1.05,-0.06000000000000005,1702.06,1500.0,202.05999999999995,0x0,0,0,0,0,D
77.0,31.4,45.6,Forte,Fraca,Forte vs Fraca,2.45,1.66,0.7900000000000003,0.8,1.05,-0.25,1760.38,1500.0,260.3800000000001,4x2,4,2,2,6,H
28.6,31.4,-2.799999999999997,Fraca,Fraca,Fraca vs Fraca,1.1,1.66,-0.5599999999999998,1.13,1.05,0.07999999999999985,1500.0,1500.0,0.0,2x1,2,1,1,3,H
31.4,31.4,0.0,Fraca,Fraca,Fraca vs Fraca,1.66,1.66,0.0,1.05,1.05,0.0,1500.0,1500.0,0.0,0x0,0,0,0,0,D
31.4,31.4,0.0,Fraca,Fraca,Fraca vs Fraca,1.66,1.66,0.0,1.05,1.05,0.0,1500.0,1500.0,0.0,2x1,2,1,1,3,H
55.2,31.4,23.800000000000004,Média,Fraca,Média vs Fraca,1.77,1.66,0.1100000000000001,1.18,1.05,0.1299999999999999,1654.69,1500.0,154.69000000000005,4x0,4,0,4,4,H
31.4,31.4,0.0,Fraca,Fraca,Fraca vs Fraca,1.66,1.66,0.0,1.05,1.05,0.0,1500.0,1500.0,0.0,3x0,3,0,3,3,H
65.6,31.4,34.199999999999996,Forte,Fraca,Forte vs Fraca,1.75,1.66,0.09000000000000008,1.07,1.05,0.020000000000000018,1716.88,1500.0,216.8800000000001,3x0,3,0,3,3,H
89.0,31.4,57.6,Muito Forte,Fraca,Muito Forte vs Fraca,2.18,1.66,0.5200000000000002,0.58,1.05,-0.4700000000000001,1834.12,1500.0,334.1199999999999,3x0,3,0,3,3,H
67.7,36.7,31.0,Forte,Fraca,Forte vs Fraca,2.21,1.4,0.81,1.21,1.45,-0.24,1724.15,1557.47,166.68000000000006,0x0,0,0,0,0,D
31.4,30.2,1.1999999999999993,Fraca,Fraca,Fraca vs Fraca,1.66,1.42,0.24,1.05,1.24,-0.18999999999999995,1500.0,1506.77,-6.769999999999982,0x2,0,2,-2,2,A
31.4,31.4,0.0,Fraca,Fraca,Fraca vs Fraca,1.66,1.66,0.0,1.05,1.05,0.0,1500.0,1500.0,0.0,0x0,0,0,0,0,D
8.1,59.0,-50.9,Muito Fraca,Média,Muito Fraca vs Média,0.92,1.42,-0.4999999999999999,1.98,0.9,1.08,1410.0,1675.75,-265.75,0x1,0,1,-1,1,A
19.3,58.7,-39.400000000000006,Muito Fraca,Média,Muito Fraca vs Média,1.4,1.34,0.05999999999999983,1.17,0.82,0.35,1435.0,1672.62,-237.6199999999999,0x0,0,0,0,0,D
31.4,31.4,0.0,Fraca,Fraca,Fraca vs Fraca,1.66,1.66,0.0,1.05,1.05,0.0,1500.0,1500.0,0.0,1x1,1,1,0,2,D
8.1,31.4,-23.299999999999997,Muito Fraca,Fraca,Muito Fraca vs Fraca,1.59,1.66,-0.06999999999999984,1.44,1.05,0.3899999999999999,1370.0,1500.0,-130.0,2x0,2,0,2,2,H
8.1,31.4,-23.299999999999997,Muito Fraca,Fraca,Muito Fraca vs Fraca,1.59,1.66,-0.06999999999999984,1.44,1.05,0.3899999999999999,1370.0,1500.0,-130.0,2x1,2,1,1,3,H
31.4,31.4,0.0,Fraca,Fraca,Fraca vs Fraca,1.66,1.66,0.0,1.05,1.05,0.0,1500.0,1500.0,0.0,3x3,3,3,0,6,D
42.3,65.6,-23.299999999999997,Média,Forte,Média vs Forte,1.56,1.75,-0.18999999999999995,0.69,1.07,-0.3800000000000001,1556.72,1716.88,-160.16000000000008,2x4,2,4,-2,6,A
31.4,31.4,0.0,Fraca,Fraca,Fraca vs Fraca,1.66,1.66,0.0,1.05,1.05,0.0,1500.0,1500.0,0.0,0x0,0,0,0,0,D
33.9,35.0,-1.1000000000000014,Fraca,Fraca,Fraca vs Fraca,1.27,1.67,-0.3999999999999999,1.14,1.26,-0.1200000000000001,1529.71,1532.04,-2.3299999999999272,0x0,0,0,0,0,D
36.7,31.4,5.300000000000004,Fraca,Fraca,Fraca vs Fraca,1.4,1.66,-0.26,1.45,1.05,0.3999999999999999,1557.47,1500.0,57.47000000000003,2x1,2,1,1,3,H
31.4,31.4,0.0,Fraca,Fraca,Fraca vs Fraca,1.66,1.66,0.0,1.05,1.05,0.0,1500.0,1500.0,0.0,0x0,0,0,0,0,D
31.4,31.4,0.0,Fraca,Fraca,Fraca vs Fraca,1.66,1.66,0.0,1.05,1.05,0.0,1500.0,1500.0,0.0,1x2,1,2,-1,3,A
31.4,31.4,0.0,Fraca,Fraca,Fraca vs Fraca,1.66,1.66,0.0,1.05,1.05,0.0,1500.0,1500.0,0.0,1x2,1,2,-1,3,A
31.4,31.4,0.0,Fraca,Fraca,Fraca vs Fraca,1.66,1.66,0.0,1.05,1.05,0.0,1500.0,1500.0,0.0,7x0,7,0,7,7,H
31.4,49.1,-17.700000000000003,Fraca,Média,Fraca vs Média,1.66,2.0,-0.3400000000000001,1.05,0.93,0.12,1500.0,1599.45,-99.45000000000005,0x3,0,3,-3,3,A
31.4,31.4,0.0,Fraca,Fraca,Fraca vs Fraca,1.66,1.66,0.0,1.05,1.05,0.0,1500.0,1500.0,0.0,4x1,4,1,3,5,H
31.4,31.4,0.0,Fraca,Fraca,Fraca vs Fraca,1.66,1.66,0.0,1.05,1.05,0.0,1500.0,1500.0,0.0,0x2,0,2,-2,2,A
31.4,31.4,0.0,Fraca,Fraca,Fraca vs Fraca,1.66,1.66,0.0,1.05,1.05,0.0,1500.0,1500.0,0.0,3x0,3,0,3,3,H
31.4,53.5,-22.1,Fraca,Média,Fraca vs Média,1.66,2.07,-0.4099999999999999,1.05,0.73,0.32000000000000006,1500.0,1617.02,-117.01999999999998,0x1,0,1,-1,1,A
31.4,31.4,0.0,Fraca,Fraca,Fraca vs Fraca,1.66,1.66,0.0,1.05,1.05,0.0,1500.0,1500.0,0.0,0x5,0,5,-5,5,A
31.4,31.4,0.0,Fraca,Fraca,Fraca vs Fraca,1.66,1.66,0.0,1.05,1.05,0.0,1500.0,1500.0,0.0,0x3,0,3,-3,3,A
31.4,31.4,0.0,Fraca,Fraca,Fraca vs Fraca,1.66,1.66,0.0,1.05,1.05,0.0,1500.0,1500.0,0.0,1x1,1,1,0,2,D
31.4,31.4,0.0,Fraca,Fraca,Fraca vs Fraca,1.66,1.66,0.0,1.05,1.05,0.0,1500.0,1500.0,0.0,7x0,7,0,7,7,H
31.4,31.4,0.0,Fraca,Fraca,Fraca vs Fraca,1.66,1.66,0.0,1.05,1.05,0.0,1500.0,1500.0,0.0,0x3,0,3,-3,3,A
45.4,31.4,14.0,Média,Fraca,Média vs Fraca,1.77,1.66,0.1100000000000001,0.75,1.05,-0.30000000000000004,1574.01,1500.0,74.00999999999999,5x0,5,0,5,5,H
95.2,19.3,75.9,Muito Forte,Muito Fraca,Muito Forte vs Muito Fraca,2.06,1.4,0.6600000000000001,0.45,1.17,-0.72,1873.33,1435.0,438.3299999999999,3x1,3,1,2,4,H
45.4,31.4,14.0,Média,Fraca,Média vs Fraca,1.84,1.66,0.18000000000000016,1.07,1.05,0.020000000000000018,1585.51,1500.0,85.50999999999999,6x1,6,1,5,7,H
63.9,31.4,32.5,Forte,Fraca,Forte vs Fraca,1.62,1.66,-0.039999999999999813,0.88,1.05,-0.17000000000000004,1701.3,1500.0,201.29999999999995,3x2,3,2,1,5,H
31.4,31.4,0.0,Fraca,Fraca,Fraca vs Fraca,1.66,1.66,0.0,1.05,1.05,0.0,1500.0,1500.0,0.0,2x1,2,1,1,3,H
51.6,31.4,20.200000000000003,Média,Fraca,Média vs Fraca,1.9,1.66,0.24,0.9,1.05,-0.15000000000000002,1616.75,1500.0,116.75,2x0,2,0,2,2,H
31.4,14.8,16.599999999999998,Fraca,Muito Fraca,Fraca vs Muito Fraca,1.66,1.15,0.51,1.05,1.35,-0.30000000000000004,1500.0,1420.0,80.0,1x1,1,1,0,2,D
89.0,70.2,18.799999999999997,Muito Forte,Forte,Muito Forte vs Forte,2.18,2.11,0.07000000000000028,0.58,0.93,-0.3500000000000001,1834.12,1730.71,103.40999999999985,2x2,2,2,0,4,D
92.6,20.8,71.8,Muito Forte,Fraca,Muito Forte vs Fraca,2.17,1.06,1.1099999999999999,0.88,1.22,-0.33999999999999997,1870.0,1455.0,415.0,3x2,3,2,1,5,H
67.7,74.8,-7.099999999999994,Forte,Forte,Forte vs Forte,2.21,2.36,-0.1499999999999999,1.21,0.99,0.21999999999999997,1724.15,1756.27,-32.11999999999989,2x1,2,1,1,3,H
31.4,31.4,0.0,Fraca,Fraca,Fraca vs Fraca,1.66,1.66,0.0,1.05,1.05,0.0,1500.0,1500.0,0.0,2x0,2,0,2,2,H
31.4,58.7,-27.300000000000004,Fraca,Média,Fraca vs Média,1.66,1.34,0.31999999999999984,1.05,0.82,0.2300000000000001,1500.0,1672.62,-172.6199999999999,2x1,2,1,1,3,H
73.4,31.4,42.00000000000001,Forte,Fraca,Forte vs Fraca,1.98,1.66,0.32000000000000006,0.46,1.05,-0.5900000000000001,1736.56,1500.0,236.55999999999995,0x0,0,0,0,0,D
31.4,31.4,0.0,Fraca,Fraca,Fraca vs Fraca,1.66,1.66,0.0,1.05,1.05,0.0,1500.0,1500.0,0.0,0x1,0,1,-1,1,A
31.4,31.4,0.0,Fraca,Fraca,Fraca vs Fraca,1.66,1.66,0.0,1.05,1.05,0.0,1500.0,1500.0,0.0,1x1,1,1,0,2,D
21.3,31.4,-10.099999999999998,Fraca,Fraca,Fraca vs Fraca,0.89,1.66,-0.7699999999999999,1.15,1.05,0.09999999999999987,1460.0,1500.0,-40.0,4x1,4,1,3,5,H
28.6,55.2,-26.6,Fraca,Média,Fraca vs Média,1.1,1.77,-0.6699999999999999,1.13,1.18,-0.050000000000000044,1500.0,1654.69,-154.69000000000005,0x1,0,1,-1,1,A
30.2,24.7,5.5,Fraca,Fraca,Fraca vs Fraca,1.42,1.09,0.32999999999999985,1.24,1.24,0.0,1506.77,1480.0,26.769999999999982,0x1,0,1,-1,1,A
63.7,31.4,32.300000000000004,Forte,Fraca,Forte vs Fraca,1.8,1.66,0.14000000000000012,0.64,1.05,-0.41000000000000003,1684.86,1500.0,184.8599999999999,1x0,1,0,1,1,H
31.4,77.0,-45.6,Fraca,Forte,Fraca vs Forte,1.66,2.45,-0.7900000000000003,1.05,0.8,0.25,1500.0,1760.38,-260.3800000000001,2x0,2,0,2,2,H
94.9,75.4,19.5,Muito Forte,Forte,Muito Forte vs Forte,2.33,1.94,0.3900000000000001,0.79,0.74,0.050000000000000044,1877.18,1760.46,116.72000000000003,3x3,3,3,0,6,D
31.4,31.4,0.0,Fraca,Fraca,Fraca vs Fraca,1.66,1.66,0.0,1.05,1.05,0.0,1500.0,1500.0,0.0,2x1,2,1,1,3,H
8.1,31.4,-23.299999999999997,Muito Fraca,Fraca,Muito Fraca vs Fraca,0.92,1.66,-0.7399999999999999,1.98,1.05,0.9299999999999999,1410.0,1500.0,-90.0,1x0,1,0,1,1,H
31.4,31.4,0.0,Fraca,Fraca,Fraca vs Fraca,1.66,1.66,0.0,1.05,1.05,0.0,1500.0,1500.0,0.0,1x1,1,1,0,2,D
31.4,31.9,-0.5,Fraca,Fraca,Fraca vs Fraca,1.66,1.55,0.10999999999999988,1.05,1.06,-0.010000000000000009,1500.0,1506.34,-6.339999999999918,0x1,0,1,-1,1,A
31.4,31.4,0.0,Fraca,Fraca,Fraca vs Fraca,1.66,1.66,0.0,1.05,1.05,0.0,1500.0,1500.0,0.0,1x0,1,0,1,1,H
31.4,31.4,0.0,Fraca,Fraca,Fraca vs Fraca,1.66,1.66,0.0,1.05,1.05,0.0,1500.0,1500.0,0.0,1x0,1,0,1,1,H
19.0,36.3,-17.299999999999997,Muito Fraca,Fraca,Muito Fraca vs Fraca,1.27,1.61,-0.3400000000000001,1.26,1.23,0.030000000000000027,1440.0,1540.43,-100.43000000000006,1x0,1,0,1,1,H
62.3,59.0,3.299999999999997,Forte,Média,Forte vs Média,1.95,1.42,0.53,0.86,0.9,-0.040000000000000036,1681.88,1675.75,6.130000000000109,2x0,2,0,2,2,H
45.4,64.4,-19.000000000000007,Média,Forte,Média vs Forte,1.16,1.9,-0.74,0.8,0.99,-0.18999999999999995,1591.73,1702.06,-110.32999999999993,0x2,0,2,-2,2,A
31.4,20.9,10.5,Fraca,Fraca,Fraca vs Fraca,1.66,0.98,0.6799999999999999,1.05,1.4,-0.34999999999999987,1500.0,1465.22,34.77999999999997,0x0,0,0,0,0,D
31.4,65.6,-34.199999999999996,Fraca,Forte,Fraca vs Forte,1.66,1.75,-0.09000000000000008,1.05,1.07,-0.020000000000000018,1500.0,1716.88,-216.8800000000001,0x0,0,0,0,0,D
42.6,8.1,34.5,Média,Muito Fraca,Média vs Muito Fraca,1.88,1.59,0.2899999999999998,0.89,1.44,-0.5499999999999999,1559.15,1370.0,189.1500000000001,2x0,2,0,2,2,H
19.3,14.8,4.5,Muito Fraca,Muito Fraca,Muito Fraca vs Muito Fraca,1.4,1.15,0.25,1.17,1.35,-0.18000000000000016,1435.0,1420.0,15.0,3x1,3,1,2,4,H
51.6,55.2,-3.6000000000000014,Média,Média,Média vs Média,1.9,1.77,0.1299999999999999,0.9,1.18,-0.2799999999999999,1616.75,1654.69,-37.940000000000055,0x0,0,0,0,0,D
89.0,75.4,13.599999999999994,Muito Forte,Forte,Muito Forte vs Forte,2.18,1.94,0.2400000000000002,0.58,0.74,-0.16000000000000003,1834.12,1760.46,73.65999999999985,0x1,0,1,-1,1,A
92.6,67.7,24.89999999999999,Muito Forte,Forte,Muito Forte vs Forte,2.17,2.21,-0.040000000000000036,0.88,1.21,-0.32999999999999996,1870.0,1724.15,145.8499999999999,0x2,0,2,-2,2,A
31.4,31.4,0.0,Fraca,Fraca,Fraca vs Fraca,1.66,1.66,0.0,1.05,1.05,0.0,1500.0,1500.0,0.0,2x2,2,2,0,4,D
28.6,70.2,-41.6,Fraca,Forte,Fraca vs Forte,1.1,2.11,-1.0099999999999998,1.13,0.93,0.19999999999999984,1500.0,1730.71,-230.71000000000004,0x0,0,0,0,0,D
31.4,45.4,-14.0,Fraca,Média,Fraca vs Média,1.66,1.84,-0.18000000000000016,1.05,1.07,-0.020000000000000018,1500.0,1585.51,-85.50999999999999,0x2,0,2,-2,2,A
31.4,8.1,23.299999999999997,Fraca,Muito Fraca,Fraca vs Muito Fraca,1.66,0.92,0.7399999999999999,1.05,1.98,-0.9299999999999999,1500.0,1410.0,90.0,3x2,3,2,1,5,H
31.4,31.4,0.0,Fraca,Fraca,Fraca vs Fraca,1.66,1.66,0.0,1.05,1.05,0.0,1500.0,1500.0,0.0,1x0,1,0,1,1,H
42.3,31.4,10.899999999999999,Média,Fraca,Média vs Fraca,1.56,1.66,-0.09999999999999987,0.69,1.05,-0.3600000000000001,1556.72,1500.0,56.72000000000003,1x0,1,0,1,1,H
31.4,20.8,10.599999999999998,Fraca,Fraca,Fraca vs Fraca,1.66,1.06,0.5999999999999999,1.05,1.22,-0.16999999999999993,1500.0,1455.0,45.0,0x3,0,3,-3,3,A
95.2,31.4,63.800000000000004,Muito Forte,Fraca,Muito Forte vs Fraca,2.06,1.66,0.40000000000000013,0.45,1.05,-0.6000000000000001,1873.33,1500.0,373.3299999999999,3x0,3,0,3,3,H
31.4,31.4,0.0,Fraca,Fraca,Fraca vs Fraca,1.66,1.66,0.0,1.05,1.05,0.0,1500.0,1500.0,0.0,1x2,1,2,-1,3,A
31.4,31.4,0.0,Fraca,Fraca,Fraca vs Fraca,1.66,1.66,0.0,1.05,1.05,0.0,1500.0,1500.0,0.0,4x0,4,0,4,4,H
31.4,31.4,0.0,Fraca,Fraca,Fraca vs Fraca,1.66,1.66,0.0,1.05,1.05,0.0,1500.0,1500.0,0.0,1x0,1,0,1,1,H
31.4,31.4,0.0,Fraca,Fraca,Fraca vs Fraca,1.66,1.66,0.0,1.05,1.05,0.0,1500.0,1500.0,0.0,0x2,0,2,-2,2,A
73.4,31.4,42.00000000000001,Forte,Fraca,Forte vs Fraca,1.98,1.66,0.32000000000000006,0.46,1.05,-0.5900000000000001,1736.56,1500.0,236.55999999999995,1x0,1,0,1,1,H
74.8,30.2,44.599999999999994,Forte,Fraca,Forte vs Fraca,2.36,1.42,0.94,0.99,1.24,-0.25,1756.27,1506.77,249.5,4x0,4,0,4,4,H
44.7,24.6,20.1,Média,Fraca,Média vs Fraca,1.56,1.27,0.29000000000000004,0.91,1.13,-0.21999999999999986,1581.56,1470.0,111.55999999999995,2x1,2,1,1,3,H
31.4,31.4,0.0,Fraca,Fraca,Fraca vs Fraca,1.66,1.66,0.0,1.05,1.05,0.0,1500.0,1500.0,0.0,1x1,1,1,0,2,D
31.4,31.4,0.0,Fraca,Fraca,Fraca vs Fraca,1.66,1.66,0.0,1.05,1.05,0.0,1500.0,1500.0,0.0,1x2,1,2,-1,3,A
21.3,31.4,-10.099999999999998,Fraca,Fraca,Fraca vs Fraca,0.89,1.66,-0.7699999999999999,1.15,1.05,0.09999999999999987,1460.0,1500.0,-40.0,2x0,2,0,2,2,H
31.4,24.7,6.699999999999999,Fraca,Fraca,Fraca vs Fraca,1.66,1.09,0.5699999999999998,1.05,1.24,-0.18999999999999995,1500.0,1480.0,20.0,1x1,1,1,0,2,D
63.7,31.4,32.300000000000004,Forte,Fraca,Forte vs Fraca,1.8,1.66,0.14000000000000012,0.64,1.05,-0.41000000000000003,1684.86,1500.0,184.8599999999999,3x0,3,0,3,3,H
94.9,63.9,31.000000000000007,Muito Forte,Forte,Muito Forte vs Forte,2.33,1.62,0.71,0.79,0.88,-0.08999999999999997,1877.18,1701.3,175.8800000000001,0x1,0,1,-1,1,A
31.4,31.4,0.0,Fraca,Fraca,Fraca vs Fraca,1.66,1.66,0.0,1.05,1.05,0.0,1500.0,1500.0,0.0,1x1,1,1,0,2,D
36.3,59.0,-22.700000000000003,Fraca,Média,Fraca vs Média,1.61,1.42,0.19000000000000017,1.23,0.9,0.32999999999999996,1540.43,1675.75,-135.31999999999994,0x3,0,3,-3,3,A
62.3,19.0,43.3,Forte,Muito Fraca,Forte vs Muito Fraca,1.95,1.27,0.6799999999999999,0.86,1.26,-0.4,1681.88,1440.0,241.8800000000001,3x1,3,1,2,4,H
35.0,31.4,3.6000000000000014,Fraca,Fraca,Fraca vs Fraca,1.67,1.66,0.010000000000000009,1.26,1.05,0.20999999999999996,1532.04,1500.0,32.039999999999964,5x1,5,1,4,6,H
33.9,31.4,2.5,Fraca,Fraca,Fraca vs Fraca,1.27,1.66,-0.3899999999999999,1.14,1.05,0.08999999999999986,1529.71,1500.0,29.710000000000036,4x1,4,1,3,5,H
31.4,31.4,0.0,Fraca,Fraca,Fraca vs Fraca,1.66,1.66,0.0,1.05,1.05,0.0,1500.0,1500.0,0.0,1x4,1,4,-3,5,A
31.4,36.7,-5.300000000000004,Fraca,Fraca,Fraca vs Fraca,1.66,1.4,0.26,1.05,1.45,-0.3999999999999999,1500.0,1557.47,-57.47000000000003,1x2,1,2,-1,3,A
31.4,31.4,0.0,Fraca,Fraca,Fraca vs Fraca,1.66,1.66,0.0,1.05,1.05,0.0,1500.0,1500.0,0.0,5x0,5,0,5,5,H
31.4,31.4,0.0,Fraca,Fraca,Fraca vs Fraca,1.66,1.66,0.0,1.05,1.05,0.0,1500.0,1500.0,0.0,3x0,3,0,3,3,H
31.4,31.4,0.0,Fraca,Fraca,Fraca vs Fraca,1.66,1.66,0.0,1.05,1.05,0.0,1500.0,1500.0,0.0,0x0,0,0,0,0,D
31.4,31.4,0.0,Fraca,Fraca,Fraca vs Fraca,1.66,1.66,0.0,1.05,1.05,0.0,1500.0,1500.0,0.0,1x1,1,1,0,2,D
61.5,31.4,30.1,Forte,Fraca,Forte vs Fraca,2.67,1.66,1.01,0.67,1.05,-0.38,1650.12,1500.0,150.1199999999999,1x0,1,0,1,1,H
49.1,31.4,17.700000000000003,Média,Fraca,Média vs Fraca,2.0,1.66,0.3400000000000001,0.93,1.05,-0.12,1599.45,1500.0,99.45000000000005,1x1,1,1,0,2,D
31.4,31.4,0.0,Fraca,Fraca,Fraca vs Fraca,1.66,1.66,0.0,1.05,1.05,0.0,1500.0,1500.0,0.0,2x2,2,2,0,4,D
31.4,31.4,0.0,Fraca,Fraca,Fraca vs Fraca,1.66,1.66,0.0,1.05,1.05,0.0,1500.0,1500.0,0.0,2x0,2,0,2,2,H
53.5,31.4,22.1,Média,Fraca,Média vs Fraca,2.07,1.66,0.4099999999999999,0.73,1.05,-0.32000000000000006,1617.02,1500.0,117.01999999999998,5x0,5,0,5,5,H
31.4,31.4,0.0,Fraca,Fraca,Fraca vs Fraca,1.66,1.66,0.0,1.05,1.05,0.0,1500.0,1500.0,0.0,0x2,0,2,-2,2,A
31.4,31.4,0.0,Fraca,Fraca,Fraca vs Fraca,1.66,1.66,0.0,1.05,1.05,0.0,1500.0,1500.0,0.0,1x0,1,0,1,1,H
31.4,31.4,0.0,Fraca,Fraca,Fraca vs Fraca,1.66,1.66,0.0,1.05,1.05,0.0,1500.0,1500.0,0.0,1x0,1,0,1,1,H
31.4,31.4,0.0,Fraca,Fraca,Fraca vs Fraca,1.66,1.66,0.0,1.05,1.05,0.0,1500.0,1500.0,0.0,0x3,0,3,-3,3,A
31.4,31.4,0.0,Fraca,Fraca,Fraca vs Fraca,1.66,1.66,0.0,1.05,1.05,0.0,1500.0,1500.0,0.0,1x0,1,0,1,1,H
31.4,31.4,0.0,Fraca,Fraca,Fraca vs Fraca,1.66,1.66,0.0,1.05,1.05,0.0,1500.0,1500.0,0.0,2x1,2,1,1,3,H
45.4,31.4,14.0,Média,Fraca,Média vs Fraca,1.77,1.66,0.1100000000000001,0.75,1.05,-0.30000000000000004,1574.01,1500.0,74.00999999999999,2x0,2,0,2,2,H
45.4,31.4,14.0,Média,Fraca,Média vs Fraca,1.16,1.66,-0.5,0.8,1.05,-0.25,1591.73,1500.0,91.73000000000002,2x0,2,0,2,2,H
31.4,31.4,0.0,Fraca,Fraca,Fraca vs Fraca,1.66,1.66,0.0,1.05,1.05,0.0,1500.0,1500.0,0.0,2x2,2,2,0,4,D
77.0,31.4,45.6,Forte,Fraca,Forte vs Fraca,2.45,1.66,0.7900000000000003,0.8,1.05,-0.25,1760.38,1500.0,260.3800000000001,5x2,5,2,3,7,H
31.4,31.4,0.0,Fraca,Fraca,Fraca vs Fraca,1.66,1.66,0.0,1.05,1.05,0.0,1500.0,1500.0,0.0,0x2,0,2,-2,2,A
20.9,64.4,-43.50000000000001,Fraca,Forte,Fraca vs Forte,0.98,1.9,-0.9199999999999999,1.4,0.99,0.4099999999999999,1465.22,1702.06,-236.83999999999992,1x2,1,2,-1,3,A
31.4,31.4,0.0,Fraca,Fraca,Fraca vs Fraca,1.66,1.66,0.0,1.05,1.05,0.0,1500.0,1500.0,0.0,1x1,1,1,0,2,D
31.4,31.4,0.0,Fraca,Fraca,Fraca vs Fraca,1.66,1.66,0.0,1.05,1.05,0.0,1500.0,1500.0,0.0,2x1,2,1,1,3,H
8.1,19.0,-10.9,Muito Fraca,Muito Fraca,Muito Fraca vs Muito Fraca,1.59,1.27,0.32000000000000006,1.44,1.26,0.17999999999999994,1370.0,1440.0,-70.0,0x0,0,0,0,0,D
8.1,19.0,-10.9,Muito Fraca,Muito Fraca,Muito Fraca vs Muito Fraca,1.59,1.27,0.32000000000000006,1.44,1.26,0.17999999999999994,1370.0,1440.0,-70.0,0x1,0,1,-1,1,A
31.4,44.7,-13.300000000000004,Fraca,Média,Fraca vs Média,1.66,1.56,0.09999999999999987,1.05,0.91,0.14,1500.0,1581.56,-81.55999999999995,2x1,2,1,1,3,H
31.4,31.4,0.0,Fraca,Fraca,Fraca vs Fraca,1.66,1.66,0.0,1.05,1.05,0.0,1500.0,1500.0,0.0,3x1,3,1,2,4,H
31.4,31.4,0.0,Fraca,Fraca,Fraca vs Fraca,1.66,1.66,0.0,1.05,1.05,0.0,1500.0,1500.0,0.0,0x0,0,0,0,0,D
31.4,53.5,-22.1,Fraca,Média,Fraca vs Média,1.66,2.07,-0.4099999999999999,1.05,0.73,0.32000000000000006,1500.0,1617.02,-117.01999999999998,3x2,3,2,1,5,H
31.4,31.4,0.0,Fraca,Fraca,Fraca vs Fraca,1.66,1.66,0.0,1.05,1.05,0.0,1500.0,1500.0,0.0,1x0,1,0,1,1,H
44.7,31.4,13.300000000000004,Média,Fraca,Média vs Fraca,1.56,1.66,-0.09999999999999987,0.91,1.05,-0.14,1581.56,1500.0,81.55999999999995,1x1,1,1,0,2,D
31.4,49.1,-17.700000000000003,Fraca,Média,Fraca vs Média,1.66,2.0,-0.3400000000000001,1.05,0.93,0.12,1500.0,1599.45,-99.45000000000005,2x0,2,0,2,2,H
53.5,61.5,-8.0,Média,Forte,Média vs Forte,2.07,2.67,-0.6000000000000001,0.73,0.67,0.05999999999999994,1617.02,1650.12,-33.09999999999991,2x1,2,1,1,3,H
31.4,31.4,0.0,Fraca,Fraca,Fraca vs Fraca,1.66,1.66,0.0,1.05,1.05,0.0,1500.0,1500.0,0.0,1x1,1,1,0,2,D
31.4,31.4,0.0,Fraca,Fraca,Fraca vs Fraca,1.66,1.66,0.0,1.05,1.05,0.0,1500.0,1500.0,0.0,0x0,0,0,0,0,D
31.4,31.4,0.0,Fraca,Fraca,Fraca vs Fraca,1.66,1.66,0.0,1.05,1.05,0.0,1500.0,1500.0,0.0,2x1,2,1,1,3,H
19.3,31.4,-12.099999999999998,Muito Fraca,Fraca,Muito Fraca vs Fraca,1.4,1.66,-0.26,1.17,1.05,0.11999999999999988,1435.0,1500.0,-65.0,2x0,2,0,2,2,H
45.4,49.1,-3.700000000000003,Média,Média,Média vs Média,1.77,2.0,-0.22999999999999998,0.75,0.93,-0.18000000000000005,1574.01,1599.45,-25.440000000000055,1x2,1,2,-1,3,A
31.4,31.4,0.0,Fraca,Fraca,Fraca vs Fraca,1.66,1.66,0.0,1.05,1.05,0.0,1500.0,1500.0,0.0,0x1,0,1,-1,1,A
44.7,31.4,13.300000000000004,Média,Fraca,Média vs Fraca,1.56,1.66,-0.09999999999999987,0.91,1.05,-0.14,1581.56,1500.0,81.55999999999995,1x0,1,0,1,1,H
31.4,61.5,-30.1,Fraca,Forte,Fraca vs Forte,1.66,2.67,-1.01,1.05,0.67,0.38,1500.0,1650.12,-150.1199999999999,1x3,1,3,-2,4,A
53.5,31.4,22.1,Média,Fraca,Média vs Fraca,2.07,1.66,0.4099999999999999,0.73,1.05,-0.32000000000000006,1617.02,1500.0,117.01999999999998,1x1,1,1,0,2,D
31.4,49.1,-17.700000000000003,Fraca,Média,Fraca vs Média,1.66,2.0,-0.3400000000000001,1.05,0.93,0.12,1500.0,1599.45,-99.45000000000005,1x1,1,1,0,2,D
31.4,31.4,0.0,Fraca,Fraca,Fraca vs Fraca,1.66,1.66,0.0,1.05,1.05,0.0,1500.0,1500.0,0.0,2x1,2,1,1,3,H
31.4,31.4,0.0,Fraca,Fraca,Fraca vs Fraca,1.66,1.66,0.0,1.05,1.05,0.0,1500.0,1500.0,0.0,2x1,2,1,1,3,H
73.4,31.4,42.00000000000001,Forte,Fraca,Forte vs Fraca,1.98,1.66,0.32000000000000006,0.46,1.05,-0.5900000000000001,1736.56,1500.0,236.55999999999995,0x2,0,2,-2,2,A
31.4,31.4,0.0,Fraca,Fraca,Fraca vs Fraca,1.66,1.66,0.0,1.05,1.05,0.0,1500.0,1500.0,0.0,2x3,2,3,-1,5,A
31.4,31.4,0.0,Fraca,Fraca,Fraca vs Fraca,1.66,1.66,0.0,1.05,1.05,0.0,1500.0,1500.0,0.0,2x1,2,1,1,3,H
31.4,63.7,-32.300000000000004,Fraca,Forte,Fraca vs Forte,1.66,1.8,-0.14000000000000012,1.05,0.64,0.41000000000000003,1500.0,1684.86,-184.8599999999999,1x1,1,1,0,2,D
45.4,31.4,14.0,Média,Fraca,Média vs Fraca,1.77,1.66,0.1100000000000001,0.75,1.05,-0.30000000000000004,1574.01,1500.0,74.00999999999999,4x0,4,0,4,4,H
31.4,31.4,0.0,Fraca,Fraca,Fraca vs Fraca,1.66,1.66,0.0,1.05,1.05,0.0,1500.0,1500.0,0.0,1x1,1,1,0,2,D
42.3,31.4,10.899999999999999,Média,Fraca,Média vs Fraca,1.56,1.66,-0.09999999999999987,0.69,1.05,-0.3600000000000001,1556.72,1500.0,56.72000000000003,1x1,1,1,0,2,D
44.7,28.9,15.800000000000004,Média,Fraca,Média vs Fraca,1.56,1.38,0.18000000000000016,0.91,0.83,0.08000000000000007,1581.56,1482.39,99.16999999999985,2x0,2,0,2,2,H
31.4,31.4,0.0,Fraca,Fraca,Fraca vs Fraca,1.66,1.66,0.0,1.05,1.05,0.0,1500.0,1500.0,0.0,0x1,0,1,-1,1,A
49.1,31.4,17.700000000000003,Média,Fraca,Média vs Fraca,2.0,1.66,0.3400000000000001,0.93,1.05,-0.12,1599.45,1500.0,99.45000000000005,3x3,3,3,0,6,D
31.4,31.4,0.0,Fraca,Fraca,Fraca vs Fraca,1.66,1.66,0.0,1.05,1.05,0.0,1500.0,1500.0,0.0,1x1,1,1,0,2,D
31.4,31.4,0.0,Fraca,Fraca,Fraca vs Fraca,1.66,1.66,0.0,1.05,1.05,0.0,1500.0,1500.0,0.0,0x0,0,0,0,0,D
31.4,31.4,0.0,Fraca,Fraca,Fraca vs Fraca,1.66,1.66,0.0,1.05,1.05,0.0,1500.0,1500.0,0.0,3x2,3,2,1,5,H
61.5,31.4,30.1,Forte,Fraca,Forte vs Fraca,2.67,1.66,1.01,0.67,1.05,-0.38,1650.12,1500.0,150.1199999999999,3x1,3,1,2,4,H
31.4,31.4,0.0,Fraca,Fraca,Fraca vs Fraca,1.66,1.66,0.0,1.05,1.05,0.0,1500.0,1500.0,0.0,0x0,0,0,0,0,D
31.4,31.4,0.0,Fraca,Fraca,Fraca vs Fraca,1.66,1.66,0.0,1.05,1.05,0.0,1500.0,1500.0,0.0,0x0,0,0,0,0,D
31.4,73.4,-42.00000000000001,Fraca,Forte,Fraca vs Forte,1.66,1.98,-0.32000000000000006,1.05,0.46,0.5900000000000001,1500.0,1736.56,-236.55999999999995,0x1,0,1,-1,1,A
45.4,31.4,14.0,Média,Fraca,Média vs Fraca,1.77,1.66,0.1100000000000001,0.75,1.05,-0.30000000000000004,1574.01,1500.0,74.00999999999999,1x1,1,1,0,2,D
31.4,31.4,0.0,Fraca,Fraca,Fraca vs Fraca,1.66,1.66,0.0,1.05,1.05,0.0,1500.0,1500.0,0.0,1x0,1,0,1,1,H
53.5,31.4,22.1,Média,Fraca,Média vs Fraca,2.07,1.66,0.4099999999999999,0.73,1.05,-0.32000000000000006,1617.02,1500.0,117.01999999999998,2x1,2,1,1,3,H
31.4,28.9,2.5,Fraca,Fraca,Fraca vs Fraca,1.66,1.38,0.28,1.05,0.83,0.22000000000000008,1500.0,1482.39,17.6099999999999,2x3,2,3,-1,5,A
31.4,63.7,-32.300000000000004,Fraca,Forte,Fraca vs Forte,1.66,1.8,-0.14000000000000012,1.05,0.64,0.41000000000000003,1500.0,1684.86,-184.8599999999999,0x2,0,2,-2,2,A
31.4,31.4,0.0,Fraca,Fraca,Fraca vs Fraca,1.66,1.66,0.0,1.05,1.05,0.0,1500.0,1500.0,0.0,2x0,2,0,2,2,H
31.4,31.4,0.0,Fraca,Fraca,Fraca vs Fraca,1.66,1.66,0.0,1.05,1.05,0.0,1500.0,1500.0,0.0,1x0,1,0,1,1,H
31.4,31.4,0.0,Fraca,Fraca,Fraca vs Fraca,1.66,1.66,0.0,1.05,1.05,0.0,1500.0,1500.0,0.0,1x0,1,0,1,1,H
31.4,31.4,0.0,Fraca,Fraca,Fraca vs Fraca,1.66,1.66,0.0,1.05,1.05,0.0,1500.0,1500.0,0.0,2x1,2,1,1,3,H
31.4,44.7,-13.300000000000004,Fraca,Média,Fraca vs Média,1.66,1.56,0.09999999999999987,1.05,0.91,0.14,1500.0,1581.56,-81.55999999999995,0x1,0,1,-1,1,A
31.4,31.4,0.0,Fraca,Fraca,Fraca vs Fraca,1.66,1.66,0.0,1.05,1.05,0.0,1500.0,1500.0,0.0,0x4,0,4,-4,4,A
31.4,42.3,-10.899999999999999,Fraca,Média,Fraca vs Média,1.66,1.56,0.09999999999999987,1.05,0.69,0.3600000000000001,1500.0,1556.72,-56.72000000000003,2x2,2,2,0,4,D
31.4,24.6,6.799999999999997,Fraca,Fraca,Fraca vs Fraca,1.66,1.27,0.3899999999999999,1.05,1.13,-0.07999999999999985,1500.0,1470.0,30.0,2x2,2,2,0,4,D
31.4,31.4,0.0,Fraca,Fraca,Fraca vs Fraca,1.66,1.66,0.0,1.05,1.05,0.0,1500.0,1500.0,0.0,0x0,0,0,0,0,D
31.4,31.4,0.0,Fraca,Fraca,Fraca vs Fraca,1.66,1.66,0.0,1.05,1.05,0.0,1500.0,1500.0,0.0,0x2,0,2,-2,2,A
31.4,31.4,0.0,Fraca,Fraca,Fraca vs Fraca,1.66,1.66,0.0,1.05,1.05,0.0,1500.0,1500.0,0.0,4x0,4,0,4,4,H
73.4,31.4,42.00000000000001,Forte,Fraca,Forte vs Fraca,1.98,1.66,0.32000000000000006,0.46,1.05,-0.5900000000000001,1736.56,1500.0,236.55999999999995,1x1,1,1,0,2,D
31.4,31.4,0.0,Fraca,Fraca,Fraca vs Fraca,1.66,1.66,0.0,1.05,1.05,0.0,1500.0,1500.0,0.0,1x1,1,1,0,2,D
31.4,49.1,-17.700000000000003,Fraca,Média,Fraca vs Média,1.66,2.0,-0.3400000000000001,1.05,0.93,0.12,1500.0,1599.45,-99.45000000000005,2x2,2,2,0,4,D
31.4,31.4,0.0,Fraca,Fraca,Fraca vs Fraca,1.66,1.66,0.0,1.05,1.05,0.0,1500.0,1500.0,0.0,2x2,2,2,0,4,D
31.4,31.4,0.0,Fraca,Fraca,Fraca vs Fraca,1.66,1.66,0.0,1.05,1.05,0.0,1500.0,1500.0,0.0,1x1,1,1,0,2,D
62.3,31.4,30.9,Forte,Fraca,Forte vs Fraca,1.95,1.66,0.29000000000000004,0.86,1.05,-0.19000000000000006,1681.88,1500.0,181.8800000000001,0x1,0,1,-1,1,A
31.4,53.5,-22.1,Fraca,Média,Fraca vs Média,1.66,2.07,-0.4099999999999999,1.05,0.73,0.32000000000000006,1500.0,1617.02,-117.01999999999998,0x1,0,1,-1,1,A
31.4,61.5,-30.1,Fraca,Forte,Fraca vs Forte,1.66,2.67,-1.01,1.05,0.67,0.38,1500.0,1650.12,-150.1199999999999,2x1,2,1,1,3,H
31.4,31.4,0.0,Fraca,Fraca,Fraca vs Fraca,1.66,1.66,0.0,1.05,1.05,0.0,1500.0,1500.0,0.0,0x1,0,1,-1,1,A
63.7,28.9,34.800000000000004,Forte,Fraca,Forte vs Fraca,1.8,1.38,0.42000000000000015,0.64,0.83,-0.18999999999999995,1684.86,1482.39,202.4699999999998,3x1,3,1,2,4,H
31.4,31.4,0.0,Fraca,Fraca,Fraca vs Fraca,1.66,1.66,0.0,1.05,1.05,0.0,1500.0,1500.0,0.0,0x2,0,2,-2,2,A
31.4,45.4,-14.0,Fraca,Média,Fraca vs Média,1.66,1.77,-0.1100000000000001,1.05,0.75,0.30000000000000004,1500.0,1574.01,-74.00999999999999,0x1,0,1,-1,1,A
31.4,31.4,0.0,Fraca,Fraca,Fraca vs Fraca,1.66,1.66,0.0,1.05,1.05,0.0,1500.0,1500.0,0.0,0x3,0,3,-3,3,A
31.4,31.4,0.0,Fraca,Fraca,Fraca vs Fraca,1.66,1.66,0.0,1.05,1.05,0.0,1500.0,1500.0,0.0,1x1,1,1,0,2,D
31.4,44.7,-13.300000000000004,Fraca,Média,Fraca vs Média,1.66,1.56,0.09999999999999987,1.05,0.91,0.14,1500.0,1581.56,-81.55999999999995,0x1,0,1,-1,1,A
42.3,24.6,17.699999999999996,Média,Fraca,Média vs Fraca,1.56,1.27,0.29000000000000004,0.69,1.13,-0.43999999999999995,1556.72,1470.0,86.72000000000003,2x2,2,2,0,4,D
31.4,31.4,0.0,Fraca,Fraca,Fraca vs Fraca,1.66,1.66,0.0,1.05,1.05,0.0,1500.0,1500.0,0.0,0x0,0,0,0,0,D
31.4,31.4,0.0,Fraca,Fraca,Fraca vs Fraca,1.66,1.66,0.0,1.05,1.05,0.0,1500.0,1500.0,0.0,1x0,1,0,1,1,H
73.4,31.4,42.00000000000001,Forte,Fraca,Forte vs Fraca,1.98,1.66,0.32000000000000006,0.46,1.05,-0.5900000000000001,1736.56,1500.0,236.55999999999995,3x0,3,0,3,3,H
31.4,31.4,0.0,Fraca,Fraca,Fraca vs Fraca,1.66,1.66,0.0,1.05,1.05,0.0,1500.0,1500.0,0.0,1x1,1,1,0,2,D
14.8,31.4,-16.599999999999998,Muito Fraca,Fraca,Muito Fraca vs Fraca,1.15,1.66,-0.51,1.35,1.05,0.30000000000000004,1420.0,1500.0,-80.0,0x2,0,2,-2,2,A
31.4,31.4,0.0,Fraca,Fraca,Fraca vs Fraca,1.66,1.66,0.0,1.05,1.05,0.0,1500.0,1500.0,0.0,2x0,2,0,2,2,H
31.4,31.4,0.0,Fraca,Fraca,Fraca vs Fraca,1.66,1.66,0.0,1.05,1.05,0.0,1500.0,1500.0,0.0,2x1,2,1,1,3,H
31.4,31.4,0.0,Fraca,Fraca,Fraca vs Fraca,1.66,1.66,0.0,1.05,1.05,0.0,1500.0,1500.0,0.0,1x0,1,0,1,1,H
31.4,31.4,0.0,Fraca,Fraca,Fraca vs Fraca,1.66,1.66,0.0,1.05,1.05,0.0,1500.0,1500.0,0.0,0x1,0,1,-1,1,A
31.4,31.4,0.0,Fraca,Fraca,Fraca vs Fraca,1.66,1.66,0.0,1.05,1.05,0.0,1500.0,1500.0,0.0,2x0,2,0,2,2,H
31.4,31.4,0.0,Fraca,Fraca,Fraca vs Fraca,1.66,1.66,0.0,1.05,1.05,0.0,1500.0,1500.0,0.0,1x3,1,3,-2,4,A
49.1,31.4,17.700000000000003,Média,Fraca,Média vs Fraca,2.0,1.66,0.3400000000000001,0.93,1.05,-0.12,1599.45,1500.0,99.45000000000005,3x1,3,1,2,4,H
31.4,31.4,0.0,Fraca,Fraca,Fraca vs Fraca,1.66,1.66,0.0,1.05,1.05,0.0,1500.0,1500.0,0.0,0x4,0,4,-4,4,A
63.7,31.4,32.300000000000004,Forte,Fraca,Forte vs Fraca,1.8,1.66,0.14000000000000012,0.64,1.05,-0.41000000000000003,1684.86,1500.0,184.8599999999999,3x0,3,0,3,3,H
28.9,31.4,-2.5,Fraca,Fraca,Fraca vs Fraca,1.38,1.66,-0.28,0.83,1.05,-0.22000000000000008,1482.39,1500.0,-17.6099999999999,1x1,1,1,0,2,D
31.4,31.4,0.0,Fraca,Fraca,Fraca vs Fraca,1.66,1.66,0.0,1.05,1.05,0.0,1500.0,1500.0,0.0,1x1,1,1,0,2,D
31.4,31.4,0.0,Fraca,Fraca,Fraca vs Fraca,1.66,1.66,0.0,1.05,1.05,0.0,1500.0,1500.0,0.0,3x1,3,1,2,4,H
53.5,31.4,22.1,Média,Fraca,Média vs Fraca,2.07,1.66,0.4099999999999999,0.73,1.05,-0.32000000000000006,1617.02,1500.0,117.01999999999998,4x1,4,1,3,5,H
61.5,31.4,30.1,Forte,Fraca,Forte vs Fraca,2.67,1.66,1.01,0.67,1.05,-0.38,1650.12,1500.0,150.1199999999999,4x2,4,2,2,6,H
44.7,31.4,13.300000000000004,Média,Fraca,Média vs Fraca,1.56,1.66,-0.09999999999999987,0.91,1.05,-0.14,1581.56,1500.0,81.55999999999995,1x1,1,1,0,2,D
42.3,31.4,10.899999999999999,Média,Fraca,Média vs Fraca,1.56,1.66,-0.09999999999999987,0.69,1.05,-0.3600000000000001,1556.72,1500.0,56.72000000000003,2x2,2,2,0,4,D
24.6,31.4,-6.799999999999997,Fraca,Fraca,Fraca vs Fraca,1.27,1.66,-0.3899999999999999,1.13,1.05,0.07999999999999985,1470.0,1500.0,-30.0,1x2,1,2,-1,3,A
31.4,31.4,0.0,Fraca,Fraca,Fraca vs Fraca,1.66,1.66,0.0,1.05,1.05,0.0,1500.0,1500.0,0.0,0x0,0,0,0,0,D
45.4,31.4,14.0,Média,Fraca,Média vs Fraca,1.77,1.66,0.1100000000000001,0.75,1.05,-0.30000000000000004,1574.01,1500.0,74.00999999999999,2x0,2,0,2,2,H
31.4,31.4,0.0,Fraca,Fraca,Fraca vs Fraca,1.66,1.66,0.0,1.05,1.05,0.0,1500.0,1500.0,0.0,0x0,0,0,0,0,D
31.4,31.4,0.0,Fraca,Fraca,Fraca vs Fraca,1.66,1.66,0.0,1.05,1.05,0.0,1500.0,1500.0,0.0,2x0,2,0,2,2,H
31.4,31.4,0.0,Fraca,Fraca,Fraca vs Fraca,1.66,1.66,0.0,1.05,1.05,0.0,1500.0,1500.0,0.0,0x1,0,1,-1,1,A
31.4,31.4,0.0,Fraca,Fraca,Fraca vs Fraca,1.66,1.66,0.0,1.05,1.05,0.0,1500.0,1500.0,0.0,3x0,3,0,3,3,H
31.4,31.4,0.0,Fraca,Fraca,Fraca vs Fraca,1.66,1.66,0.0,1.05,1.05,0.0,1500.0,1500.0,0.0,2x1,2,1,1,3,H
73.4,31.4,42.00000000000001,Forte,Fraca,Forte vs Fraca,1.98,1.66,0.32000000000000006,0.46,1.05,-0.5900000000000001,1736.56,1500.0,236.55999999999995,3x1,3,1,2,4,H
31.4,31.4,0.0,Fraca,Fraca,Fraca vs Fraca,1.66,1.66,0.0,1.05,1.05,0.0,1500.0,1500.0,0.0,0x0,0,0,0,0,D
31.4,31.4,0.0,Fraca,Fraca,Fraca vs Fraca,1.66,1.66,0.0,1.05,1.05,0.0,1500.0,1500.0,0.0,1x2,1,2,-1,3,A
31.4,31.4,0.0,Fraca,Fraca,Fraca vs Fraca,1.66,1.66,0.0,1.05,1.05,0.0,1500.0,1500.0,0.0,2x0,2,0,2,2,H
31.4,31.4,0.0,Fraca,Fraca,Fraca vs Fraca,1.66,1.66,0.0,1.05,1.05,0.0,1500.0,1500.0,0.0,2x0,2,0,2,2,H
61.5,31.4,30.1,Forte,Fraca,Forte vs Fraca,2.67,1.66,1.01,0.67,1.05,-0.38,1650.12,1500.0,150.1199999999999,6x1,6,1,5,7,H
31.4,31.4,0.0,Fraca,Fraca,Fraca vs Fraca,1.66,1.66,0.0,1.05,1.05,0.0,1500.0,1500.0,0.0,2x1,2,1,1,3,H
31.4,28.9,2.5,Fraca,Fraca,Fraca vs Fraca,1.66,1.38,0.28,1.05,0.83,0.22000000000000008,1500.0,1482.39,17.6099999999999,1x1,1,1,0,2,D
31.4,31.4,0.0,Fraca,Fraca,Fraca vs Fraca,1.66,1.66,0.0,1.05,1.05,0.0,1500.0,1500.0,0.0,0x0,0,0,0,0,D
31.4,31.4,0.0,Fraca,Fraca,Fraca vs Fraca,1.66,1.66,0.0,1.05,1.05,0.0,1500.0,1500.0,0.0,0x4,0,4,-4,4,A
31.4,53.5,-22.1,Fraca,Média,Fraca vs Média,1.66,2.07,-0.4099999999999999,1.05,0.73,0.32000000000000006,1500.0,1617.02,-117.01999999999998,0x5,0,5,-5,5,A
44.7,31.4,13.300000000000004,Média,Fraca,Média vs Fraca,1.56,1.66,-0.09999999999999987,0.91,1.05,-0.14,1581.56,1500.0,81.55999999999995,0x2,0,2,-2,2,A
31.4,31.4,0.0,Fraca,Fraca,Fraca vs Fraca,1.66,1.66,0.0,1.05,1.05,0.0,1500.0,1500.0,0.0,2x2,2,2,0,4,D
63.7,31.4,32.300000000000004,Forte,Fraca,Forte vs Fraca,1.8,1.66,0.14000000000000012,0.64,1.05,-0.41000000000000003,1684.86,1500.0,184.8599999999999,1x0,1,0,1,1,H
24.6,31.4,-6.799999999999997,Fraca,Fraca,Fraca vs Fraca,1.27,1.66,-0.3899999999999999,1.13,1.05,0.07999999999999985,1470.0,1500.0,-30.0,0x0,0,0,0,0,D
31.4,31.4,0.0,Fraca,Fraca,Fraca vs Fraca,1.66,1.66,0.0,1.05,1.05,0.0,1500.0,1500.0,0.0,1x0,1,0,1,1,H
42.3,31.4,10.899999999999999,Média,Fraca,Média vs Fraca,1.56,1.66,-0.09999999999999987,0.69,1.05,-0.3600000000000001,1556.72,1500.0,56.72000000000003,2x0,2,0,2,2,H
31.4,49.1,-17.700000000000003,Fraca,Média,Fraca vs Média,1.66,2.0,-0.3400000000000001,1.05,0.93,0.12,1500.0,1599.45,-99.45000000000005,0x1,0,1,-1,1,A
31.4,45.4,-14.0,Fraca,Média,Fraca vs Média,1.66,1.77,-0.1100000000000001,1.05,0.75,0.30000000000000004,1500.0,1574.01,-74.00999999999999,0x2,0,2,-2,2,A
31.4,31.4,0.0,Fraca,Fraca,Fraca vs Fraca,1.66,1.66,0.0,1.05,1.05,0.0,1500.0,1500.0,0.0,0x1,0,1,-1,1,A
31.4,31.4,0.0,Fraca,Fraca,Fraca vs Fraca,1.66,1.66,0.0,1.05,1.05,0.0,1500.0,1500.0,0.0,5x1,5,1,4,6,H
31.4,31.4,0.0,Fraca,Fraca,Fraca vs Fraca,1.66,1.66,0.0,1.05,1.05,0.0,1500.0,1500.0,0.0,0x0,0,0,0,0,D
31.4,31.4,0.0,Fraca,Fraca,Fraca vs Fraca,1.66,1.66,0.0,1.05,1.05,0.0,1500.0,1500.0,0.0,6x2,6,2,4,8,H
31.4,31.4,0.0,Fraca,Fraca,Fraca vs Fraca,1.66,1.66,0.0,1.05,1.05,0.0,1500.0,1500.0,0.0,1x2,1,2,-1,3,A
53.5,31.4,22.1,Média,Fraca,Média vs Fraca,2.07,1.66,0.4099999999999999,0.73,1.05,-0.32000000000000006,1617.02,1500.0,117.01999999999998,2x1,2,1,1,3,H
31.4,31.4,0.0,Fraca,Fraca,Fraca vs Fraca,1.66,1.66,0.0,1.05,1.05,0.0,1500.0,1500.0,0.0,1x1,1,1,0,2,D
31.4,31.4,0.0,Fraca,Fraca,Fraca vs Fraca,1.66,1.66,0.0,1.05,1.05,0.0,1500.0,1500.0,0.0,1x2,1,2,-1,3,A
31.4,31.4,0.0,Fraca,Fraca,Fraca vs Fraca,1.66,1.66,0.0,1.05,1.05,0.0,1500.0,1500.0,0.0,0x3,0,3,-3,3,A
31.4,31.4,0.0,Fraca,Fraca,Fraca vs Fraca,1.66,1.66,0.0,1.05,1.05,0.0,1500.0,1500.0,0.0,1x0,1,0,1,1,H
31.4,31.4,0.0,Fraca,Fraca,Fraca vs Fraca,1.66,1.66,0.0,1.05,1.05,0.0,1500.0,1500.0,0.0,0x4,0,4,-4,4,A
61.5,31.4,30.1,Forte,Fraca,Forte vs Fraca,2.67,1.66,1.01,0.67,1.05,-0.38,1650.12,1500.0,150.1199999999999,5x0,5,0,5,5,H
31.4,31.4,0.0,Fraca,Fraca,Fraca vs Fraca,1.66,1.66,0.0,1.05,1.05,0.0,1500.0,1500.0,0.0,1x2,1,2,-1,3,A
59.0,63.9,-4.899999999999999,Média,Forte,Média vs Forte,1.42,1.62,-0.20000000000000018,0.9,0.88,0.020000000000000018,1675.75,1701.3,-25.549999999999955,2x3,2,3,-1,5,A
31.4,31.4,0.0,Fraca,Fraca,Fraca vs Fraca,1.66,1.66,0.0,1.05,1.05,0.0,1500.0,1500.0,0.0,2x2,2,2,0,4,D
31.4,31.4,0.0,Fraca,Fraca,Fraca vs Fraca,1.66,1.66,0.0,1.05,1.05,0.0,1500.0,1500.0,0.0,2x4,2,4,-2,6,A
31.4,31.4,0.0,Fraca,Fraca,Fraca vs Fraca,1.66,1.66,0.0,1.05,1.05,0.0,1500.0,1500.0,0.0,2x0,2,0,2,2,H
31.4,31.4,0.0,Fraca,Fraca,Fraca vs Fraca,1.66,1.66,0.0,1.05,1.05,0.0,1500.0,1500.0,0.0,1x0,1,0,1,1,H
31.4,31.4,0.0,Fraca,Fraca,Fraca vs Fraca,1.66,1.66,0.0,1.05,1.05,0.0,1500.0,1500.0,0.0,2x0,2,0,2,2,H
31.4,31.4,0.0,Fraca,Fraca,Fraca vs Fraca,1.66,1.66,0.0,1.05,1.05,0.0,1500.0,1500.0,0.0,2x1,2,1,1,3,H
31.4,31.4,0.0,Fraca,Fraca,Fraca vs Fraca,1.66,1.66,0.0,1.05,1.05,0.0,1500.0,1500.0,0.0,0x8,0,8,-8,8,A
31.4,31.4,0.0,Fraca,Fraca,Fraca vs Fraca,1.66,1.66,0.0,1.05,1.05,0.0,1500.0,1500.0,0.0,0x5,0,5,-5,5,A
31.4,31.4,0.0,Fraca,Fraca,Fraca vs Fraca,1.66,1.66,0.0,1.05,1.05,0.0,1500.0,1500.0,0.0,11x0,11,0,11,11,H
42.6,19.0,23.6,Média,Muito Fraca,Média vs Muito Fraca,1.88,1.27,0.6099999999999999,0.89,1.26,-0.37,1559.15,1440.0,119.15000000000009,2x3,2,3,-1,5,A
59.0,14.8,44.2,Média,Muito Fraca,Média vs Muito Fraca,1.42,1.15,0.27,0.9,1.35,-0.45000000000000007,1675.75,1420.0,255.75,2x0,2,0,2,2,H
45.4,20.8,24.599999999999998,Média,Fraca,Média vs Fraca,1.16,1.06,0.09999999999999987,0.8,1.22,-0.41999999999999993,1591.73,1455.0,136.73000000000002,1x0,1,0,1,1,H
27.4,63.9,-36.5,Fraca,Forte,Fraca vs Forte,0.87,1.62,-0.7500000000000001,1.2,0.88,0.31999999999999995,1501.5,1701.3,-199.79999999999995,0x1,0,1,-1,1,A
58.7,8.1,50.6,Média,Muito Fraca,Média vs Muito Fraca,1.34,0.92,0.42000000000000004,0.82,1.98,-1.1600000000000001,1672.62,1410.0,262.6199999999999,3x0,3,0,3,3,H
21.3,20.9,0.40000000000000213,Fraca,Fraca,Fraca vs Fraca,0.89,0.98,-0.08999999999999997,1.15,1.4,-0.25,1460.0,1465.22,-5.220000000000027,1x1,1,1,0,2,D
75.4,95.2,-19.799999999999997,Forte,Muito Forte,Forte vs Muito Forte,1.94,2.06,-0.1200000000000001,0.74,0.45,0.29,1760.46,1873.33,-112.86999999999989,0x1,0,1,-1,1,A
31.4,31.4,0.0,Fraca,Fraca,Fraca vs Fraca,1.66,1.66,0.0,1.05,1.05,0.0,1500.0,1500.0,0.0,0x3,0,3,-3,3,A
31.4,61.5,-30.1,Fraca,Forte,Fraca vs Forte,1.66,2.67,-1.01,1.05,0.67,0.38,1500.0,1650.12,-150.1199999999999,0x5,0,5,-5,5,A
31.4,49.1,-17.700000000000003,Fraca,Média,Fraca vs Média,1.66,2.0,-0.3400000000000001,1.05,0.93,0.12,1500.0,1599.45,-99.45000000000005,0x3,0,3,-3,3,A
31.4,31.4,0.0,Fraca,Fraca,Fraca vs Fraca,1.66,1.66,0.0,1.05,1.05,0.0,1500.0,1500.0,0.0,1x3,1,3,-2,4,A
31.4,31.4,0.0,Fraca,Fraca,Fraca vs Fraca,1.66,1.66,0.0,1.05,1.05,0.0,1500.0,1500.0,0.0,1x0,1,0,1,1,H
31.4,53.5,-22.1,Fraca,Média,Fraca vs Média,1.66,2.07,-0.4099999999999999,1.05,0.73,0.32000000000000006,1500.0,1617.02,-117.01999999999998,2x2,2,2,0,4,D
31.4,31.4,0.0,Fraca,Fraca,Fraca vs Fraca,1.66,1.66,0.0,1.05,1.05,0.0,1500.0,1500.0,0.0,1x1,1,1,0,2,D
31.4,31.4,0.0,Fraca,Fraca,Fraca vs Fraca,1.66,1.66,0.0,1.05,1.05,0.0,1500.0,1500.0,0.0,0x1,0,1,-1,1,A
31.4,31.4,0.0,Fraca,Fraca,Fraca vs Fraca,1.66,1.66,0.0,1.05,1.05,0.0,1500.0,1500.0,0.0,0x2,0,2,-2,2,A
31.4,31.4,0.0,Fraca,Fraca,Fraca vs Fraca,1.66,1.66,0.0,1.05,1.05,0.0,1500.0,1500.0,0.0,0x2,0,2,-2,2,A
31.4,45.4,-14.0,Fraca,Média,Fraca vs Média,1.66,1.77,-0.1100000000000001,1.05,0.75,0.30000000000000004,1500.0,1574.01,-74.00999999999999,0x1,0,1,-1,1,A
31.4,31.4,0.0,Fraca,Fraca,Fraca vs Fraca,1.66,1.66,0.0,1.05,1.05,0.0,1500.0,1500.0,0.0,1x1,1,1,0,2,D
31.4,31.4,0.0,Fraca,Fraca,Fraca vs Fraca,1.66,1.66,0.0,1.05,1.05,0.0,1500.0,1500.0,0.0,0x3,0,3,-3,3,A
31.4,63.7,-32.300000000000004,Fraca,Forte,Fraca vs Forte,1.66,1.8,-0.14000000000000012,1.05,0.64,0.41000000000000003,1500.0,1684.86,-184.8599999999999,0x0,0,0,0,0,D
31.4,31.4,0.0,Fraca,Fraca,Fraca vs Fraca,1.66,1.66,0.0,1.05,1.05,0.0,1500.0,1500.0,0.0,2x0,2,0,2,2,H
31.4,28.9,2.5,Fraca,Fraca,Fraca vs Fraca,1.66,1.38,0.28,1.05,0.83,0.22000000000000008,1500.0,1482.39,17.6099999999999,1x1,1,1,0,2,D
31.4,31.4,0.0,Fraca,Fraca,Fraca vs Fraca,1.66,1.66,0.0,1.05,1.05,0.0,1500.0,1500.0,0.0,2x1,2,1,1,3,H
31.4,73.4,-42.00000000000001,Fraca,Forte,Fraca vs Forte,1.66,1.98,-0.32000000000000006,1.05,0.46,0.5900000000000001,1500.0,1736.56,-236.55999999999995,0x2,0,2,-2,2,A
31.4,31.4,0.0,Fraca,Fraca,Fraca vs Fraca,1.66,1.66,0.0,1.05,1.05,0.0,1500.0,1500.0,0.0,0x1,0,1,-1,1,A
31.4,31.4,0.0,Fraca,Fraca,Fraca vs Fraca,1.66,1.66,0.0,1.05,1.05,0.0,1500.0,1500.0,0.0,0x1,0,1,-1,1,A
31.4,24.6,6.799999999999997,Fraca,Fraca,Fraca vs Fraca,1.66,1.27,0.3899999999999999,1.05,1.13,-0.07999999999999985,1500.0,1470.0,30.0,1x0,1,0,1,1,H
45.4,67.7,-22.300000000000004,Média,Forte,Média vs Forte,1.84,2.21,-0.3699999999999999,1.07,1.21,-0.1399999999999999,1585.51,1724.15,-138.6400000000001,2x0,2,0,2,2,H
35.0,31.4,3.6000000000000014,Fraca,Fraca,Fraca vs Fraca,1.67,1.66,0.010000000000000009,1.26,1.05,0.20999999999999996,1532.04,1500.0,32.039999999999964,2x0,2,0,2,2,H
28.6,31.4,-2.799999999999997,Fraca,Fraca,Fraca vs Fraca,1.1,1.66,-0.5599999999999998,1.13,1.05,0.07999999999999985,1500.0,1500.0,0.0,1x1,1,1,0,2,D
31.4,74.8,-43.4,Fraca,Forte,Fraca vs Forte,1.66,2.36,-0.7,1.05,0.99,0.06000000000000005,1500.0,1756.27,-256.27,0x6,0,6,-6,6,A
31.4,92.6,-61.199999999999996,Fraca,Muito Forte,Fraca vs Muito Forte,1.66,2.17,-0.51,1.05,0.88,0.17000000000000004,1500.0,1870.0,-370.0,2x2,2,2,0,4,D
33.9,31.4,2.5,Fraca,Fraca,Fraca vs Fraca,1.27,1.66,-0.3899999999999999,1.14,1.05,0.08999999999999986,1529.71,1500.0,29.710000000000036,1x1,1,1,0,2,D
65.6,31.4,34.199999999999996,Forte,Fraca,Forte vs Fraca,1.75,1.66,0.09000000000000008,1.07,1.05,0.020000000000000018,1716.88,1500.0,216.8800000000001,1x0,1,0,1,1,H
31.4,31.4,0.0,Fraca,Fraca,Fraca vs Fraca,1.66,1.66,0.0,1.05,1.05,0.0,1500.0,1500.0,0.0,0x2,0,2,-2,2,A
31.4,55.2,-23.800000000000004,Fraca,Média,Fraca vs Média,1.66,1.77,-0.1100000000000001,1.05,1.18,-0.1299999999999999,1500.0,1654.69,-154.69000000000005,1x0,1,0,1,1,H
31.4,31.4,0.0,Fraca,Fraca,Fraca vs Fraca,1.66,1.66,0.0,1.05,1.05,0.0,1500.0,1500.0,0.0,0x0,0,0,0,0,D
36.3,19.3,16.999999999999996,Fraca,Muito Fraca,Fraca vs Muito Fraca,1.61,1.4,0.2100000000000002,1.23,1.17,0.06000000000000005,1540.43,1435.0,105.43000000000006,3x1,3,1,2,4,H
8.1,62.3,-54.199999999999996,Muito Fraca,Forte,Muito Fraca vs Forte,1.59,1.95,-0.3599999999999999,1.44,0.86,0.58,1370.0,1681.88,-311.8800000000001,2x1,2,1,1,3,H
31.4,31.4,0.0,Fraca,Fraca,Fraca vs Fraca,1.66,1.66,0.0,1.05,1.05,0.0,1500.0,1500.0,0.0,0x2,0,2,-2,2,A
31.4,31.4,0.0,Fraca,Fraca,Fraca vs Fraca,1.66,1.66,0.0,1.05,1.05,0.0,1500.0,1500.0,0.0,0x5,0,5,-5,5,A
31.4,31.4,0.0,Fraca,Fraca,Fraca vs Fraca,1.66,1.66,0.0,1.05,1.05,0.0,1500.0,1500.0,0.0,1x1,1,1,0,2,D
31.4,31.4,0.0,Fraca,Fraca,Fraca vs Fraca,1.66,1.66,0.0,1.05,1.05,0.0,1500.0,1500.0,0.0,1x1,1,1,0,2,D
31.4,31.4,0.0,Fraca,Fraca,Fraca vs Fraca,1.66,1.66,0.0,1.05,1.05,0.0,1500.0,1500.0,0.0,8x0,8,0,8,8,H
31.4,89.0,-57.6,Fraca,Muito Forte,Fraca vs Muito Forte,1.66,2.18,-0.5200000000000002,1.05,0.58,0.4700000000000001,1500.0,1834.12,-334.1199999999999,1x1,1,1,0,2,D
36.7,64.4,-27.700000000000003,Fraca,Forte,Fraca vs Forte,1.4,1.9,-0.5,1.45,0.99,0.45999999999999996,1557.47,1702.06,-144.58999999999992,0x0,0,0,0,0,D
31.4,31.4,0.0,Fraca,Fraca,Fraca vs Fraca,1.66,1.66,0.0,1.05,1.05,0.0,1500.0,1500.0,0.0,0x0,0,0,0,0,D
31.4,31.4,0.0,Fraca,Fraca,Fraca vs Fraca,1.66,1.66,0.0,1.05,1.05,0.0,1500.0,1500.0,0.0,3x0,3,0,3,3,H
24.7,51.6,-26.900000000000002,Fraca,Média,Fraca vs Média,1.09,1.9,-0.8099999999999998,1.24,0.9,0.33999999999999997,1480.0,1616.75,-136.75,2x0,2,0,2,2,H
31.4,31.4,0.0,Fraca,Fraca,Fraca vs Fraca,1.66,1.66,0.0,1.05,1.05,0.0,1500.0,1500.0,0.0,1x2,1,2,-1,3,A
31.4,31.4,0.0,Fraca,Fraca,Fraca vs Fraca,1.66,1.66,0.0,1.05,1.05,0.0,1500.0,1500.0,0.0,2x1,2,1,1,3,H
31.4,42.3,-10.899999999999999,Fraca,Média,Fraca vs Média,1.66,1.56,0.09999999999999987,1.05,0.69,0.3600000000000001,1500.0,1556.72,-56.72000000000003,0x2,0,2,-2,2,A
31.4,44.7,-13.300000000000004,Fraca,Média,Fraca vs Média,1.66,1.56,0.09999999999999987,1.05,0.91,0.14,1500.0,1581.56,-81.55999999999995,1x1,1,1,0,2,D
31.4,31.4,0.0,Fraca,Fraca,Fraca vs Fraca,1.66,1.66,0.0,1.05,1.05,0.0,1500.0,1500.0,0.0,0x2,0,2,-2,2,A
30.2,31.4,-1.1999999999999993,Fraca,Fraca,Fraca vs Fraca,1.42,1.66,-0.24,1.24,1.05,0.18999999999999995,1506.77,1500.0,6.769999999999982,3x3,3,3,0,6,D
94.9,31.4,63.50000000000001,Muito Forte,Fraca,Muito Forte vs Fraca,2.33,1.66,0.6700000000000002,0.79,1.05,-0.26,1877.18,1500.0,377.18000000000006,3x1,3,1,2,4,H
70.2,31.4,38.800000000000004,Forte,Fraca,Forte vs Fraca,2.11,1.66,0.44999999999999996,0.93,1.05,-0.12,1730.71,1500.0,230.71000000000004,5x0,5,0,5,5,H
31.4,31.4,0.0,Fraca,Fraca,Fraca vs Fraca,1.66,1.66,0.0,1.05,1.05,0.0,1500.0,1500.0,0.0,2x0,2,0,2,2,H
31.4,31.4,0.0,Fraca,Fraca,Fraca vs Fraca,1.66,1.66,0.0,1.05,1.05,0.0,1500.0,1500.0,0.0,3x1,3,1,2,4,H
31.9,31.4,0.5,Fraca,Fraca,Fraca vs Fraca,1.55,1.66,-0.10999999999999988,1.06,1.05,0.010000000000000009,1506.34,1500.0,6.339999999999918,2x2,2,2,0,4,D
77.0,31.4,45.6,Forte,Fraca,Forte vs Fraca,2.45,1.66,0.7900000000000003,0.8,1.05,-0.25,1760.38,1500.0,260.3800000000001,2x0,2,0,2,2,H
31.4,31.4,0.0,Fraca,Fraca,Fraca vs Fraca,1.66,1.66,0.0,1.05,1.05,0.0,1500.0,1500.0,0.0,1x2,1,2,-1,3,A
19.0,42.6,-23.6,Muito Fraca,Média,Muito Fraca vs Média,1.27,1.88,-0.6099999999999999,1.26,0.89,0.37,1440.0,1559.15,-119.15000000000009,1x2,1,2,-1,3,A
63.7,31.4,32.300000000000004,Forte,Fraca,Forte vs Fraca,1.8,1.66,0.14000000000000012,0.64,1.05,-0.41000000000000003,1684.86,1500.0,184.8599999999999,4x0,4,0,4,4,H
31.4,31.4,0.0,Fraca,Fraca,Fraca vs Fraca,1.66,1.66,0.0,1.05,1.05,0.0,1500.0,1500.0,0.0,2x1,2,1,1,3,H
67.7,31.4,36.300000000000004,Forte,Fraca,Forte vs Fraca,2.21,1.66,0.55,1.21,1.05,0.15999999999999992,1724.15,1500.0,224.1500000000001,2x3,2,3,-1,5,A
92.6,31.4,61.199999999999996,Muito Forte,Fraca,Muito Forte vs Fraca,2.17,1.66,0.51,0.88,1.05,-0.17000000000000004,1870.0,1500.0,370.0,14x0,14,0,14,14,H
74.8,28.6,46.199999999999996,Forte,Fraca,Forte vs Fraca,2.36,1.1,1.2599999999999998,0.99,1.13,-0.1399999999999999,1756.27,1500.0,256.27,1x0,1,0,1,1,H
31.4,33.9,-2.5,Fraca,Fraca,Fraca vs Fraca,1.66,1.27,0.3899999999999999,1.05,1.14,-0.08999999999999986,1500.0,1529.71,-29.710000000000036,1x1,1,1,0,2,D
31.4,65.6,-34.199999999999996,Fraca,Forte,Fraca vs Forte,1.66,1.75,-0.09000000000000008,1.05,1.07,-0.020000000000000018,1500.0,1716.88,-216.8800000000001,0x2,0,2,-2,2,A
55.2,31.4,23.800000000000004,Média,Fraca,Média vs Fraca,1.77,1.66,0.1100000000000001,1.18,1.05,0.1299999999999999,1654.69,1500.0,154.69000000000005,1x1,1,1,0,2,D
31.4,31.4,0.0,Fraca,Fraca,Fraca vs Fraca,1.66,1.66,0.0,1.05,1.05,0.0,1500.0,1500.0,0.0,1x2,1,2,-1,3,A
31.4,31.4,0.0,Fraca,Fraca,Fraca vs Fraca,1.66,1.66,0.0,1.05,1.05,0.0,1500.0,1500.0,0.0,7x0,7,0,7,7,H
31.4,31.4,0.0,Fraca,Fraca,Fraca vs Fraca,1.66,1.66,0.0,1.05,1.05,0.0,1500.0,1500.0,0.0,10x0,10,0,10,10,H
14.8,59.0,-44.2,Muito Fraca,Média,Muito Fraca vs Média,1.15,1.42,-0.27,1.35,0.9,0.45000000000000007,1420.0,1675.75,-255.75,2x0,2,0,2,2,H
31.4,31.4,0.0,Fraca,Fraca,Fraca vs Fraca,1.66,1.66,0.0,1.05,1.05,0.0,1500.0,1500.0,0.0,1x1,1,1,0,2,D
28.9,31.4,-2.5,Fraca,Fraca,Fraca vs Fraca,1.38,1.66,-0.28,0.83,1.05,-0.22000000000000008,1482.39,1500.0,-17.6099999999999,3x0,3,0,3,3,H
31.4,31.4,0.0,Fraca,Fraca,Fraca vs Fraca,1.66,1.66,0.0,1.05,1.05,0.0,1500.0,1500.0,0.0,4x2,4,2,2,6,H
31.4,31.4,0.0,Fraca,Fraca,Fraca vs Fraca,1.66,1.66,0.0,1.05,1.05,0.0,1500.0,1500.0,0.0,9x0,9,0,9,9,H
31.4,31.4,0.0,Fraca,Fraca,Fraca vs Fraca,1.66,1.66,0.0,1.05,1.05,0.0,1500.0,1500.0,0.0,2x1,2,1,1,3,H
31.4,31.4,0.0,Fraca,Fraca,Fraca vs Fraca,1.66,1.66,0.0,1.05,1.05,0.0,1500.0,1500.0,0.0,4x0,4,0,4,4,H
24.6,31.4,-6.799999999999997,Fraca,Fraca,Fraca vs Fraca,1.27,1.66,-0.3899999999999999,1.13,1.05,0.07999999999999985,1470.0,1500.0,-30.0,1x0,1,0,1,1,H
31.4,31.4,0.0,Fraca,Fraca,Fraca vs Fraca,1.66,1.66,0.0,1.05,1.05,0.0,1500.0,1500.0,0.0,3x1,3,1,2,4,H
31.4,31.4,0.0,Fraca,Fraca,Fraca vs Fraca,1.66,1.66,0.0,1.05,1.05,0.0,1500.0,1500.0,0.0,2x0,2,0,2,2,H
89.0,31.4,57.6,Muito Forte,Fraca,Muito Forte vs Fraca,2.18,1.66,0.5200000000000002,0.58,1.05,-0.4700000000000001,1834.12,1500.0,334.1199999999999,2x0,2,0,2,2,H
64.4,31.4,33.00000000000001,Forte,Fraca,Forte vs Fraca,1.9,1.66,0.24,0.99,1.05,-0.06000000000000005,1702.06,1500.0,202.05999999999995,5x2,5,2,3,7,H
31.4,31.4,0.0,Fraca,Fraca,Fraca vs Fraca,1.66,1.66,0.0,1.05,1.05,0.0,1500.0,1500.0,0.0,1x1,1,1,0,2,D
35.0,31.4,3.6000000000000014,Fraca,Fraca,Fraca vs Fraca,1.67,1.66,0.010000000000000009,1.26,1.05,0.20999999999999996,1532.04,1500.0,32.039999999999964,1x1,1,1,0,2,D
31.4,24.7,6.699999999999999,Fraca,Fraca,Fraca vs Fraca,1.66,1.09,0.5699999999999998,1.05,1.24,-0.18999999999999995,1500.0,1480.0,20.0,4x0,4,0,4,4,H
51.6,31.4,20.200000000000003,Média,Fraca,Média vs Fraca,1.9,1.66,0.24,0.9,1.05,-0.15000000000000002,1616.75,1500.0,116.75,2x1,2,1,1,3,H
31.4,31.4,0.0,Fraca,Fraca,Fraca vs Fraca,1.66,1.66,0.0,1.05,1.05,0.0,1500.0,1500.0,0.0,1x0,1,0,1,1,H
19.3,36.3,-16.999999999999996,Muito Fraca,Fraca,Muito Fraca vs Fraca,1.4,1.61,-0.2100000000000002,1.17,1.23,-0.06000000000000005,1435.0,1540.43,-105.43000000000006,0x3,0,3,-3,3,A
62.3,8.1,54.199999999999996,Forte,Muito Fraca,Forte vs Muito Fraca,1.95,1.59,0.3599999999999999,0.86,1.44,-0.58,1681.88,1370.0,311.8800000000001,3x0,3,0,3,3,H
8.1,21.3,-13.200000000000001,Muito Fraca,Fraca,Muito Fraca vs Fraca,0.92,0.89,0.030000000000000027,1.98,1.15,0.8300000000000001,1410.0,1460.0,-50.0,2x0,2,0,2,2,H
20.9,45.4,-24.5,Fraca,Média,Fraca vs Média,0.98,1.16,-0.17999999999999994,1.4,0.8,0.5999999999999999,1465.22,1591.73,-126.50999999999999,0x0,0,0,0,0,D
63.9,75.4,-11.500000000000007,Forte,Forte,Forte vs Forte,1.62,1.94,-0.31999999999999984,0.88,0.74,0.14,1701.3,1760.46,-59.16000000000008,2x1,2,1,1,3,H
95.2,58.7,36.5,Muito Forte,Média,Muito Forte vs Média,2.06,1.34,0.72,0.45,0.82,-0.36999999999999994,1873.33,1672.62,200.71000000000004,0x2,0,2,-2,2,A
20.8,27.4,-6.599999999999998,Fraca,Fraca,Fraca vs Fraca,1.06,0.87,0.19000000000000006,1.22,1.2,0.020000000000000018,1455.0,1501.5,-46.5,0x0,0,0,0,0,D
31.4,31.4,0.0,Fraca,Fraca,Fraca vs Fraca,1.66,1.66,0.0,1.05,1.05,0.0,1500.0,1500.0,0.0,8x1,8,1,7,9,H
31.4,31.4,0.0,Fraca,Fraca,Fraca vs Fraca,1.66,1.66,0.0,1.05,1.05,0.0,1500.0,1500.0,0.0,0x1,0,1,-1,1,A
61.5,31.4,30.1,Forte,Fraca,Forte vs Fraca,2.67,1.66,1.01,0.67,1.05,-0.38,1650.12,1500.0,150.1199999999999,5x0,5,0,5,5,H
31.4,31.4,0.0,Fraca,Fraca,Fraca vs Fraca,1.66,1.66,0.0,1.05,1.05,0.0,1500.0,1500.0,0.0,1x0,1,0,1,1,H
31.4,31.4,0.0,Fraca,Fraca,Fraca vs Fraca,1.66,1.66,0.0,1.05,1.05,0.0,1500.0,1500.0,0.0,1x2,1,2,-1,3,A
49.1,31.4,17.700000000000003,Média,Fraca,Média vs Fraca,2.0,1.66,0.3400000000000001,0.93,1.05,-0.12,1599.45,1500.0,99.45000000000005,5x0,5,0,5,5,H
31.4,31.4,0.0,Fraca,Fraca,Fraca vs Fraca,1.66,1.66,0.0,1.05,1.05,0.0,1500.0,1500.0,0.0,3x0,3,0,3,3,H
53.5,31.4,22.1,Média,Fraca,Média vs Fraca,2.07,1.66,0.4099999999999999,0.73,1.05,-0.32000000000000006,1617.02,1500.0,117.01999999999998,4x0,4,0,4,4,H
31.4,31.4,0.0,Fraca,Fraca,Fraca vs Fraca,1.66,1.66,0.0,1.05,1.05,0.0,1500.0,1500.0,0.0,1x3,1,3,-2,4,A
31.4,31.4,0.0,Fraca,Fraca,Fraca vs Fraca,1.66,1.66,0.0,1.05,1.05,0.0,1500.0,1500.0,0.0,5x1,5,1,4,6,H
31.4,31.4,0.0,Fraca,Fraca,Fraca vs Fraca,1.66,1.66,0.0,1.05,1.05,0.0,1500.0,1500.0,0.0,0x2,0,2,-2,2,A
31.4,31.4,0.0,Fraca,Fraca,Fraca vs Fraca,1.66,1.66,0.0,1.05,1.05,0.0,1500.0,1500.0,0.0,1x1,1,1,0,2,D
31.4,31.4,0.0,Fraca,Fraca,Fraca vs Fraca,1.66,1.66,0.0,1.05,1.05,0.0,1500.0,1500.0,0.0,4x0,4,0,4,4,H
31.4,31.4,0.0,Fraca,Fraca,Fraca vs Fraca,1.66,1.66,0.0,1.05,1.05,0.0,1500.0,1500.0,0.0,4x0,4,0,4,4,H
31.4,31.4,0.0,Fraca,Fraca,Fraca vs Fraca,1.66,1.66,0.0,1.05,1.05,0.0,1500.0,1500.0,0.0,0x0,0,0,0,0,D
45.4,31.4,14.0,Média,Fraca,Média vs Fraca,1.77,1.66,0.1100000000000001,0.75,1.05,-0.30000000000000004,1574.01,1500.0,74.00999999999999,7x0,7,0,7,7,H
42.3,31.4,10.899999999999999,Média,Fraca,Média vs Fraca,1.56,1.66,-0.09999999999999987,0.69,1.05,-0.3600000000000001,1556.72,1500.0,56.72000000000003,6x0,6,0,6,6,H
44.7,31.4,13.300000000000004,Média,Fraca,Média vs Fraca,1.56,1.66,-0.09999999999999987,0.91,1.05,-0.14,1581.56,1500.0,81.55999999999995,1x1,1,1,0,2,D
31.4,31.4,0.0,Fraca,Fraca,Fraca vs Fraca,1.66,1.66,0.0,1.05,1.05,0.0,1500.0,1500.0,0.0,2x1,2,1,1,3,H
31.4,31.4,0.0,Fraca,Fraca,Fraca vs Fraca,1.66,1.66,0.0,1.05,1.05,0.0,1500.0,1500.0,0.0,3x1,3,1,2,4,H
31.4,31.4,0.0,Fraca,Fraca,Fraca vs Fraca,1.66,1.66,0.0,1.05,1.05,0.0,1500.0,1500.0,0.0,1x1,1,1,0,2,D
31.4,31.4,0.0,Fraca,Fraca,Fraca vs Fraca,1.66,1.66,0.0,1.05,1.05,0.0,1500.0,1500.0,0.0,2x0,2,0,2,2,H
31.4,94.9,-63.50000000000001,Fraca,Muito Forte,Fraca vs Muito Forte,1.66,2.33,-0.6700000000000002,1.05,0.79,0.26,1500.0,1877.18,-377.18000000000006,1x3,1,3,-2,4,A
31.4,30.2,1.1999999999999993,Fraca,Fraca,Fraca vs Fraca,1.66,1.42,0.24,1.05,1.24,-0.18999999999999995,1500.0,1506.77,-6.769999999999982,2x2,2,2,0,4,D
31.4,45.4,-14.0,Fraca,Média,Fraca vs Média,1.66,1.84,-0.18000000000000016,1.05,1.07,-0.020000000000000018,1500.0,1585.51,-85.50999999999999,0x2,0,2,-2,2,A
31.4,31.4,0.0,Fraca,Fraca,Fraca vs Fraca,1.66,1.66,0.0,1.05,1.05,0.0,1500.0,1500.0,0.0,3x0,3,0,3,3,H
31.4,31.4,0.0,Fraca,Fraca,Fraca vs Fraca,1.66,1.66,0.0,1.05,1.05,0.0,1500.0,1500.0,0.0,2x2,2,2,0,4,D
31.4,77.0,-45.6,Fraca,Forte,Fraca vs Forte,1.66,2.45,-0.7900000000000003,1.05,0.8,0.25,1500.0,1760.38,-260.3800000000001,0x2,0,2,-2,2,A
31.4,31.4,0.0,Fraca,Fraca,Fraca vs Fraca,1.66,1.66,0.0,1.05,1.05,0.0,1500.0,1500.0,0.0,4x2,4,2,2,6,H
70.2,31.9,38.300000000000004,Forte,Fraca,Forte vs Fraca,2.11,1.55,0.5599999999999998,0.93,1.06,-0.13,1730.71,1506.34,224.37000000000012,1x0,1,0,1,1,H
31.4,55.2,-23.800000000000004,Fraca,Média,Fraca vs Média,1.66,1.77,-0.1100000000000001,1.05,1.18,-0.1299999999999999,1500.0,1654.69,-154.69000000000005,1x1,1,1,0,2,D
31.4,31.4,0.0,Fraca,Fraca,Fraca vs Fraca,1.66,1.66,0.0,1.05,1.05,0.0,1500.0,1500.0,0.0,1x0,1,0,1,1,H
31.4,19.0,12.399999999999999,Fraca,Muito Fraca,Fraca vs Muito Fraca,1.66,1.27,0.3899999999999999,1.05,1.26,-0.20999999999999996,1500.0,1440.0,60.0,0x0,0,0,0,0,D
31.4,31.4,0.0,Fraca,Fraca,Fraca vs Fraca,1.66,1.66,0.0,1.05,1.05,0.0,1500.0,1500.0,0.0,1x0,1,0,1,1,H
31.4,31.4,0.0,Fraca,Fraca,Fraca vs Fraca,1.66,1.66,0.0,1.05,1.05,0.0,1500.0,1500.0,0.0,0x0,0,0,0,0,D
36.3,31.4,4.899999999999999,Fraca,Fraca,Fraca vs Fraca,1.61,1.66,-0.04999999999999982,1.23,1.05,0.17999999999999994,1540.43,1500.0,40.430000000000064,3x0,3,0,3,3,H
31.4,8.1,23.299999999999997,Fraca,Muito Fraca,Fraca vs Muito Fraca,1.66,1.59,0.06999999999999984,1.05,1.44,-0.3899999999999999,1500.0,1370.0,130.0,5x3,5,3,2,8,H
20.9,20.8,0.09999999999999787,Fraca,Fraca,Fraca vs Fraca,0.98,1.06,-0.08000000000000007,1.4,1.22,0.17999999999999994,1465.22,1455.0,10.220000000000027,3x0,3,0,3,3,H
45.4,63.9,-18.5,Média,Forte,Média vs Forte,1.16,1.62,-0.4600000000000002,0.8,0.88,-0.07999999999999996,1591.73,1701.3,-109.56999999999994,0x0,0,0,0,0,D
27.4,8.1,19.299999999999997,Fraca,Muito Fraca,Fraca vs Muito Fraca,0.87,0.92,-0.050000000000000044,1.2,1.98,-0.78,1501.5,1410.0,91.5,1x0,1,0,1,1,H
21.3,95.2,-73.9,Fraca,Muito Forte,Fraca vs Muito Forte,0.89,2.06,-1.17,1.15,0.45,0.7,1460.0,1873.33,-413.3299999999999,0x2,0,2,-2,2,A
58.7,75.4,-16.700000000000003,Média,Forte,Média vs Forte,1.34,1.94,-0.5999999999999999,0.82,0.74,0.07999999999999996,1672.62,1760.46,-87.84000000000015,2x0,2,0,2,2,H
31.4,31.4,0.0,Fraca,Fraca,Fraca vs Fraca,1.66,1.66,0.0,1.05,1.05,0.0,1500.0,1500.0,0.0,0x6,0,6,-6,6,A
31.4,31.4,0.0,Fraca,Fraca,Fraca vs Fraca,1.66,1.66,0.0,1.05,1.05,0.0,1500.0,1500.0,0.0,2x0,2,0,2,2,H
45.4,31.4,14.0,Média,Fraca,Média vs Fraca,1.77,1.66,0.1100000000000001,0.75,1.05,-0.30000000000000004,1574.01,1500.0,74.00999999999999,2x0,2,0,2,2,H
31.4,31.4,0.0,Fraca,Fraca,Fraca vs Fraca,1.66,1.66,0.0,1.05,1.05,0.0,1500.0,1500.0,0.0,1x0,1,0,1,1,H
31.4,31.4,0.0,Fraca,Fraca,Fraca vs Fraca,1.66,1.66,0.0,1.05,1.05,0.0,1500.0,1500.0,0.0,2x1,2,1,1,3,H
31.4,31.4,0.0,Fraca,Fraca,Fraca vs Fraca,1.66,1.66,0.0,1.05,1.05,0.0,1500.0,1500.0,0.0,1x1,1,1,0,2,D
92.6,30.2,62.39999999999999,Muito Forte,Fraca,Muito Forte vs Fraca,2.17,1.42,0.75,0.88,1.24,-0.36,1870.0,1506.77,363.23,4x1,4,1,3,5,H
31.4,31.4,0.0,Fraca,Fraca,Fraca vs Fraca,1.66,1.66,0.0,1.05,1.05,0.0,1500.0,1500.0,0.0,1x1,1,1,0,2,D
49.1,31.4,17.700000000000003,Média,Fraca,Média vs Fraca,2.0,1.66,0.3400000000000001,0.93,1.05,-0.12,1599.45,1500.0,99.45000000000005,6x0,6,0,6,6,H
31.4,31.4,0.0,Fraca,Fraca,Fraca vs Fraca,1.66,1.66,0.0,1.05,1.05,0.0,1500.0,1500.0,0.0,3x1,3,1,2,4,H
59.0,67.7,-8.700000000000003,Média,Forte,Média vs Forte,1.42,2.21,-0.79,0.9,1.21,-0.30999999999999994,1675.75,1724.15,-48.40000000000009,2x2,2,2,0,4,D
31.4,31.4,0.0,Fraca,Fraca,Fraca vs Fraca,1.66,1.66,0.0,1.05,1.05,0.0,1500.0,1500.0,0.0,3x1,3,1,2,4,H
31.4,31.4,0.0,Fraca,Fraca,Fraca vs Fraca,1.66,1.66,0.0,1.05,1.05,0.0,1500.0,1500.0,0.0,1x2,1,2,-1,3,A
31.4,31.4,0.0,Fraca,Fraca,Fraca vs Fraca,1.66,1.66,0.0,1.05,1.05,0.0,1500.0,1500.0,0.0,2x1,2,1,1,3,H
62.3,24.6,37.699999999999996,Forte,Fraca,Forte vs Fraca,1.95,1.27,0.6799999999999999,0.86,1.13,-0.2699999999999999,1681.88,1470.0,211.8800000000001,4x0,4,0,4,4,H
31.4,31.4,0.0,Fraca,Fraca,Fraca vs Fraca,1.66,1.66,0.0,1.05,1.05,0.0,1500.0,1500.0,0.0,3x0,3,0,3,3,H
73.4,31.4,42.00000000000001,Forte,Fraca,Forte vs Fraca,1.98,1.66,0.32000000000000006,0.46,1.05,-0.5900000000000001,1736.56,1500.0,236.55999999999995,3x0,3,0,3,3,H
89.0,64.4,24.599999999999994,Muito Forte,Forte,Muito Forte vs Forte,2.18,1.9,0.28000000000000025,0.58,0.99,-0.41000000000000003,1834.12,1702.06,132.05999999999995,3x1,3,1,2,4,H
31.4,36.7,-5.300000000000004,Fraca,Fraca,Fraca vs Fraca,1.66,1.4,0.26,1.05,1.45,-0.3999999999999999,1500.0,1557.47,-57.47000000000003,1x3,1,3,-2,4,A
31.9,31.4,0.5,Fraca,Fraca,Fraca vs Fraca,1.55,1.66,-0.10999999999999988,1.06,1.05,0.010000000000000009,1506.34,1500.0,6.339999999999918,3x1,3,1,2,4,H
31.4,31.4,0.0,Fraca,Fraca,Fraca vs Fraca,1.66,1.66,0.0,1.05,1.05,0.0,1500.0,1500.0,0.0,2x2,2,2,0,4,D
31.4,31.4,0.0,Fraca,Fraca,Fraca vs Fraca,1.66,1.66,0.0,1.05,1.05,0.0,1500.0,1500.0,0.0,1x2,1,2,-1,3,A
24.7,31.4,-6.699999999999999,Fraca,Fraca,Fraca vs Fraca,1.09,1.66,-0.5699999999999998,1.24,1.05,0.18999999999999995,1480.0,1500.0,-20.0,0x1,0,1,-1,1,A
31.4,51.6,-20.200000000000003,Fraca,Média,Fraca vs Média,1.66,1.9,-0.24,1.05,0.9,0.15000000000000002,1500.0,1616.75,-116.75,1x2,1,2,-1,3,A
31.4,42.3,-10.899999999999999,Fraca,Média,Fraca vs Média,1.66,1.56,0.09999999999999987,1.05,0.69,0.3600000000000001,1500.0,1556.72,-56.72000000000003,1x1,1,1,0,2,D
31.4,31.4,0.0,Fraca,Fraca,Fraca vs Fraca,1.66,1.66,0.0,1.05,1.05,0.0,1500.0,1500.0,0.0,2x2,2,2,0,4,D
31.4,31.4,0.0,Fraca,Fraca,Fraca vs Fraca,1.66,1.66,0.0,1.05,1.05,0.0,1500.0,1500.0,0.0,1x2,1,2,-1,3,A
31.4,44.7,-13.300000000000004,Fraca,Média,Fraca vs Média,1.66,1.56,0.09999999999999987,1.05,0.91,0.14,1500.0,1581.56,-81.55999999999995,2x3,2,3,-1,5,A
63.7,28.9,34.800000000000004,Forte,Fraca,Forte vs Fraca,1.8,1.38,0.42000000000000015,0.64,0.83,-0.18999999999999995,1684.86,1482.39,202.4699999999998,1x0,1,0,1,1,H
31.4,28.6,2.799999999999997,Fraca,Fraca,Fraca vs Fraca,1.66,1.1,0.5599999999999998,1.05,1.13,-0.07999999999999985,1500.0,1500.0,0.0,0x4,0,4,-4,4,A
31.4,74.8,-43.4,Fraca,Forte,Fraca vs Forte,1.66,2.36,-0.7,1.05,0.99,0.06000000000000005,1500.0,1756.27,-256.27,0x1,0,1,-1,1,A
31.4,45.4,-14.0,Fraca,Média,Fraca vs Média,1.66,1.84,-0.18000000000000016,1.05,1.07,-0.020000000000000018,1500.0,1585.51,-85.50999999999999,0x1,0,1,-1,1,A
70.2,31.4,38.800000000000004,Forte,Fraca,Forte vs Fraca,2.11,1.66,0.44999999999999996,0.93,1.05,-0.12,1730.71,1500.0,230.71000000000004,1x1,1,1,0,2,D
31.4,31.4,0.0,Fraca,Fraca,Fraca vs Fraca,1.66,1.66,0.0,1.05,1.05,0.0,1500.0,1500.0,0.0,4x0,4,0,4,4,H
31.4,77.0,-45.6,Fraca,Forte,Fraca vs Forte,1.66,2.45,-0.7900000000000003,1.05,0.8,0.25,1500.0,1760.38,-260.3800000000001,0x5,0,5,-5,5,A
31.4,31.4,0.0,Fraca,Fraca,Fraca vs Fraca,1.66,1.66,0.0,1.05,1.05,0.0,1500.0,1500.0,0.0,0x1,0,1,-1,1,A
14.8,31.4,-16.599999999999998,Muito Fraca,Fraca,Muito Fraca vs Fraca,1.15,1.66,-0.51,1.35,1.05,0.30000000000000004,1420.0,1500.0,-80.0,4x0,4,0,4,4,H
14.3,19.0,-4.699999999999999,Muito Fraca,Muito Fraca,Muito Fraca vs Muito Fraca,2.45,1.27,1.1800000000000002,1.26,1.26,0.0,1380.0,1440.0,-60.0,2x3,2,3,-1,5,A
31.4,31.4,0.0,Fraca,Fraca,Fraca vs Fraca,1.66,1.66,0.0,1.05,1.05,0.0,1500.0,1500.0,0.0,0x1,0,1,-1,1,A
31.4,94.9,-63.50000000000001,Fraca,Muito Forte,Fraca vs Muito Forte,1.66,2.33,-0.6700000000000002,1.05,0.79,0.26,1500.0,1877.18,-377.18000000000006,0x1,0,1,-1,1,A
33.9,65.6,-31.699999999999996,Fraca,Forte,Fraca vs Forte,1.27,1.75,-0.48,1.14,1.07,0.06999999999999984,1529.71,1716.88,-187.17000000000007,2x1,2,1,1,3,H
31.4,31.4,0.0,Fraca,Fraca,Fraca vs Fraca,1.66,1.66,0.0,1.05,1.05,0.0,1500.0,1500.0,0.0,4x0,4,0,4,4,H
31.4,31.4,0.0,Fraca,Fraca,Fraca vs Fraca,1.66,1.66,0.0,1.05,1.05,0.0,1500.0,1500.0,0.0,1x0,1,0,1,1,H
35.0,31.4,3.6000000000000014,Fraca,Fraca,Fraca vs Fraca,1.67,1.66,0.010000000000000009,1.26,1.05,0.20999999999999996,1532.04,1500.0,32.039999999999964,1x1,1,1,0,2,D
55.2,31.4,23.800000000000004,Média,Fraca,Média vs Fraca,1.77,1.66,0.1100000000000001,1.18,1.05,0.1299999999999999,1654.69,1500.0,154.69000000000005,3x3,3,3,0,6,D
31.4,31.4,0.0,Fraca,Fraca,Fraca vs Fraca,1.66,1.66,0.0,1.05,1.05,0.0,1500.0,1500.0,0.0,4x0,4,0,4,4,H
31.4,73.4,-42.00000000000001,Fraca,Forte,Fraca vs Forte,1.66,1.98,-0.32000000000000006,1.05,0.46,0.5900000000000001,1500.0,1736.56,-236.55999999999995,1x1,1,1,0,2,D
59.0,24.6,34.4,Média,Fraca,Média vs Fraca,1.42,1.27,0.1499999999999999,0.9,1.13,-0.22999999999999987,1675.75,1470.0,205.75,2x0,2,0,2,2,H
62.3,67.7,-5.400000000000006,Forte,Forte,Forte vs Forte,1.95,2.21,-0.26,0.86,1.21,-0.35,1681.88,1724.15,-42.26999999999998,1x3,1,3,-2,4,A
36.7,31.4,5.300000000000004,Fraca,Fraca,Fraca vs Fraca,1.4,1.66,-0.26,1.45,1.05,0.3999999999999999,1557.47,1500.0,57.47000000000003,2x0,2,0,2,2,H
64.4,31.4,33.00000000000001,Forte,Fraca,Forte vs Fraca,1.9,1.66,0.24,0.99,1.05,-0.06000000000000005,1702.06,1500.0,202.05999999999995,4x0,4,0,4,4,H
31.4,31.4,0.0,Fraca,Fraca,Fraca vs Fraca,1.66,1.66,0.0,1.05,1.05,0.0,1500.0,1500.0,0.0,0x2,0,2,-2,2,A
31.4,31.9,-0.5,Fraca,Fraca,Fraca vs Fraca,1.66,1.55,0.10999999999999988,1.05,1.06,-0.010000000000000009,1500.0,1506.34,-6.339999999999918,2x1,2,1,1,3,H
24.7,31.4,-6.699999999999999,Fraca,Fraca,Fraca vs Fraca,1.09,1.66,-0.5699999999999998,1.24,1.05,0.18999999999999995,1480.0,1500.0,-20.0,3x0,3,0,3,3,H
31.4,31.4,0.0,Fraca,Fraca,Fraca vs Fraca,1.66,1.66,0.0,1.05,1.05,0.0,1500.0,1500.0,0.0,3x0,3,0,3,3,H
51.6,31.4,20.200000000000003,Média,Fraca,Média vs Fraca,1.9,1.66,0.24,0.9,1.05,-0.15000000000000002,1616.75,1500.0,116.75,3x1,3,1,2,4,H
31.4,31.4,0.0,Fraca,Fraca,Fraca vs Fraca,1.66,1.66,0.0,1.05,1.05,0.0,1500.0,1500.0,0.0,0x1,0,1,-1,1,A
31.4,36.3,-4.899999999999999,Fraca,Fraca,Fraca vs Fraca,1.66,1.61,0.04999999999999982,1.05,1.23,-0.17999999999999994,1500.0,1540.43,-40.430000000000064,1x2,1,2,-1,3,A
31.4,31.4,0.0,Fraca,Fraca,Fraca vs Fraca,1.66,1.66,0.0,1.05,1.05,0.0,1500.0,1500.0,0.0,1x0,1,0,1,1,H
8.1,31.4,-23.299999999999997,Muito Fraca,Fraca,Muito Fraca vs Fraca,1.59,1.66,-0.06999999999999984,1.44,1.05,0.3899999999999999,1370.0,1500.0,-130.0,3x2,3,2,1,5,H
31.4,31.4,0.0,Fraca,Fraca,Fraca vs Fraca,1.66,1.66,0.0,1.05,1.05,0.0,1500.0,1500.0,0.0,1x1,1,1,0,2,D
89.0,45.4,43.6,Muito Forte,Média,Muito Forte vs Média,2.18,1.77,0.41000000000000014,0.58,0.75,-0.17000000000000004,1834.12,1574.01,260.1099999999999,1x0,1,0,1,1,H
31.4,31.4,0.0,Fraca,Fraca,Fraca vs Fraca,1.66,1.66,0.0,1.05,1.05,0.0,1500.0,1500.0,0.0,0x0,0,0,0,0,D
31.4,31.4,0.0,Fraca,Fraca,Fraca vs Fraca,1.66,1.66,0.0,1.05,1.05,0.0,1500.0,1500.0,0.0,0x0,0,0,0,0,D
61.5,42.6,18.9,Forte,Média,Forte vs Média,2.67,1.88,0.79,0.67,0.89,-0.21999999999999997,1650.12,1559.15,90.9699999999998,4x1,4,1,3,5,H
49.1,31.4,17.700000000000003,Média,Fraca,Média vs Fraca,2.0,1.66,0.3400000000000001,0.93,1.05,-0.12,1599.45,1500.0,99.45000000000005,4x0,4,0,4,4,H
31.4,31.4,0.0,Fraca,Fraca,Fraca vs Fraca,1.66,1.66,0.0,1.05,1.05,0.0,1500.0,1500.0,0.0,1x0,1,0,1,1,H
44.7,31.4,13.300000000000004,Média,Fraca,Média vs Fraca,1.56,1.66,-0.09999999999999987,0.91,1.05,-0.14,1581.56,1500.0,81.55999999999995,2x2,2,2,0,4,D
31.4,31.4,0.0,Fraca,Fraca,Fraca vs Fraca,1.66,1.66,0.0,1.05,1.05,0.0,1500.0,1500.0,0.0,0x0,0,0,0,0,D
31.4,31.4,0.0,Fraca,Fraca,Fraca vs Fraca,1.66,1.66,0.0,1.05,1.05,0.0,1500.0,1500.0,0.0,0x2,0,2,-2,2,A
28.6,31.4,-2.799999999999997,Fraca,Fraca,Fraca vs Fraca,1.1,1.66,-0.5599999999999998,1.13,1.05,0.07999999999999985,1500.0,1500.0,0.0,0x2,0,2,-2,2,A
74.8,92.6,-17.799999999999997,Forte,Muito Forte,Forte vs Muito Forte,2.36,2.17,0.18999999999999995,0.99,0.88,0.10999999999999999,1756.27,1870.0,-113.73000000000002,1x2,1,2,-1,3,A
45.4,70.2,-24.800000000000004,Média,Forte,Média vs Forte,1.84,2.11,-0.2699999999999998,1.07,0.93,0.14,1585.51,1730.71,-145.20000000000005,2x3,2,3,-1,5,A
31.4,31.4,0.0,Fraca,Fraca,Fraca vs Fraca,1.66,1.66,0.0,1.05,1.05,0.0,1500.0,1500.0,0.0,1x1,1,1,0,2,D
77.0,31.4,45.6,Forte,Fraca,Forte vs Fraca,2.45,1.66,0.7900000000000003,0.8,1.05,-0.25,1760.38,1500.0,260.3800000000001,3x2,3,2,1,5,H
31.4,14.3,17.099999999999998,Fraca,Muito Fraca,Fraca vs Muito Fraca,1.66,2.45,-0.7900000000000003,1.05,1.26,-0.20999999999999996,1500.0,1380.0,120.0,1x1,1,1,0,2,D
31.4,19.0,12.399999999999999,Fraca,Muito Fraca,Fraca vs Muito Fraca,1.66,1.27,0.3899999999999999,1.05,1.26,-0.20999999999999996,1500.0,1440.0,60.0,1x4,1,4,-3,5,A
31.4,14.8,16.599999999999998,Fraca,Muito Fraca,Fraca vs Muito Fraca,1.66,1.15,0.51,1.05,1.35,-0.30000000000000004,1500.0,1420.0,80.0,0x0,0,0,0,0,D
63.9,58.7,5.199999999999996,Forte,Média,Forte vs Média,1.62,1.34,0.28,0.88,0.82,0.06000000000000005,1701.3,1672.62,28.680000000000064,2x2,2,2,0,4,D
8.1,45.4,-37.3,Muito Fraca,Média,Muito Fraca vs Média,0.92,1.16,-0.23999999999999988,1.98,0.8,1.18,1410.0,1591.73,-181.73000000000002,1x2,1,2,-1,3,A
95.2,27.4,67.80000000000001,Muito Forte,Fraca,Muito Forte vs Fraca,2.06,0.87,1.19,0.45,1.2,-0.75,1873.33,1501.5,371.8299999999999,1x0,1,0,1,1,H
75.4,20.9,54.50000000000001,Forte,Fraca,Forte vs Fraca,1.94,0.98,0.96,0.74,1.4,-0.6599999999999999,1760.46,1465.22,295.24,1x1,1,1,0,2,D
20.8,21.3,-0.5,Fraca,Fraca,Fraca vs Fraca,1.06,0.89,0.17000000000000004,1.22,1.15,0.07000000000000006,1455.0,1460.0,-5.0,2x0,2,0,2,2,H
31.4,31.4,0.0,Fraca,Fraca,Fraca vs Fraca,1.66,1.66,0.0,1.05,1.05,0.0,1500.0,1500.0,0.0,6x0,6,0,6,6,H
31.4,31.4,0.0,Fraca,Fraca,Fraca vs Fraca,1.66,1.66,0.0,1.05,1.05,0.0,1500.0,1500.0,0.0,5x1,5,1,4,6,H
42.3,31.4,10.899999999999999,Média,Fraca,Média vs Fraca,1.56,1.66,-0.09999999999999987,0.69,1.05,-0.3600000000000001,1556.72,1500.0,56.72000000000003,1x0,1,0,1,1,H
31.4,31.4,0.0,Fraca,Fraca,Fraca vs Fraca,1.66,1.66,0.0,1.05,1.05,0.0,1500.0,1500.0,0.0,8x0,8,0,8,8,H
31.4,31.4,0.0,Fraca,Fraca,Fraca vs Fraca,1.66,1.66,0.0,1.05,1.05,0.0,1500.0,1500.0,0.0,3x2,3,2,1,5,H
31.4,28.9,2.5,Fraca,Fraca,Fraca vs Fraca,1.66,1.38,0.28,1.05,0.83,0.22000000000000008,1500.0,1482.39,17.6099999999999,1x0,1,0,1,1,H
31.4,31.4,0.0,Fraca,Fraca,Fraca vs Fraca,1.66,1.66,0.0,1.05,1.05,0.0,1500.0,1500.0,0.0,3x1,3,1,2,4,H
94.9,30.2,64.7,Muito Forte,Fraca,Muito Forte vs Fraca,2.33,1.42,0.9100000000000001,0.79,1.24,-0.44999999999999996,1877.18,1506.77,370.4100000000001,2x0,2,0,2,2,H
31.4,31.4,0.0,Fraca,Fraca,Fraca vs Fraca,1.66,1.66,0.0,1.05,1.05,0.0,1500.0,1500.0,0.0,0x4,0,4,-4,4,A
65.6,31.4,34.199999999999996,Forte,Fraca,Forte vs Fraca,1.75,1.66,0.09000000000000008,1.07,1.05,0.020000000000000018,1716.88,1500.0,216.8800000000001,0x1,0,1,-1,1,A
31.4,35.0,-3.6000000000000014,Fraca,Fraca,Fraca vs Fraca,1.66,1.67,-0.010000000000000009,1.05,1.26,-0.20999999999999996,1500.0,1532.04,-32.039999999999964,0x2,0,2,-2,2,A
31.4,31.4,0.0,Fraca,Fraca,Fraca vs Fraca,1.66,1.66,0.0,1.05,1.05,0.0,1500.0,1500.0,0.0,3x0,3,0,3,3,H
31.4,31.4,0.0,Fraca,Fraca,Fraca vs Fraca,1.66,1.66,0.0,1.05,1.05,0.0,1500.0,1500.0,0.0,0x0,0,0,0,0,D
33.9,31.4,2.5,Fraca,Fraca,Fraca vs Fraca,1.27,1.66,-0.3899999999999999,1.14,1.05,0.08999999999999986,1529.71,1500.0,29.710000000000036,4x0,4,0,4,4,H
31.4,31.4,0.0,Fraca,Fraca,Fraca vs Fraca,1.66,1.66,0.0,1.05,1.05,0.0,1500.0,1500.0,0.0,1x0,1,0,1,1,H
31.4,31.4,0.0,Fraca,Fraca,Fraca vs Fraca,1.66,1.66,0.0,1.05,1.05,0.0,1500.0,1500.0,0.0,3x1,3,1,2,4,H
31.4,31.4,0.0,Fraca,Fraca,Fraca vs Fraca,1.66,1.66,0.0,1.05,1.05,0.0,1500.0,1500.0,0.0,2x0,2,0,2,2,H
31.4,31.4,0.0,Fraca,Fraca,Fraca vs Fraca,1.66,1.66,0.0,1.05,1.05,0.0,1500.0,1500.0,0.0,1x3,1,3,-2,4,A
31.4,31.4,0.0,Fraca,Fraca,Fraca vs Fraca,1.66,1.66,0.0,1.05,1.05,0.0,1500.0,1500.0,0.0,4x0,4,0,4,4,H
31.4,31.4,0.0,Fraca,Fraca,Fraca vs Fraca,1.66,1.66,0.0,1.05,1.05,0.0,1500.0,1500.0,0.0,1x0,1,0,1,1,H
19.0,14.3,4.699999999999999,Muito Fraca,Muito Fraca,Muito Fraca vs Muito Fraca,1.27,2.45,-1.1800000000000002,1.26,1.26,0.0,1440.0,1380.0,60.0,2x2,2,2,0,4,D
14.8,31.4,-16.599999999999998,Muito Fraca,Fraca,Muito Fraca vs Fraca,1.15,1.66,-0.51,1.35,1.05,0.30000000000000004,1420.0,1500.0,-80.0,4x0,4,0,4,4,H
8.1,95.2,-87.10000000000001,Muito Fraca,Muito Forte,Muito Fraca vs Muito Forte,0.92,2.06,-1.1400000000000001,1.98,0.45,1.53,1410.0,1873.33,-463.3299999999999,0x3,0,3,-3,3,A
45.4,58.7,-13.300000000000004,Média,Média,Média vs Média,1.16,1.34,-0.18000000000000016,0.8,0.82,-0.019999999999999907,1591.73,1672.62,-80.88999999999987,2x1,2,1,1,3,H
20.9,27.4,-6.5,Fraca,Fraca,Fraca vs Fraca,0.98,0.87,0.10999999999999999,1.4,1.2,0.19999999999999996,1465.22,1501.5,-36.27999999999997,1x0,1,0,1,1,H
21.3,75.4,-54.10000000000001,Fraca,Forte,Fraca vs Forte,0.89,1.94,-1.0499999999999998,1.15,0.74,0.4099999999999999,1460.0,1760.46,-300.46000000000004,0x1,0,1,-1,1,A
20.8,63.9,-43.099999999999994,Fraca,Forte,Fraca vs Forte,1.06,1.62,-0.56,1.22,0.88,0.33999999999999997,1455.0,1701.3,-246.29999999999995,0x0,0,0,0,0,D
31.4,31.4,0.0,Fraca,Fraca,Fraca vs Fraca,1.66,1.66,0.0,1.05,1.05,0.0,1500.0,1500.0,0.0,2x1,2,1,1,3,H
31.4,31.4,0.0,Fraca,Fraca,Fraca vs Fraca,1.66,1.66,0.0,1.05,1.05,0.0,1500.0,1500.0,0.0,0x1,0,1,-1,1,A
42.3,31.4,10.899999999999999,Média,Fraca,Média vs Fraca,1.56,1.66,-0.09999999999999987,0.69,1.05,-0.3600000000000001,1556.72,1500.0,56.72000000000003,1x3,1,3,-2,4,A
67.7,92.6,-24.89999999999999,Forte,Muito Forte,Forte vs Muito Forte,2.21,2.17,0.040000000000000036,1.21,0.88,0.32999999999999996,1724.15,1870.0,-145.8499999999999,2x1,2,1,1,3,H
31.4,31.4,0.0,Fraca,Fraca,Fraca vs Fraca,1.66,1.66,0.0,1.05,1.05,0.0,1500.0,1500.0,0.0,1x1,1,1,0,2,D
24.6,31.4,-6.799999999999997,Fraca,Fraca,Fraca vs Fraca,1.27,1.66,-0.3899999999999999,1.13,1.05,0.07999999999999985,1470.0,1500.0,-30.0,3x1,3,1,2,4,H
53.5,31.4,22.1,Média,Fraca,Média vs Fraca,2.07,1.66,0.4099999999999999,0.73,1.05,-0.32000000000000006,1617.02,1500.0,117.01999999999998,4x0,4,0,4,4,H
61.5,31.4,30.1,Forte,Fraca,Forte vs Fraca,2.67,1.66,1.01,0.67,1.05,-0.38,1650.12,1500.0,150.1199999999999,4x2,4,2,2,6,H
31.4,31.4,0.0,Fraca,Fraca,Fraca vs Fraca,1.66,1.66,0.0,1.05,1.05,0.0,1500.0,1500.0,0.0,0x1,0,1,-1,1,A
49.1,31.4,17.700000000000003,Média,Fraca,Média vs Fraca,2.0,1.66,0.3400000000000001,0.93,1.05,-0.12,1599.45,1500.0,99.45000000000005,1x0,1,0,1,1,H
59.0,31.4,27.6,Média,Fraca,Média vs Fraca,1.42,1.66,-0.24,0.9,1.05,-0.15000000000000002,1675.75,1500.0,175.75,3x3,3,3,0,6,D
73.4,31.4,42.00000000000001,Forte,Fraca,Forte vs Fraca,1.98,1.66,0.32000000000000006,0.46,1.05,-0.5900000000000001,1736.56,1500.0,236.55999999999995,1x0,1,0,1,1,H
31.4,31.4,0.0,Fraca,Fraca,Fraca vs Fraca,1.66,1.66,0.0,1.05,1.05,0.0,1500.0,1500.0,0.0,2x1,2,1,1,3,H
30.2,89.0,-58.8,Fraca,Muito Forte,Fraca vs Muito Forte,1.42,2.18,-0.7600000000000002,1.24,0.58,0.66,1506.77,1834.12,-327.3499999999999,1x3,1,3,-2,4,A
63.7,31.4,32.300000000000004,Forte,Fraca,Forte vs Fraca,1.8,1.66,0.14000000000000012,0.64,1.05,-0.41000000000000003,1684.86,1500.0,184.8599999999999,0x1,0,1,-1,1,A
31.4,31.4,0.0,Fraca,Fraca,Fraca vs Fraca,1.66,1.66,0.0,1.05,1.05,0.0,1500.0,1500.0,0.0,1x0,1,0,1,1,H
31.4,19.3,12.099999999999998,Fraca,Muito Fraca,Fraca vs Muito Fraca,1.66,1.4,0.26,1.05,1.17,-0.11999999999999988,1500.0,1435.0,65.0,4x1,4,1,3,5,H
62.3,31.4,30.9,Forte,Fraca,Forte vs Fraca,1.95,1.66,0.29000000000000004,0.86,1.05,-0.19000000000000006,1681.88,1500.0,181.8800000000001,4x0,4,0,4,4,H
28.9,31.4,-2.5,Fraca,Fraca,Fraca vs Fraca,1.38,1.66,-0.28,0.83,1.05,-0.22000000000000008,1482.39,1500.0,-17.6099999999999,3x0,3,0,3,3,H
31.4,31.4,0.0,Fraca,Fraca,Fraca vs Fraca,1.66,1.66,0.0,1.05,1.05,0.0,1500.0,1500.0,0.0,2x1,2,1,1,3,H
94.9,31.4,63.50000000000001,Muito Forte,Fraca,Muito Forte vs Fraca,2.33,1.66,0.6700000000000002,0.79,1.05,-0.26,1877.18,1500.0,377.18000000000006,6x0,6,0,6,6,H
64.4,36.7,27.700000000000003,Forte,Fraca,Forte vs Fraca,1.9,1.4,0.5,0.99,1.45,-0.45999999999999996,1702.06,1557.47,144.58999999999992,2x1,2,1,1,3,H
31.4,31.4,0.0,Fraca,Fraca,Fraca vs Fraca,1.66,1.66,0.0,1.05,1.05,0.0,1500.0,1500.0,0.0,0x2,0,2,-2,2,A
70.2,31.4,38.800000000000004,Forte,Fraca,Forte vs Fraca,2.11,1.66,0.44999999999999996,0.93,1.05,-0.12,1730.71,1500.0,230.71000000000004,5x0,5,0,5,5,H
31.4,45.4,-14.0,Fraca,Média,Fraca vs Média,1.66,1.84,-0.18000000000000016,1.05,1.07,-0.020000000000000018,1500.0,1585.51,-85.50999999999999,1x3,1,3,-2,4,A
55.2,31.4,23.800000000000004,Média,Fraca,Média vs Fraca,1.77,1.66,0.1100000000000001,1.18,1.05,0.1299999999999999,1654.69,1500.0,154.69000000000005,3x0,3,0,3,3,H
31.4,31.4,0.0,Fraca,Fraca,Fraca vs Fraca,1.66,1.66,0.0,1.05,1.05,0.0,1500.0,1500.0,0.0,1x0,1,0,1,1,H
31.4,31.4,0.0,Fraca,Fraca,Fraca vs Fraca,1.66,1.66,0.0,1.05,1.05,0.0,1500.0,1500.0,0.0,2x0,2,0,2,2,H
31.4,31.4,0.0,Fraca,Fraca,Fraca vs Fraca,1.66,1.66,0.0,1.05,1.05,0.0,1500.0,1500.0,0.0,2x0,2,0,2,2,H
31.4,65.6,-34.199999999999996,Fraca,Forte,Fraca vs Forte,1.66,1.75,-0.09000000000000008,1.05,1.07,-0.020000000000000018,1500.0,1716.88,-216.8800000000001,0x1,0,1,-1,1,A
31.4,33.9,-2.5,Fraca,Fraca,Fraca vs Fraca,1.66,1.27,0.3899999999999999,1.05,1.14,-0.08999999999999986,1500.0,1529.71,-29.710000000000036,0x2,0,2,-2,2,A
31.4,31.4,0.0,Fraca,Fraca,Fraca vs Fraca,1.66,1.66,0.0,1.05,1.05,0.0,1500.0,1500.0,0.0,1x0,1,0,1,1,H
77.0,31.4,45.6,Forte,Fraca,Forte vs Fraca,2.45,1.66,0.7900000000000003,0.8,1.05,-0.25,1760.38,1500.0,260.3800000000001,9x0,9,0,9,9,H
31.4,31.4,0.0,Fraca,Fraca,Fraca vs Fraca,1.66,1.66,0.0,1.05,1.05,0.0,1500.0,1500.0,0.0,3x0,3,0,3,3,H
31.4,36.3,-4.899999999999999,Fraca,Fraca,Fraca vs Fraca,1.66,1.61,0.04999999999999982,1.05,1.23,-0.17999999999999994,1500.0,1540.43,-40.430000000000064,1x1,1,1,0,2,D
31.4,8.1,23.299999999999997,Fraca,Muito Fraca,Fraca vs Muito Fraca,1.66,1.59,0.06999999999999984,1.05,1.44,-0.3899999999999999,1500.0,1370.0,130.0,2x3,2,3,-1,5,A
31.4,31.4,0.0,Fraca,Fraca,Fraca vs Fraca,1.66,1.66,0.0,1.05,1.05,0.0,1500.0,1500.0,0.0,1x0,1,0,1,1,H
31.4,31.4,0.0,Fraca,Fraca,Fraca vs Fraca,1.66,1.66,0.0,1.05,1.05,0.0,1500.0,1500.0,0.0,1x1,1,1,0,2,D
44.7,31.4,13.300000000000004,Média,Fraca,Média vs Fraca,1.56,1.66,-0.09999999999999987,0.91,1.05,-0.14,1581.56,1500.0,81.55999999999995,6x0,6,0,6,6,H
28.6,74.8,-46.199999999999996,Fraca,Forte,Fraca vs Forte,1.1,2.36,-1.2599999999999998,1.13,0.99,0.1399999999999999,1500.0,1756.27,-256.27,1x2,1,2,-1,3,A
31.4,31.4,0.0,Fraca,Fraca,Fraca vs Fraca,1.66,1.66,0.0,1.05,1.05,0.0,1500.0,1500.0,0.0,5x0,5,0,5,5,H
31.4,35.0,-3.6000000000000014,Fraca,Fraca,Fraca vs Fraca,1.66,1.67,-0.010000000000000009,1.05,1.26,-0.20999999999999996,1500.0,1532.04,-32.039999999999964,2x0,2,0,2,2,H
31.4,31.4,0.0,Fraca,Fraca,Fraca vs Fraca,1.66,1.66,0.0,1.05,1.05,0.0,1500.0,1500.0,0.0,2x1,2,1,1,3,H
31.4,31.9,-0.5,Fraca,Fraca,Fraca vs Fraca,1.66,1.55,0.10999999999999988,1.05,1.06,-0.010000000000000009,1500.0,1506.34,-6.339999999999918,1x3,1,3,-2,4,A
31.4,51.6,-20.200000000000003,Fraca,Média,Fraca vs Média,1.66,1.9,-0.24,1.05,0.9,0.15000000000000002,1500.0,1616.75,-116.75,0x1,0,1,-1,1,A
31.4,24.7,6.699999999999999,Fraca,Fraca,Fraca vs Fraca,1.66,1.09,0.5699999999999998,1.05,1.24,-0.18999999999999995,1500.0,1480.0,20.0,1x0,1,0,1,1,H
31.4,31.4,0.0,Fraca,Fraca,Fraca vs Fraca,1.66,1.66,0.0,1.05,1.05,0.0,1500.0,1500.0,0.0,0x4,0,4,-4,4,A
31.4,31.4,0.0,Fraca,Fraca,Fraca vs Fraca,1.66,1.66,0.0,1.05,1.05,0.0,1500.0,1500.0,0.0,1x0,1,0,1,1,H
31.4,31.4,0.0,Fraca,Fraca,Fraca vs Fraca,1.66,1.66,0.0,1.05,1.05,0.0,1500.0,1500.0,0.0,2x2,2,2,0,4,D
31.4,31.4,0.0,Fraca,Fraca,Fraca vs Fraca,1.66,1.66,0.0,1.05,1.05,0.0,1500.0,1500.0,0.0,1x1,1,1,0,2,D
67.7,61.5,6.200000000000003,Forte,Forte,Forte vs Forte,2.21,2.67,-0.45999999999999996,1.21,0.67,0.5399999999999999,1724.15,1650.12,74.0300000000002,1x4,1,4,-3,5,A
59.0,45.4,13.600000000000001,Média,Média,Média vs Média,1.42,1.77,-0.3500000000000001,0.9,0.75,0.15000000000000002,1675.75,1574.01,101.74000000000001,2x2,2,2,0,4,D
31.4,31.4,0.0,Fraca,Fraca,Fraca vs Fraca,1.66,1.66,0.0,1.05,1.05,0.0,1500.0,1500.0,0.0,0x0,0,0,0,0,D
62.3,31.4,30.9,Forte,Fraca,Forte vs Fraca,1.95,1.66,0.29000000000000004,0.86,1.05,-0.19000000000000006,1681.88,1500.0,181.8800000000001,3x0,3,0,3,3,H
31.4,31.4,0.0,Fraca,Fraca,Fraca vs Fraca,1.66,1.66,0.0,1.05,1.05,0.0,1500.0,1500.0,0.0,1x0,1,0,1,1,H
31.4,31.4,0.0,Fraca,Fraca,Fraca vs Fraca,1.66,1.66,0.0,1.05,1.05,0.0,1500.0,1500.0,0.0,1x1,1,1,0,2,D
31.4,63.7,-32.300000000000004,Fraca,Forte,Fraca vs Forte,1.66,1.8,-0.14000000000000012,1.05,0.64,0.41000000000000003,1500.0,1684.86,-184.8599999999999,1x1,1,1,0,2,D
36.7,89.0,-52.3,Fraca,Muito Forte,Fraca vs Muito Forte,1.4,2.18,-0.7800000000000002,1.45,0.58,0.87,1557.47,1834.12,-276.64999999999986,1x1,1,1,0,2,D
31.4,64.4,-33.00000000000001,Fraca,Forte,Fraca vs Forte,1.66,1.9,-0.24,1.05,0.99,0.06000000000000005,1500.0,1702.06,-202.05999999999995,1x1,1,1,0,2,D
31.4,70.2,-38.800000000000004,Fraca,Forte,Fraca vs Forte,1.66,2.11,-0.44999999999999996,1.05,0.93,0.12,1500.0,1730.71,-230.71000000000004,0x1,0,1,-1,1,A
31.4,31.4,0.0,Fraca,Fraca,Fraca vs Fraca,1.66,1.66,0.0,1.05,1.05,0.0,1500.0,1500.0,0.0,0x5,0,5,-5,5,A
31.4,55.2,-23.800000000000004,Fraca,Média,Fraca vs Média,1.66,1.77,-0.1100000000000001,1.05,1.18,-0.1299999999999999,1500.0,1654.69,-154.69000000000005,2x2,2,2,0,4,D
31.4,31.4,0.0,Fraca,Fraca,Fraca vs Fraca,1.66,1.66,0.0,1.05,1.05,0.0,1500.0,1500.0,0.0,1x1,1,1,0,2,D
14.3,31.4,-17.099999999999998,Muito Fraca,Fraca,Muito Fraca vs Fraca,2.45,1.66,0.7900000000000003,1.26,1.05,0.20999999999999996,1380.0,1500.0,-120.0,0x0,0,0,0,0,D
19.0,14.8,4.199999999999999,Muito Fraca,Muito Fraca,Muito Fraca vs Muito Fraca,1.27,1.15,0.1200000000000001,1.26,1.35,-0.09000000000000008,1440.0,1420.0,20.0,1x0,1,0,1,1,H
58.7,20.8,37.900000000000006,Média,Fraca,Média vs Fraca,1.34,1.06,0.28,0.82,1.22,-0.4,1672.62,1455.0,217.6199999999999,3x1,3,1,2,4,H
75.4,8.1,67.30000000000001,Forte,Muito Fraca,Forte vs Muito Fraca,1.94,0.92,1.02,0.74,1.98,-1.24,1760.46,1410.0,350.46000000000004,5x1,5,1,4,6,H
31.4,31.4,0.0,Fraca,Fraca,Fraca vs Fraca,1.66,1.66,0.0,1.05,1.05,0.0,1500.0,1500.0,0.0,1x1,1,1,0,2,D
19.3,31.4,-12.099999999999998,Muito Fraca,Fraca,Muito Fraca vs Fraca,1.4,1.66,-0.26,1.17,1.05,0.11999999999999988,1435.0,1500.0,-65.0,3x1,3,1,2,4,H
31.4,31.4,0.0,Fraca,Fraca,Fraca vs Fraca,1.66,1.66,0.0,1.05,1.05,0.0,1500.0,1500.0,0.0,2x0,2,0,2,2,H
31.4,31.4,0.0,Fraca,Fraca,Fraca vs Fraca,1.66,1.66,0.0,1.05,1.05,0.0,1500.0,1500.0,0.0,0x0,0,0,0,0,D
42.3,31.4,10.899999999999999,Média,Fraca,Média vs Fraca,1.56,1.66,-0.09999999999999987,0.69,1.05,-0.3600000000000001,1556.72,1500.0,56.72000000000003,1x0,1,0,1,1,H
31.4,31.4,0.0,Fraca,Fraca,Fraca vs Fraca,1.66,1.66,0.0,1.05,1.05,0.0,1500.0,1500.0,0.0,4x0,4,0,4,4,H
31.4,94.9,-63.50000000000001,Fraca,Muito Forte,Fraca vs Muito Forte,1.66,2.33,-0.6700000000000002,1.05,0.79,0.26,1500.0,1877.18,-377.18000000000006,1x7,1,7,-6,8,A
31.4,30.2,1.1999999999999993,Fraca,Fraca,Fraca vs Fraca,1.66,1.42,0.24,1.05,1.24,-0.18999999999999995,1500.0,1506.77,-6.769999999999982,0x3,0,3,-3,3,A
65.6,31.4,34.199999999999996,Forte,Fraca,Forte vs Fraca,1.75,1.66,0.09000000000000008,1.07,1.05,0.020000000000000018,1716.88,1500.0,216.8800000000001,5x0,5,0,5,5,H
31.4,31.4,0.0,Fraca,Fraca,Fraca vs Fraca,1.66,1.66,0.0,1.05,1.05,0.0,1500.0,1500.0,0.0,1x1,1,1,0,2,D
31.4,31.4,0.0,Fraca,Fraca,Fraca vs Fraca,1.66,1.66,0.0,1.05,1.05,0.0,1500.0,1500.0,0.0,3x1,3,1,2,4,H
31.4,77.0,-45.6,Fraca,Forte,Fraca vs Forte,1.66,2.45,-0.7900000000000003,1.05,0.8,0.25,1500.0,1760.38,-260.3800000000001,0x1,0,1,-1,1,A
8.1,31.4,-23.299999999999997,Muito Fraca,Fraca,Muito Fraca vs Fraca,1.59,1.66,-0.06999999999999984,1.44,1.05,0.3899999999999999,1370.0,1500.0,-130.0,1x0,1,0,1,1,H
36.3,31.4,4.899999999999999,Fraca,Fraca,Fraca vs Fraca,1.61,1.66,-0.04999999999999982,1.23,1.05,0.17999999999999994,1540.43,1500.0,40.430000000000064,3x0,3,0,3,3,H
31.4,31.4,0.0,Fraca,Fraca,Fraca vs Fraca,1.66,1.66,0.0,1.05,1.05,0.0,1500.0,1500.0,0.0,2x0,2,0,2,2,H
63.9,20.9,43.0,Forte,Fraca,Forte vs Fraca,1.62,0.98,0.6400000000000001,0.88,1.4,-0.5199999999999999,1701.3,1465.22,236.07999999999993,1x0,1,0,1,1,H
27.4,21.3,6.099999999999998,Fraca,Fraca,Fraca vs Fraca,0.87,0.89,-0.020000000000000018,1.2,1.15,0.050000000000000044,1501.5,1460.0,41.5,0x0,0,0,0,0,D
95.2,45.4,49.800000000000004,Muito Forte,Média,Muito Forte vs Média,2.06,1.16,0.9000000000000001,0.45,0.8,-0.35000000000000003,1873.33,1591.73,281.5999999999999,1x0,1,0,1,1,H
45.4,31.4,14.0,Média,Fraca,Média vs Fraca,1.84,1.66,0.18000000000000016,1.07,1.05,0.020000000000000018,1585.51,1500.0,85.50999999999999,1x1,1,1,0,2,D
31.4,53.5,-22.1,Fraca,Média,Fraca vs Média,1.66,2.07,-0.4099999999999999,1.05,0.73,0.32000000000000006,1500.0,1617.02,-117.01999999999998,0x1,0,1,-1,1,A
31.4,31.4,0.0,Fraca,Fraca,Fraca vs Fraca,1.66,1.66,0.0,1.05,1.05,0.0,1500.0,1500.0,0.0,6x0,6,0,6,6,H
31.4,31.4,0.0,Fraca,Fraca,Fraca vs Fraca,1.66,1.66,0.0,1.05,1.05,0.0,1500.0,1500.0,0.0,1x2,1,2,-1,3,A
33.9,49.1,-15.200000000000003,Fraca,Média,Fraca vs Média,1.27,2.0,-0.73,1.14,0.93,0.20999999999999985,1529.71,1599.45,-69.74000000000001,0x0,0,0,0,0,D
24.6,31.4,-6.799999999999997,Fraca,Fraca,Fraca vs Fraca,1.27,1.66,-0.3899999999999999,1.13,1.05,0.07999999999999985,1470.0,1500.0,-30.0,2x1,2,1,1,3,H
31.4,31.4,0.0,Fraca,Fraca,Fraca vs Fraca,1.66,1.66,0.0,1.05,1.05,0.0,1500.0,1500.0,0.0,0x0,0,0,0,0,D
31.4,31.4,0.0,Fraca,Fraca,Fraca vs Fraca,1.66,1.66,0.0,1.05,1.05,0.0,1500.0,1500.0,0.0,0x2,0,2,-2,2,A
31.4,31.4,0.0,Fraca,Fraca,Fraca vs Fraca,1.66,1.66,0.0,1.05,1.05,0.0,1500.0,1500.0,0.0,3x0,3,0,3,3,H
92.6,28.6,63.99999999999999,Muito Forte,Fraca,Muito Forte vs Fraca,2.17,1.1,1.0699999999999998,0.88,1.13,-0.2499999999999999,1870.0,1500.0,370.0,2x0,2,0,2,2,H
74.8,31.4,43.4,Forte,Fraca,Forte vs Fraca,2.36,1.66,0.7,0.99,1.05,-0.06000000000000005,1756.27,1500.0,256.27,3x0,3,0,3,3,H
31.4,31.4,0.0,Fraca,Fraca,Fraca vs Fraca,1.66,1.66,0.0,1.05,1.05,0.0,1500.0,1500.0,0.0,1x1,1,1,0,2,D
35.0,31.4,3.6000000000000014,Fraca,Fraca,Fraca vs Fraca,1.67,1.66,0.010000000000000009,1.26,1.05,0.20999999999999996,1532.04,1500.0,32.039999999999964,2x0,2,0,2,2,H
31.9,31.4,0.5,Fraca,Fraca,Fraca vs Fraca,1.55,1.66,-0.10999999999999988,1.06,1.05,0.010000000000000009,1506.34,1500.0,6.339999999999918,1x2,1,2,-1,3,A
31.4,31.4,0.0,Fraca,Fraca,Fraca vs Fraca,1.66,1.66,0.0,1.05,1.05,0.0,1500.0,1500.0,0.0,0x1,0,1,-1,1,A
51.6,31.4,20.200000000000003,Média,Fraca,Média vs Fraca,1.9,1.66,0.24,0.9,1.05,-0.15000000000000002,1616.75,1500.0,116.75,4x0,4,0,4,4,H
31.4,24.7,6.699999999999999,Fraca,Fraca,Fraca vs Fraca,1.66,1.09,0.5699999999999998,1.05,1.24,-0.18999999999999995,1500.0,1480.0,20.0,4x2,4,2,2,6,H
31.4,31.4,0.0,Fraca,Fraca,Fraca vs Fraca,1.66,1.66,0.0,1.05,1.05,0.0,1500.0,1500.0,0.0,2x2,2,2,0,4,D
31.4,31.4,0.0,Fraca,Fraca,Fraca vs Fraca,1.66,1.66,0.0,1.05,1.05,0.0,1500.0,1500.0,0.0,2x1,2,1,1,3,H
31.4,31.4,0.0,Fraca,Fraca,Fraca vs Fraca,1.66,1.66,0.0,1.05,1.05,0.0,1500.0,1500.0,0.0,2x1,2,1,1,3,H
31.4,31.4,0.0,Fraca,Fraca,Fraca vs Fraca,1.66,1.66,0.0,1.05,1.05,0.0,1500.0,1500.0,0.0,2x2,2,2,0,4,D
31.4,14.8,16.599999999999998,Fraca,Muito Fraca,Fraca vs Muito Fraca,1.66,1.15,0.51,1.05,1.35,-0.30000000000000004,1500.0,1420.0,80.0,0x0,0,0,0,0,D
31.4,31.4,0.0,Fraca,Fraca,Fraca vs Fraca,1.66,1.66,0.0,1.05,1.05,0.0,1500.0,1500.0,0.0,3x0,3,0,3,3,H
31.4,31.4,0.0,Fraca,Fraca,Fraca vs Fraca,1.66,1.66,0.0,1.05,1.05,0.0,1500.0,1500.0,0.0,9x1,9,1,8,10,H
8.1,36.3,-28.199999999999996,Muito Fraca,Fraca,Muito Fraca vs Fraca,0.92,1.61,-0.6900000000000001,1.98,1.23,0.75,1410.0,1540.43,-130.43000000000006,1x2,1,2,-1,3,A
59.0,36.3,22.700000000000003,Média,Fraca,Média vs Fraca,1.42,1.61,-0.19000000000000017,0.9,1.23,-0.32999999999999996,1675.75,1540.43,135.31999999999994,1x0,1,0,1,1,H
31.4,31.4,0.0,Fraca,Fraca,Fraca vs Fraca,1.66,1.66,0.0,1.05,1.05,0.0,1500.0,1500.0,0.0,0x0,0,0,0,0,D
31.4,31.4,0.0,Fraca,Fraca,Fraca vs Fraca,1.66,1.66,0.0,1.05,1.05,0.0,1500.0,1500.0,0.0,0x1,0,1,-1,1,A
31.4,31.4,0.0,Fraca,Fraca,Fraca vs Fraca,1.66,1.66,0.0,1.05,1.05,0.0,1500.0,1500.0,0.0,1x2,1,2,-1,3,A
62.3,36.3,26.0,Forte,Fraca,Forte vs Fraca,1.95,1.61,0.33999999999999986,0.86,1.23,-0.37,1681.88,1540.43,141.45000000000005,1x1,1,1,0,2,D
19.0,59.0,-40.0,Muito Fraca,Média,Muito Fraca vs Média,1.27,1.42,-0.1499999999999999,1.26,0.9,0.36,1440.0,1675.75,-235.75,0x3,0,3,-3,3,A
31.4,31.4,0.0,Fraca,Fraca,Fraca vs Fraca,1.66,1.66,0.0,1.05,1.05,0.0,1500.0,1500.0,0.0,2x1,2,1,1,3,H
31.4,31.4,0.0,Fraca,Fraca,Fraca vs Fraca,1.66,1.66,0.0,1.05,1.05,0.0,1500.0,1500.0,0.0,2x4,2,4,-2,6,A
31.4,19.0,12.399999999999999,Fraca,Muito Fraca,Fraca vs Muito Fraca,1.66,1.27,0.3899999999999999,1.05,1.26,-0.20999999999999996,1500.0,1440.0,60.0,0x1,0,1,-1,1,A
62.3,42.6,19.699999999999996,Forte,Média,Forte vs Média,1.95,1.88,0.07000000000000006,0.86,0.89,-0.030000000000000027,1681.88,1559.15,122.73000000000002,2x2,2,2,0,4,D
31.4,31.4,0.0,Fraca,Fraca,Fraca vs Fraca,1.66,1.66,0.0,1.05,1.05,0.0,1500.0,1500.0,0.0,2x1,2,1,1,3,H
36.3,31.4,4.899999999999999,Fraca,Fraca,Fraca vs Fraca,1.61,1.66,-0.04999999999999982,1.23,1.05,0.17999999999999994,1540.43,1500.0,40.430000000000064,4x0,4,0,4,4,H
59.0,19.3,39.7,Média,Muito Fraca,Média vs Muito Fraca,1.42,1.4,0.020000000000000018,0.9,1.17,-0.2699999999999999,1675.75,1435.0,240.75,2x0,2,0,2,2,H
31.4,31.4,0.0,Fraca,Fraca,Fraca vs Fraca,1.66,1.66,0.0,1.05,1.05,0.0,1500.0,1500.0,0.0,2x1,2,1,1,3,H
31.4,31.4,0.0,Fraca,Fraca,Fraca vs Fraca,1.66,1.66,0.0,1.05,1.05,0.0,1500.0,1500.0,0.0,0x1,0,1,-1,1,A
31.4,31.4,0.0,Fraca,Fraca,Fraca vs Fraca,1.66,1.66,0.0,1.05,1.05,0.0,1500.0,1500.0,0.0,1x1,1,1,0,2,D
31.4,31.4,0.0,Fraca,Fraca,Fraca vs Fraca,1.66,1.66,0.0,1.05,1.05,0.0,1500.0,1500.0,0.0,1x1,1,1,0,2,D
19.3,31.4,-12.099999999999998,Muito Fraca,Fraca,Muito Fraca vs Fraca,1.4,1.66,-0.26,1.17,1.05,0.11999999999999988,1435.0,1500.0,-65.0,6x4,6,4,2,10,H
36.3,31.4,4.899999999999999,Fraca,Fraca,Fraca vs Fraca,1.61,1.66,-0.04999999999999982,1.23,1.05,0.17999999999999994,1540.43,1500.0,40.430000000000064,2x2,2,2,0,4,D
31.4,31.4,0.0,Fraca,Fraca,Fraca vs Fraca,1.66,1.66,0.0,1.05,1.05,0.0,1500.0,1500.0,0.0,2x3,2,3,-1,5,A
42.6,31.4,11.200000000000003,Média,Fraca,Média vs Fraca,1.88,1.66,0.21999999999999997,0.89,1.05,-0.16000000000000003,1559.15,1500.0,59.15000000000009,4x2,4,2,2,6,H
62.3,8.1,54.199999999999996,Forte,Muito Fraca,Forte vs Muito Fraca,1.95,1.59,0.3599999999999999,0.86,1.44,-0.58,1681.88,1370.0,311.8800000000001,6x0,6,0,6,6,H
19.0,31.4,-12.399999999999999,Muito Fraca,Fraca,Muito Fraca vs Fraca,1.27,1.66,-0.3899999999999999,1.26,1.05,0.20999999999999996,1440.0,1500.0,-60.0,5x0,5,0,5,5,H
14.8,14.3,0.5,Muito Fraca,Muito Fraca,Muito Fraca vs Muito Fraca,1.15,2.45,-1.3000000000000003,1.35,1.26,0.09000000000000008,1420.0,1380.0,40.0,2x1,2,1,1,3,H
59.0,31.4,27.6,Média,Fraca,Média vs Fraca,1.42,1.66,-0.24,0.9,1.05,-0.15000000000000002,1675.75,1500.0,175.75,0x1,0,1,-1,1,A
31.4,31.4,0.0,Fraca,Fraca,Fraca vs Fraca,1.66,1.66,0.0,1.05,1.05,0.0,1500.0,1500.0,0.0,0x0,0,0,0,0,D
31.4,31.4,0.0,Fraca,Fraca,Fraca vs Fraca,1.66,1.66,0.0,1.05,1.05,0.0,1500.0,1500.0,0.0,1x4,1,4,-3,5,A
31.4,42.6,-11.200000000000003,Fraca,Média,Fraca vs Média,1.66,1.88,-0.21999999999999997,1.05,0.89,0.16000000000000003,1500.0,1559.15,-59.15000000000009,0x0,0,0,0,0,D
31.4,36.3,-4.899999999999999,Fraca,Fraca,Fraca vs Fraca,1.66,1.61,0.04999999999999982,1.05,1.23,-0.17999999999999994,1500.0,1540.43,-40.430000000000064,1x2,1,2,-1,3,A
31.4,19.3,12.099999999999998,Fraca,Muito Fraca,Fraca vs Muito Fraca,1.66,1.4,0.26,1.05,1.17,-0.11999999999999988,1500.0,1435.0,65.0,0x0,0,0,0,0,D
31.4,14.8,16.599999999999998,Fraca,Muito Fraca,Fraca vs Muito Fraca,1.66,1.15,0.51,1.05,1.35,-0.30000000000000004,1500.0,1420.0,80.0,1x1,1,1,0,2,D
14.3,59.0,-44.7,Muito Fraca,Média,Muito Fraca vs Média,2.45,1.42,1.0300000000000002,1.26,0.9,0.36,1380.0,1675.75,-295.75,1x3,1,3,-2,4,A
31.4,31.4,0.0,Fraca,Fraca,Fraca vs Fraca,1.66,1.66,0.0,1.05,1.05,0.0,1500.0,1500.0,0.0,1x0,1,0,1,1,H
19.0,8.1,10.9,Muito Fraca,Muito Fraca,Muito Fraca vs Muito Fraca,1.27,1.59,-0.32000000000000006,1.26,1.44,-0.17999999999999994,1440.0,1370.0,70.0,4x1,4,1,3,5,H
62.3,31.4,30.9,Forte,Fraca,Forte vs Fraca,1.95,1.66,0.29000000000000004,0.86,1.05,-0.19000000000000006,1681.88,1500.0,181.8800000000001,6x0,6,0,6,6,H
31.4,31.4,0.0,Fraca,Fraca,Fraca vs Fraca,1.66,1.66,0.0,1.05,1.05,0.0,1500.0,1500.0,0.0,1x1,1,1,0,2,D
42.6,31.4,11.200000000000003,Média,Fraca,Média vs Fraca,1.88,1.66,0.21999999999999997,0.89,1.05,-0.16000000000000003,1559.15,1500.0,59.15000000000009,2x2,2,2,0,4,D
31.4,31.4,0.0,Fraca,Fraca,Fraca vs Fraca,1.66,1.66,0.0,1.05,1.05,0.0,1500.0,1500.0,0.0,1x0,1,0,1,1,H
31.4,31.4,0.0,Fraca,Fraca,Fraca vs Fraca,1.66,1.66,0.0,1.05,1.05,0.0,1500.0,1500.0,0.0,1x2,1,2,-1,3,A
19.3,36.3,-16.999999999999996,Muito Fraca,Fraca,Muito Fraca vs Fraca,1.4,1.61,-0.2100000000000002,1.17,1.23,-0.06000000000000005,1435.0,1540.43,-105.43000000000006,1x2,1,2,-1,3,A
31.4,31.4,0.0,Fraca,Fraca,Fraca vs Fraca,1.66,1.66,0.0,1.05,1.05,0.0,1500.0,1500.0,0.0,1x4,1,4,-3,5,A
8.1,31.4,-23.299999999999997,Muito Fraca,Fraca,Muito Fraca vs Fraca,1.59,1.66,-0.06999999999999984,1.44,1.05,0.3899999999999999,1370.0,1500.0,-130.0,3x0,3,0,3,3,H
14.3,31.4,-17.099999999999998,Muito Fraca,Fraca,Muito Fraca vs Fraca,2.45,1.66,0.7900000000000003,1.26,1.05,0.20999999999999996,1380.0,1500.0,-120.0,2x1,2,1,1,3,H
59.0,14.8,44.2,Média,Muito Fraca,Média vs Muito Fraca,1.42,1.15,0.27,0.9,1.35,-0.45000000000000007,1675.75,1420.0,255.75,4x0,4,0,4,4,H
31.4,31.4,0.0,Fraca,Fraca,Fraca vs Fraca,1.66,1.66,0.0,1.05,1.05,0.0,1500.0,1500.0,0.0,2x0,2,0,2,2,H
62.3,19.0,43.3,Forte,Muito Fraca,Forte vs Muito Fraca,1.95,1.27,0.6799999999999999,0.86,1.26,-0.4,1681.88,1440.0,241.8800000000001,1x1,1,1,0,2,D
31.4,31.4,0.0,Fraca,Fraca,Fraca vs Fraca,1.66,1.66,0.0,1.05,1.05,0.0,1500.0,1500.0,0.0,2x0,2,0,2,2,H
31.4,31.4,0.0,Fraca,Fraca,Fraca vs Fraca,1.66,1.66,0.0,1.05,1.05,0.0,1500.0,1500.0,0.0,4x0,4,0,4,4,H
31.4,31.4,0.0,Fraca,Fraca,Fraca vs Fraca,1.66,1.66,0.0,1.05,1.05,0.0,1500.0,1500.0,0.0,1x1,1,1,0,2,D
8.1,20.8,-12.700000000000001,Muito Fraca,Fraca,Muito Fraca vs Fraca,0.92,1.06,-0.14,1.98,1.22,0.76,1410.0,1455.0,-45.0,0x0,0,0,0,0,D
75.4,63.7,11.700000000000003,Forte,Forte,Forte vs Forte,1.94,1.8,0.1399999999999999,0.74,0.64,0.09999999999999998,1760.46,1684.86,75.60000000000014,2x4,2,4,-2,6,A
31.4,31.4,0.0,Fraca,Fraca,Fraca vs Fraca,1.66,1.66,0.0,1.05,1.05,0.0,1500.0,1500.0,0.0,2x0,2,0,2,2,H
45.4,19.3,26.099999999999998,Média,Muito Fraca,Média vs Muito Fraca,1.16,1.4,-0.24,0.8,1.17,-0.3699999999999999,1591.73,1435.0,156.73000000000002,3x1,3,1,2,4,H
67.7,63.9,3.8000000000000043,Forte,Forte,Forte vs Forte,2.21,1.62,0.5899999999999999,1.21,0.88,0.32999999999999996,1724.15,1701.3,22.850000000000136,0x2,0,2,-2,2,A
14.3,8.1,6.200000000000001,Muito Fraca,Muito Fraca,Muito Fraca vs Muito Fraca,2.45,1.59,0.8600000000000001,1.26,1.44,-0.17999999999999994,1380.0,1370.0,10.0,0x0,0,0,0,0,D
61.5,21.3,40.2,Forte,Fraca,Forte vs Fraca,2.67,0.89,1.7799999999999998,0.67,1.15,-0.47999999999999987,1650.12,1460.0,190.1199999999999,4x1,4,1,3,5,H
49.1,31.4,17.700000000000003,Média,Fraca,Média vs Fraca,2.0,1.66,0.3400000000000001,0.93,1.05,-0.12,1599.45,1500.0,99.45000000000005,1x1,1,1,0,2,D
31.4,31.4,0.0,Fraca,Fraca,Fraca vs Fraca,1.66,1.66,0.0,1.05,1.05,0.0,1500.0,1500.0,0.0,1x4,1,4,-3,5,A
58.7,31.4,27.300000000000004,Média,Fraca,Média vs Fraca,1.34,1.66,-0.31999999999999984,0.82,1.05,-0.2300000000000001,1672.62,1500.0,172.6199999999999,2x0,2,0,2,2,H
31.4,31.4,0.0,Fraca,Fraca,Fraca vs Fraca,1.66,1.66,0.0,1.05,1.05,0.0,1500.0,1500.0,0.0,1x0,1,0,1,1,H
30.2,31.4,-1.1999999999999993,Fraca,Fraca,Fraca vs Fraca,1.42,1.66,-0.24,1.24,1.05,0.18999999999999995,1506.77,1500.0,6.769999999999982,2x0,2,0,2,2,H
31.4,31.4,0.0,Fraca,Fraca,Fraca vs Fraca,1.66,1.66,0.0,1.05,1.05,0.0,1500.0,1500.0,0.0,3x1,3,1,2,4,H
31.4,31.4,0.0,Fraca,Fraca,Fraca vs Fraca,1.66,1.66,0.0,1.05,1.05,0.0,1500.0,1500.0,0.0,1x3,1,3,-2,4,A
31.4,35.0,-3.6000000000000014,Fraca,Fraca,Fraca vs Fraca,1.66,1.67,-0.010000000000000009,1.05,1.26,-0.20999999999999996,1500.0,1532.04,-32.039999999999964,3x2,3,2,1,5,H
45.4,31.4,14.0,Média,Fraca,Média vs Fraca,1.84,1.66,0.18000000000000016,1.07,1.05,0.020000000000000018,1585.51,1500.0,85.50999999999999,2x0,2,0,2,2,H
31.4,70.2,-38.800000000000004,Fraca,Forte,Fraca vs Forte,1.66,2.11,-0.44999999999999996,1.05,0.93,0.12,1500.0,1730.71,-230.71000000000004,0x3,0,3,-3,3,A
31.4,31.4,0.0,Fraca,Fraca,Fraca vs Fraca,1.66,1.66,0.0,1.05,1.05,0.0,1500.0,1500.0,0.0,2x0,2,0,2,2,H
31.4,31.9,-0.5,Fraca,Fraca,Fraca vs Fraca,1.66,1.55,0.10999999999999988,1.05,1.06,-0.010000000000000009,1500.0,1506.34,-6.339999999999918,1x1,1,1,0,2,D
31.4,77.0,-45.6,Fraca,Forte,Fraca vs Forte,1.66,2.45,-0.7900000000000003,1.05,0.8,0.25,1500.0,1760.38,-260.3800000000001,0x1,0,1,-1,1,A
31.4,31.4,0.0,Fraca,Fraca,Fraca vs Fraca,1.66,1.66,0.0,1.05,1.05,0.0,1500.0,1500.0,0.0,0x1,0,1,-1,1,A
31.4,31.4,0.0,Fraca,Fraca,Fraca vs Fraca,1.66,1.66,0.0,1.05,1.05,0.0,1500.0,1500.0,0.0,0x1,0,1,-1,1,A
31.4,53.5,-22.1,Fraca,Média,Fraca vs Média,1.66,2.07,-0.4099999999999999,1.05,0.73,0.32000000000000006,1500.0,1617.02,-117.01999999999998,0x1,0,1,-1,1,A
31.4,31.4,0.0,Fraca,Fraca,Fraca vs Fraca,1.66,1.66,0.0,1.05,1.05,0.0,1500.0,1500.0,0.0,0x1,0,1,-1,1,A
31.4,95.2,-63.800000000000004,Fraca,Muito Forte,Fraca vs Muito Forte,1.66,2.06,-0.40000000000000013,1.05,0.45,0.6000000000000001,1500.0,1873.33,-373.3299999999999,0x2,0,2,-2,2,A
19.0,31.4,-12.399999999999999,Muito Fraca,Fraca,Muito Fraca vs Fraca,1.27,1.66,-0.3899999999999999,1.26,1.05,0.20999999999999996,1440.0,1500.0,-60.0,1x2,1,2,-1,3,A
31.4,31.4,0.0,Fraca,Fraca,Fraca vs Fraca,1.66,1.66,0.0,1.05,1.05,0.0,1500.0,1500.0,0.0,2x3,2,3,-1,5,A
28.6,31.4,-2.799999999999997,Fraca,Fraca,Fraca vs Fraca,1.1,1.66,-0.5599999999999998,1.13,1.05,0.07999999999999985,1500.0,1500.0,0.0,3x0,3,0,3,3,H
92.6,31.4,61.199999999999996,Muito Forte,Fraca,Muito Forte vs Fraca,2.17,1.66,0.51,0.88,1.05,-0.17000000000000004,1870.0,1500.0,370.0,1x0,1,0,1,1,H
36.7,31.4,5.300000000000004,Fraca,Fraca,Fraca vs Fraca,1.4,1.66,-0.26,1.45,1.05,0.3999999999999999,1557.47,1500.0,57.47000000000003,1x0,1,0,1,1,H
89.0,31.4,57.6,Muito Forte,Fraca,Muito Forte vs Fraca,2.18,1.66,0.5200000000000002,0.58,1.05,-0.4700000000000001,1834.12,1500.0,334.1199999999999,7x0,7,0,7,7,H
31.4,33.9,-2.5,Fraca,Fraca,Fraca vs Fraca,1.66,1.27,0.3899999999999999,1.05,1.14,-0.08999999999999986,1500.0,1529.71,-29.710000000000036,2x0,2,0,2,2,H
31.4,31.4,0.0,Fraca,Fraca,Fraca vs Fraca,1.66,1.66,0.0,1.05,1.05,0.0,1500.0,1500.0,0.0,6x0,6,0,6,6,H
24.7,31.4,-6.699999999999999,Fraca,Fraca,Fraca vs Fraca,1.09,1.66,-0.5699999999999998,1.24,1.05,0.18999999999999995,1480.0,1500.0,-20.0,0x1,0,1,-1,1,A
31.4,51.6,-20.200000000000003,Fraca,Média,Fraca vs Média,1.66,1.9,-0.24,1.05,0.9,0.15000000000000002,1500.0,1616.75,-116.75,1x1,1,1,0,2,D
55.2,31.4,23.800000000000004,Média,Fraca,Média vs Fraca,1.77,1.66,0.1100000000000001,1.18,1.05,0.1299999999999999,1654.69,1500.0,154.69000000000005,2x2,2,2,0,4,D
31.4,31.4,0.0,Fraca,Fraca,Fraca vs Fraca,1.66,1.66,0.0,1.05,1.05,0.0,1500.0,1500.0,0.0,2x1,2,1,1,3,H
36.3,59.0,-22.700000000000003,Fraca,Média,Fraca vs Média,1.61,1.42,0.19000000000000017,1.23,0.9,0.32999999999999996,1540.43,1675.75,-135.31999999999994,0x1,0,1,-1,1,A
62.3,42.6,19.699999999999996,Forte,Média,Forte vs Média,1.95,1.88,0.07000000000000006,0.86,0.89,-0.030000000000000027,1681.88,1559.15,122.73000000000002,2x0,2,0,2,2,H
42.3,31.4,10.899999999999999,Média,Fraca,Média vs Fraca,1.56,1.66,-0.09999999999999987,0.69,1.05,-0.3600000000000001,1556.72,1500.0,56.72000000000003,3x0,3,0,3,3,H
31.4,20.9,10.5,Fraca,Fraca,Fraca vs Fraca,1.66,0.98,0.6799999999999999,1.05,1.4,-0.34999999999999987,1500.0,1465.22,34.77999999999997,0x1,0,1,-1,1,A
27.4,31.4,-4.0,Fraca,Fraca,Fraca vs Fraca,0.87,1.66,-0.7899999999999999,1.2,1.05,0.1499999999999999,1501.5,1500.0,1.5,2x0,2,0,2,2,H
31.4,31.4,0.0,Fraca,Fraca,Fraca vs Fraca,1.66,1.66,0.0,1.05,1.05,0.0,1500.0,1500.0,0.0,1x1,1,1,0,2,D
74.8,64.4,10.399999999999991,Forte,Forte,Forte vs Forte,2.36,1.9,0.45999999999999996,0.99,0.99,0.0,1756.27,1702.06,54.210000000000036,2x3,2,3,-1,5,A
65.6,94.9,-29.30000000000001,Forte,Muito Forte,Forte vs Muito Forte,1.75,2.33,-0.5800000000000001,1.07,0.79,0.28,1716.88,1877.18,-160.29999999999995,0x0,0,0,0,0,D
31.4,31.4,0.0,Fraca,Fraca,Fraca vs Fraca,1.66,1.66,0.0,1.05,1.05,0.0,1500.0,1500.0,0.0,1x0,1,0,1,1,H
31.4,44.7,-13.300000000000004,Fraca,Média,Fraca vs Média,1.66,1.56,0.09999999999999987,1.05,0.91,0.14,1500.0,1581.56,-81.55999999999995,2x3,2,3,-1,5,A
31.4,31.4,0.0,Fraca,Fraca,Fraca vs Fraca,1.66,1.66,0.0,1.05,1.05,0.0,1500.0,1500.0,0.0,3x1,3,1,2,4,H
31.4,24.6,6.799999999999997,Fraca,Fraca,Fraca vs Fraca,1.66,1.27,0.3899999999999999,1.05,1.13,-0.07999999999999985,1500.0,1470.0,30.0,0x0,0,0,0,0,D
31.4,31.4,0.0,Fraca,Fraca,Fraca vs Fraca,1.66,1.66,0.0,1.05,1.05,0.0,1500.0,1500.0,0.0,1x2,1,2,-1,3,A
31.4,31.4,0.0,Fraca,Fraca,Fraca vs Fraca,1.66,1.66,0.0,1.05,1.05,0.0,1500.0,1500.0,0.0,0x2,0,2,-2,2,A
75.4,31.4,44.00000000000001,Forte,Fraca,Forte vs Fraca,1.94,1.66,0.28,0.74,1.05,-0.31000000000000005,1760.46,1500.0,260.46000000000004,4x1,4,1,3,5,H
45.4,8.1,37.3,Média,Muito Fraca,Média vs Muito Fraca,1.16,0.92,0.23999999999999988,0.8,1.98,-1.18,1591.73,1410.0,181.73000000000002,1x0,1,0,1,1,H
31.4,30.2,1.1999999999999993,Fraca,Fraca,Fraca vs Fraca,1.66,1.42,0.24,1.05,1.24,-0.18999999999999995,1500.0,1506.77,-6.769999999999982,1x2,1,2,-1,3,A
31.4,31.4,0.0,Fraca,Fraca,Fraca vs Fraca,1.66,1.66,0.0,1.05,1.05,0.0,1500.0,1500.0,0.0,0x3,0,3,-3,3,A
31.4,31.4,0.0,Fraca,Fraca,Fraca vs Fraca,1.66,1.66,0.0,1.05,1.05,0.0,1500.0,1500.0,0.0,2x0,2,0,2,2,H
70.2,45.4,24.800000000000004,Forte,Média,Forte vs Média,2.11,1.84,0.2699999999999998,0.93,1.07,-0.14,1730.71,1585.51,145.20000000000005,1x1,1,1,0,2,D
31.4,31.4,0.0,Fraca,Fraca,Fraca vs Fraca,1.66,1.66,0.0,1.05,1.05,0.0,1500.0,1500.0,0.0,1x1,1,1,0,2,D
31.4,31.4,0.0,Fraca,Fraca,Fraca vs Fraca,1.66,1.66,0.0,1.05,1.05,0.0,1500.0,1500.0,0.0,0x0,0,0,0,0,D
31.4,31.4,0.0,Fraca,Fraca,Fraca vs Fraca,1.66,1.66,0.0,1.05,1.05,0.0,1500.0,1500.0,0.0,1x2,1,2,-1,3,A
77.0,31.4,45.6,Forte,Fraca,Forte vs Fraca,2.45,1.66,0.7900000000000003,0.8,1.05,-0.25,1760.38,1500.0,260.3800000000001,3x0,3,0,3,3,H
31.4,31.4,0.0,Fraca,Fraca,Fraca vs Fraca,1.66,1.66,0.0,1.05,1.05,0.0,1500.0,1500.0,0.0,0x2,0,2,-2,2,A
31.4,31.4,0.0,Fraca,Fraca,Fraca vs Fraca,1.66,1.66,0.0,1.05,1.05,0.0,1500.0,1500.0,0.0,5x1,5,1,4,6,H
31.4,31.4,0.0,Fraca,Fraca,Fraca vs Fraca,1.66,1.66,0.0,1.05,1.05,0.0,1500.0,1500.0,0.0,3x0,3,0,3,3,H
31.4,31.4,0.0,Fraca,Fraca,Fraca vs Fraca,1.66,1.66,0.0,1.05,1.05,0.0,1500.0,1500.0,0.0,1x0,1,0,1,1,H
31.4,73.4,-42.00000000000001,Fraca,Forte,Fraca vs Forte,1.66,1.98,-0.32000000000000006,1.05,0.46,0.5900000000000001,1500.0,1736.56,-236.55999999999995,2x1,2,1,1,3,H
31.4,63.7,-32.300000000000004,Fraca,Forte,Fraca vs Forte,1.66,1.8,-0.14000000000000012,1.05,0.64,0.41000000000000003,1500.0,1684.86,-184.8599999999999,1x1,1,1,0,2,D
31.4,31.4,0.0,Fraca,Fraca,Fraca vs Fraca,1.66,1.66,0.0,1.05,1.05,0.0,1500.0,1500.0,0.0,1x1,1,1,0,2,D
20.8,31.4,-10.599999999999998,Fraca,Fraca,Fraca vs Fraca,1.06,1.66,-0.5999999999999999,1.22,1.05,0.16999999999999993,1455.0,1500.0,-45.0,5x0,5,0,5,5,H
31.4,31.4,0.0,Fraca,Fraca,Fraca vs Fraca,1.66,1.66,0.0,1.05,1.05,0.0,1500.0,1500.0,0.0,4x0,4,0,4,4,H
31.4,31.4,0.0,Fraca,Fraca,Fraca vs Fraca,1.66,1.66,0.0,1.05,1.05,0.0,1500.0,1500.0,0.0,2x2,2,2,0,4,D
63.9,31.4,32.5,Forte,Fraca,Forte vs Fraca,1.62,1.66,-0.039999999999999813,0.88,1.05,-0.17000000000000004,1701.3,1500.0,201.29999999999995,1x0,1,0,1,1,H
49.1,21.3,27.8,Média,Fraca,Média vs Fraca,2.0,0.89,1.1099999999999999,0.93,1.15,-0.21999999999999986,1599.45,1460.0,139.45000000000005,0x1,0,1,-1,1,A
35.0,67.7,-32.7,Fraca,Forte,Fraca vs Forte,1.67,2.21,-0.54,1.26,1.21,0.050000000000000044,1532.04,1724.15,-192.11000000000013,1x0,1,0,1,1,H
31.9,31.4,0.5,Fraca,Fraca,Fraca vs Fraca,1.55,1.66,-0.10999999999999988,1.06,1.05,0.010000000000000009,1506.34,1500.0,6.339999999999918,3x2,3,2,1,5,H
31.4,31.4,0.0,Fraca,Fraca,Fraca vs Fraca,1.66,1.66,0.0,1.05,1.05,0.0,1500.0,1500.0,0.0,4x1,4,1,3,5,H
31.4,92.6,-61.199999999999996,Fraca,Muito Forte,Fraca vs Muito Forte,1.66,2.17,-0.51,1.05,0.88,0.17000000000000004,1500.0,1870.0,-370.0,0x3,0,3,-3,3,A
31.4,28.6,2.799999999999997,Fraca,Fraca,Fraca vs Fraca,1.66,1.1,0.5599999999999998,1.05,1.13,-0.07999999999999985,1500.0,1500.0,0.0,2x1,2,1,1,3,H
31.4,89.0,-57.6,Fraca,Muito Forte,Fraca vs Muito Forte,1.66,2.18,-0.5200000000000002,1.05,0.58,0.4700000000000001,1500.0,1834.12,-334.1199999999999,0x4,0,4,-4,4,A
31.4,36.7,-5.300000000000004,Fraca,Fraca,Fraca vs Fraca,1.66,1.4,0.26,1.05,1.45,-0.3999999999999999,1500.0,1557.47,-57.47000000000003,2x3,2,3,-1,5,A
33.9,31.4,2.5,Fraca,Fraca,Fraca vs Fraca,1.27,1.66,-0.3899999999999999,1.14,1.05,0.08999999999999986,1529.71,1500.0,29.710000000000036,2x4,2,4,-2,6,A
31.4,31.4,0.0,Fraca,Fraca,Fraca vs Fraca,1.66,1.66,0.0,1.05,1.05,0.0,1500.0,1500.0,0.0,2x3,2,3,-1,5,A
31.4,31.4,0.0,Fraca,Fraca,Fraca vs Fraca,1.66,1.66,0.0,1.05,1.05,0.0,1500.0,1500.0,0.0,2x0,2,0,2,2,H
51.6,24.7,26.900000000000002,Média,Fraca,Média vs Fraca,1.9,1.09,0.8099999999999998,0.9,1.24,-0.33999999999999997,1616.75,1480.0,136.75,1x0,1,0,1,1,H
31.4,55.2,-23.800000000000004,Fraca,Média,Fraca vs Média,1.66,1.77,-0.1100000000000001,1.05,1.18,-0.1299999999999999,1500.0,1654.69,-154.69000000000005,1x2,1,2,-1,3,A
31.4,31.4,0.0,Fraca,Fraca,Fraca vs Fraca,1.66,1.66,0.0,1.05,1.05,0.0,1500.0,1500.0,0.0,1x2,1,2,-1,3,A
31.4,31.4,0.0,Fraca,Fraca,Fraca vs Fraca,1.66,1.66,0.0,1.05,1.05,0.0,1500.0,1500.0,0.0,0x0,0,0,0,0,D
31.4,53.5,-22.1,Fraca,Média,Fraca vs Média,1.66,2.07,-0.4099999999999999,1.05,0.73,0.32000000000000006,1500.0,1617.02,-117.01999999999998,1x5,1,5,-4,6,A
36.3,42.6,-6.300000000000004,Fraca,Média,Fraca vs Média,1.61,1.88,-0.2699999999999998,1.23,0.89,0.33999999999999997,1540.43,1559.15,-18.720000000000027,0x2,0,2,-2,2,A
62.3,59.0,3.299999999999997,Forte,Média,Forte vs Média,1.95,1.42,0.53,0.86,0.9,-0.040000000000000036,1681.88,1675.75,6.130000000000109,3x0,3,0,3,3,H
95.2,45.4,49.800000000000004,Muito Forte,Média,Muito Forte vs Média,2.06,1.77,0.29000000000000004,0.45,0.75,-0.3,1873.33,1574.01,299.31999999999994,2x0,2,0,2,2,H
19.3,31.4,-12.099999999999998,Muito Fraca,Fraca,Muito Fraca vs Fraca,1.4,1.66,-0.26,1.17,1.05,0.11999999999999988,1435.0,1500.0,-65.0,0x1,0,1,-1,1,A
14.8,20.9,-6.099999999999998,Muito Fraca,Fraca,Muito Fraca vs Fraca,1.15,0.98,0.16999999999999993,1.35,1.4,-0.04999999999999982,1420.0,1465.22,-45.22000000000003,0x1,0,1,-1,1,A
19.0,31.4,-12.399999999999999,Muito Fraca,Fraca,Muito Fraca vs Fraca,1.27,1.66,-0.3899999999999999,1.26,1.05,0.20999999999999996,1440.0,1500.0,-60.0,1x2,1,2,-1,3,A
61.5,31.4,30.1,Forte,Fraca,Forte vs Fraca,2.67,1.66,1.01,0.67,1.05,-0.38,1650.12,1500.0,150.1199999999999,6x0,6,0,6,6,H
31.4,31.4,0.0,Fraca,Fraca,Fraca vs Fraca,1.66,1.66,0.0,1.05,1.05,0.0,1500.0,1500.0,0.0,1x0,1,0,1,1,H
31.4,31.4,0.0,Fraca,Fraca,Fraca vs Fraca,1.66,1.66,0.0,1.05,1.05,0.0,1500.0,1500.0,0.0,1x0,1,0,1,1,H
94.9,64.4,30.5,Muito Forte,Forte,Muito Forte vs Forte,2.33,1.9,0.43000000000000016,0.79,0.99,-0.19999999999999996,1877.18,1702.06,175.12000000000012,2x1,2,1,1,3,H
31.4,31.4,0.0,Fraca,Fraca,Fraca vs Fraca,1.66,1.66,0.0,1.05,1.05,0.0,1500.0,1500.0,0.0,1x0,1,0,1,1,H
31.4,31.4,0.0,Fraca,Fraca,Fraca vs Fraca,1.66,1.66,0.0,1.05,1.05,0.0,1500.0,1500.0,0.0,0x0,0,0,0,0,D
31.4,31.4,0.0,Fraca,Fraca,Fraca vs Fraca,1.66,1.66,0.0,1.05,1.05,0.0,1500.0,1500.0,0.0,4x1,4,1,3,5,H
58.7,31.4,27.300000000000004,Média,Fraca,Média vs Fraca,1.34,1.66,-0.31999999999999984,0.82,1.05,-0.2300000000000001,1672.62,1500.0,172.6199999999999,4x1,4,1,3,5,H
74.8,65.6,9.200000000000003,Forte,Forte,Forte vs Forte,2.36,1.75,0.6099999999999999,0.99,1.07,-0.08000000000000007,1756.27,1716.88,39.38999999999987,2x4,2,4,-2,6,A
31.4,31.4,0.0,Fraca,Fraca,Fraca vs Fraca,1.66,1.66,0.0,1.05,1.05,0.0,1500.0,1500.0,0.0,1x1,1,1,0,2,D
31.4,31.4,0.0,Fraca,Fraca,Fraca vs Fraca,1.66,1.66,0.0,1.05,1.05,0.0,1500.0,1500.0,0.0,2x0,2,0,2,2,H
31.4,31.4,0.0,Fraca,Fraca,Fraca vs Fraca,1.66,1.66,0.0,1.05,1.05,0.0,1500.0,1500.0,0.0,0x1,0,1,-1,1,A
31.4,42.3,-10.899999999999999,Fraca,Média,Fraca vs Média,1.66,1.56,0.09999999999999987,1.05,0.69,0.3600000000000001,1500.0,1556.72,-56.72000000000003,1x2,1,2,-1,3,A
53.5,31.4,22.1,Média,Fraca,Média vs Fraca,2.07,1.66,0.4099999999999999,0.73,1.05,-0.32000000000000006,1617.02,1500.0,117.01999999999998,6x1,6,1,5,7,H
31.4,19.3,12.099999999999998,Fraca,Muito Fraca,Fraca vs Muito Fraca,1.66,1.4,0.26,1.05,1.17,-0.11999999999999988,1500.0,1435.0,65.0,0x0,0,0,0,0,D
67.7,36.7,31.0,Forte,Fraca,Forte vs Fraca,2.21,1.4,0.81,1.21,1.45,-0.24,1724.15,1557.47,166.68000000000006,3x3,3,3,0,6,D
73.4,31.4,42.00000000000001,Forte,Fraca,Forte vs Fraca,1.98,1.66,0.32000000000000006,0.46,1.05,-0.5900000000000001,1736.56,1500.0,236.55999999999995,0x0,0,0,0,0,D
20.8,31.4,-10.599999999999998,Fraca,Fraca,Fraca vs Fraca,1.06,1.66,-0.5999999999999999,1.22,1.05,0.16999999999999993,1455.0,1500.0,-45.0,3x0,3,0,3,3,H
31.4,8.1,23.299999999999997,Fraca,Muito Fraca,Fraca vs Muito Fraca,1.66,1.59,0.06999999999999984,1.05,1.44,-0.3899999999999999,1500.0,1370.0,130.0,0x1,0,1,-1,1,A
31.4,31.4,0.0,Fraca,Fraca,Fraca vs Fraca,1.66,1.66,0.0,1.05,1.05,0.0,1500.0,1500.0,0.0,3x0,3,0,3,3,H
59.0,28.9,30.1,Média,Fraca,Média vs Fraca,1.42,1.38,0.040000000000000036,0.9,0.83,0.07000000000000006,1675.75,1482.39,193.3599999999999,2x2,2,2,0,4,D
36.3,31.4,4.899999999999999,Fraca,Fraca,Fraca vs Fraca,1.61,1.66,-0.04999999999999982,1.23,1.05,0.17999999999999994,1540.43,1500.0,40.430000000000064,3x2,3,2,1,5,H
59.0,31.4,27.6,Média,Fraca,Média vs Fraca,1.42,1.66,-0.24,0.9,1.05,-0.15000000000000002,1675.75,1500.0,175.75,2x0,2,0,2,2,H
62.3,59.0,3.299999999999997,Forte,Média,Forte vs Média,1.95,1.42,0.53,0.86,0.9,-0.040000000000000036,1681.88,1675.75,6.130000000000109,1x1,1,1,0,2,D
95.2,31.4,63.800000000000004,Muito Forte,Fraca,Muito Forte vs Fraca,2.06,1.66,0.40000000000000013,0.45,1.05,-0.6000000000000001,1873.33,1500.0,373.3299999999999,7x0,7,0,7,7,H
45.4,45.4,0.0,Média,Média,Média vs Média,1.77,1.16,0.6100000000000001,0.75,0.8,-0.050000000000000044,1574.01,1591.73,-17.720000000000027,1x2,1,2,-1,3,A
31.4,31.4,0.0,Fraca,Fraca,Fraca vs Fraca,1.66,1.66,0.0,1.05,1.05,0.0,1500.0,1500.0,0.0,1x0,1,0,1,1,H
67.7,70.2,-2.5,Forte,Forte,Forte vs Forte,2.21,2.11,0.10000000000000009,1.21,0.93,0.2799999999999999,1724.15,1730.71,-6.559999999999945,2x3,2,3,-1,5,A
31.4,31.4,0.0,Fraca,Fraca,Fraca vs Fraca,1.66,1.66,0.0,1.05,1.05,0.0,1500.0,1500.0,0.0,2x0,2,0,2,2,H
31.4,31.4,0.0,Fraca,Fraca,Fraca vs Fraca,1.66,1.66,0.0,1.05,1.05,0.0,1500.0,1500.0,0.0,2x2,2,2,0,4,D
53.5,31.4,22.1,Média,Fraca,Média vs Fraca,2.07,1.66,0.4099999999999999,0.73,1.05,-0.32000000000000006,1617.02,1500.0,117.01999999999998,2x1,2,1,1,3,H
61.5,63.9,-2.3999999999999986,Forte,Forte,Forte vs Forte,2.67,1.62,1.0499999999999998,0.67,0.88,-0.20999999999999996,1650.12,1701.3,-51.180000000000064,1x2,1,2,-1,3,A
31.4,31.4,0.0,Fraca,Fraca,Fraca vs Fraca,1.66,1.66,0.0,1.05,1.05,0.0,1500.0,1500.0,0.0,4x0,4,0,4,4,H
49.1,58.7,-9.600000000000001,Média,Média,Média vs Média,2.0,1.34,0.6599999999999999,0.93,0.82,0.1100000000000001,1599.45,1672.62,-73.16999999999985,1x2,1,2,-1,3,A
73.4,21.3,52.10000000000001,Forte,Fraca,Forte vs Fraca,1.98,0.89,1.0899999999999999,0.46,1.15,-0.69,1736.56,1460.0,276.55999999999995,0x0,0,0,0,0,D
31.4,8.1,23.299999999999997,Fraca,Muito Fraca,Fraca vs Muito Fraca,1.66,0.92,0.7399999999999999,1.05,1.98,-0.9299999999999999,1500.0,1410.0,90.0,1x2,1,2,-1,3,A
31.4,31.4,0.0,Fraca,Fraca,Fraca vs Fraca,1.66,1.66,0.0,1.05,1.05,0.0,1500.0,1500.0,0.0,2x0,2,0,2,2,H
31.4,20.9,10.5,Fraca,Fraca,Fraca vs Fraca,1.66,0.98,0.6799999999999999,1.05,1.4,-0.34999999999999987,1500.0,1465.22,34.77999999999997,1x1,1,1,0,2,D
31.4,31.4,0.0,Fraca,Fraca,Fraca vs Fraca,1.66,1.66,0.0,1.05,1.05,0.0,1500.0,1500.0,0.0,1x1,1,1,0,2,D
31.4,28.9,2.5,Fraca,Fraca,Fraca vs Fraca,1.66,1.38,0.28,1.05,0.83,0.22000000000000008,1500.0,1482.39,17.6099999999999,2x1,2,1,1,3,H
31.4,42.3,-10.899999999999999,Fraca,Média,Fraca vs Média,1.66,1.56,0.09999999999999987,1.05,0.69,0.3600000000000001,1500.0,1556.72,-56.72000000000003,0x4,0,4,-4,4,A
31.4,31.4,0.0,Fraca,Fraca,Fraca vs Fraca,1.66,1.66,0.0,1.05,1.05,0.0,1500.0,1500.0,0.0,0x1,0,1,-1,1,A
31.4,31.4,0.0,Fraca,Fraca,Fraca vs Fraca,1.66,1.66,0.0,1.05,1.05,0.0,1500.0,1500.0,0.0,1x0,1,0,1,1,H
31.4,31.4,0.0,Fraca,Fraca,Fraca vs Fraca,1.66,1.66,0.0,1.05,1.05,0.0,1500.0,1500.0,0.0,0x2,0,2,-2,2,A
31.4,31.4,0.0,Fraca,Fraca,Fraca vs Fraca,1.66,1.66,0.0,1.05,1.05,0.0,1500.0,1500.0,0.0,0x1,0,1,-1,1,A
31.4,31.4,0.0,Fraca,Fraca,Fraca vs Fraca,1.66,1.66,0.0,1.05,1.05,0.0,1500.0,1500.0,0.0,1x2,1,2,-1,3,A
31.4,63.7,-32.300000000000004,Fraca,Forte,Fraca vs Forte,1.66,1.8,-0.14000000000000012,1.05,0.64,0.41000000000000003,1500.0,1684.86,-184.8599999999999,0x1,0,1,-1,1,A
30.2,94.9,-64.7,Fraca,Muito Forte,Fraca vs Muito Forte,1.42,2.33,-0.9100000000000001,1.24,0.79,0.44999999999999996,1506.77,1877.18,-370.4100000000001,2x0,2,0,2,2,H
31.4,31.4,0.0,Fraca,Fraca,Fraca vs Fraca,1.66,1.66,0.0,1.05,1.05,0.0,1500.0,1500.0,0.0,1x1,1,1,0,2,D
33.9,31.4,2.5,Fraca,Fraca,Fraca vs Fraca,1.27,1.66,-0.3899999999999999,1.14,1.05,0.08999999999999986,1529.71,1500.0,29.710000000000036,1x0,1,0,1,1,H
31.4,65.6,-34.199999999999996,Fraca,Forte,Fraca vs Forte,1.66,1.75,-0.09000000000000008,1.05,1.07,-0.020000000000000018,1500.0,1716.88,-216.8800000000001,0x2,0,2,-2,2,A
55.2,31.4,23.800000000000004,Média,Fraca,Média vs Fraca,1.77,1.66,0.1100000000000001,1.18,1.05,0.1299999999999999,1654.69,1500.0,154.69000000000005,3x0,3,0,3,3,H
31.4,31.4,0.0,Fraca,Fraca,Fraca vs Fraca,1.66,1.66,0.0,1.05,1.05,0.0,1500.0,1500.0,0.0,2x1,2,1,1,3,H
19.3,36.3,-16.999999999999996,Muito Fraca,Fraca,Muito Fraca vs Fraca,1.4,1.61,-0.2100000000000002,1.17,1.23,-0.06000000000000005,1435.0,1540.43,-105.43000000000006,0x1,0,1,-1,1,A
42.6,14.8,27.8,Média,Muito Fraca,Média vs Muito Fraca,1.88,1.15,0.73,0.89,1.35,-0.4600000000000001,1559.15,1420.0,139.1500000000001,4x1,4,1,3,5,H
14.3,31.4,-17.099999999999998,Muito Fraca,Fraca,Muito Fraca vs Fraca,2.45,1.66,0.7900000000000003,1.26,1.05,0.20999999999999996,1380.0,1500.0,-120.0,3x1,3,1,2,4,H
20.8,27.4,-6.599999999999998,Fraca,Fraca,Fraca vs Fraca,1.06,0.87,0.19000000000000006,1.22,1.2,0.020000000000000018,1455.0,1501.5,-46.5,3x2,3,2,1,5,H
31.4,31.4,0.0,Fraca,Fraca,Fraca vs Fraca,1.66,1.66,0.0,1.05,1.05,0.0,1500.0,1500.0,0.0,0x0,0,0,0,0,D
31.4,31.4,0.0,Fraca,Fraca,Fraca vs Fraca,1.66,1.66,0.0,1.05,1.05,0.0,1500.0,1500.0,0.0,1x0,1,0,1,1,H
31.4,31.4,0.0,Fraca,Fraca,Fraca vs Fraca,1.66,1.66,0.0,1.05,1.05,0.0,1500.0,1500.0,0.0,2x0,2,0,2,2,H
31.4,44.7,-13.300000000000004,Fraca,Média,Fraca vs Média,1.66,1.56,0.09999999999999987,1.05,0.91,0.14,1500.0,1581.56,-81.55999999999995,0x1,0,1,-1,1,A
31.4,24.6,6.799999999999997,Fraca,Fraca,Fraca vs Fraca,1.66,1.27,0.3899999999999999,1.05,1.13,-0.07999999999999985,1500.0,1470.0,30.0,1x1,1,1,0,2,D
31.4,31.4,0.0,Fraca,Fraca,Fraca vs Fraca,1.66,1.66,0.0,1.05,1.05,0.0,1500.0,1500.0,0.0,0x1,0,1,-1,1,A
28.6,92.6,-63.99999999999999,Fraca,Muito Forte,Fraca vs Muito Forte,1.1,2.17,-1.0699999999999998,1.13,0.88,0.2499999999999999,1500.0,1870.0,-370.0,0x1,0,1,-1,1,A
74.8,31.4,43.4,Forte,Fraca,Forte vs Fraca,2.36,1.66,0.7,0.99,1.05,-0.06000000000000005,1756.27,1500.0,256.27,3x0,3,0,3,3,H
35.0,31.4,3.6000000000000014,Fraca,Fraca,Fraca vs Fraca,1.67,1.66,0.010000000000000009,1.26,1.05,0.20999999999999996,1532.04,1500.0,32.039999999999964,1x0,1,0,1,1,H
31.4,31.4,0.0,Fraca,Fraca,Fraca vs Fraca,1.66,1.66,0.0,1.05,1.05,0.0,1500.0,1500.0,0.0,0x0,0,0,0,0,D
45.4,31.4,14.0,Média,Fraca,Média vs Fraca,1.84,1.66,0.18000000000000016,1.07,1.05,0.020000000000000018,1585.51,1500.0,85.50999999999999,2x1,2,1,1,3,H
31.4,31.4,0.0,Fraca,Fraca,Fraca vs Fraca,1.66,1.66,0.0,1.05,1.05,0.0,1500.0,1500.0,0.0,5x0,5,0,5,5,H
31.4,31.4,0.0,Fraca,Fraca,Fraca vs Fraca,1.66,1.66,0.0,1.05,1.05,0.0,1500.0,1500.0,0.0,3x0,3,0,3,3,H
31.4,31.9,-0.5,Fraca,Fraca,Fraca vs Fraca,1.66,1.55,0.10999999999999988,1.05,1.06,-0.010000000000000009,1500.0,1506.34,-6.339999999999918,0x2,0,2,-2,2,A
62.3,31.4,30.9,Forte,Fraca,Forte vs Fraca,1.95,1.66,0.29000000000000004,0.86,1.05,-0.19000000000000006,1681.88,1500.0,181.8800000000001,1x0,1,0,1,1,H
8.1,31.4,-23.299999999999997,Muito Fraca,Fraca,Muito Fraca vs Fraca,1.59,1.66,-0.06999999999999984,1.44,1.05,0.3899999999999999,1370.0,1500.0,-130.0,1x1,1,1,0,2,D
31.4,31.4,0.0,Fraca,Fraca,Fraca vs Fraca,1.66,1.66,0.0,1.05,1.05,0.0,1500.0,1500.0,0.0,4x0,4,0,4,4,H
31.4,31.4,0.0,Fraca,Fraca,Fraca vs Fraca,1.66,1.66,0.0,1.05,1.05,0.0,1500.0,1500.0,0.0,0x2,0,2,-2,2,A
31.4,31.4,0.0,Fraca,Fraca,Fraca vs Fraca,1.66,1.66,0.0,1.05,1.05,0.0,1500.0,1500.0,0.0,2x1,2,1,1,3,H
31.4,31.4,0.0,Fraca,Fraca,Fraca vs Fraca,1.66,1.66,0.0,1.05,1.05,0.0,1500.0,1500.0,0.0,2x0,2,0,2,2,H
31.4,31.4,0.0,Fraca,Fraca,Fraca vs Fraca,1.66,1.66,0.0,1.05,1.05,0.0,1500.0,1500.0,0.0,0x2,0,2,-2,2,A
89.0,36.7,52.3,Muito Forte,Fraca,Muito Forte vs Fraca,2.18,1.4,0.7800000000000002,0.58,1.45,-0.87,1834.12,1557.47,276.64999999999986,2x0,2,0,2,2,H
31.4,64.4,-33.00000000000001,Fraca,Forte,Fraca vs Forte,1.66,1.9,-0.24,1.05,0.99,0.06000000000000005,1500.0,1702.06,-202.05999999999995,0x2,0,2,-2,2,A
31.4,31.4,0.0,Fraca,Fraca,Fraca vs Fraca,1.66,1.66,0.0,1.05,1.05,0.0,1500.0,1500.0,0.0,2x0,2,0,2,2,H
31.4,51.6,-20.200000000000003,Fraca,Média,Fraca vs Média,1.66,1.9,-0.24,1.05,0.9,0.15000000000000002,1500.0,1616.75,-116.75,3x2,3,2,1,5,H
24.7,31.4,-6.699999999999999,Fraca,Fraca,Fraca vs Fraca,1.09,1.66,-0.5699999999999998,1.24,1.05,0.18999999999999995,1480.0,1500.0,-20.0,0x1,0,1,-1,1,A
31.4,31.4,0.0,Fraca,Fraca,Fraca vs Fraca,1.66,1.66,0.0,1.05,1.05,0.0,1500.0,1500.0,0.0,0x7,0,7,-7,7,A
31.4,77.0,-45.6,Fraca,Forte,Fraca vs Forte,1.66,2.45,-0.7900000000000003,1.05,0.8,0.25,1500.0,1760.38,-260.3800000000001,0x6,0,6,-6,6,A
31.4,31.4,0.0,Fraca,Fraca,Fraca vs Fraca,1.66,1.66,0.0,1.05,1.05,0.0,1500.0,1500.0,0.0,2x0,2,0,2,2,H
59.0,19.0,40.0,Média,Muito Fraca,Média vs Muito Fraca,1.42,1.27,0.1499999999999999,0.9,1.26,-0.36,1675.75,1440.0,235.75,2x2,2,2,0,4,D
31.4,31.4,0.0,Fraca,Fraca,Fraca vs Fraca,1.66,1.66,0.0,1.05,1.05,0.0,1500.0,1500.0,0.0,1x0,1,0,1,1,H
67.7,21.3,46.400000000000006,Forte,Fraca,Forte vs Fraca,2.21,0.89,1.3199999999999998,1.21,1.15,0.06000000000000005,1724.15,1460.0,264.1500000000001,2x0,2,0,2,2,H
31.4,31.4,0.0,Fraca,Fraca,Fraca vs Fraca,1.66,1.66,0.0,1.05,1.05,0.0,1500.0,1500.0,0.0,3x1,3,1,2,4,H
73.4,75.4,-2.0,Forte,Forte,Forte vs Forte,1.98,1.94,0.040000000000000036,0.46,0.74,-0.27999999999999997,1736.56,1760.46,-23.90000000000009,2x1,2,1,1,3,H
31.4,31.4,0.0,Fraca,Fraca,Fraca vs Fraca,1.66,1.66,0.0,1.05,1.05,0.0,1500.0,1500.0,0.0,1x3,1,3,-2,4,A
31.4,31.4,0.0,Fraca,Fraca,Fraca vs Fraca,1.66,1.66,0.0,1.05,1.05,0.0,1500.0,1500.0,0.0,0x0,0,0,0,0,D
30.2,31.4,-1.1999999999999993,Fraca,Fraca,Fraca vs Fraca,1.42,1.66,-0.24,1.24,1.05,0.18999999999999995,1506.77,1500.0,6.769999999999982,3x0,3,0,3,3,H
94.9,31.4,63.50000000000001,Muito Forte,Fraca,Muito Forte vs Fraca,2.33,1.66,0.6700000000000002,0.79,1.05,-0.26,1877.18,1500.0,377.18000000000006,3x0,3,0,3,3,H
65.6,33.9,31.699999999999996,Forte,Fraca,Forte vs Fraca,1.75,1.27,0.48,1.07,1.14,-0.06999999999999984,1716.88,1529.71,187.17000000000007,1x1,1,1,0,2,D
31.4,31.4,0.0,Fraca,Fraca,Fraca vs Fraca,1.66,1.66,0.0,1.05,1.05,0.0,1500.0,1500.0,0.0,1x2,1,2,-1,3,A
31.4,55.2,-23.800000000000004,Fraca,Média,Fraca vs Média,1.66,1.77,-0.1100000000000001,1.05,1.18,-0.1299999999999999,1500.0,1654.69,-154.69000000000005,0x5,0,5,-5,5,A
31.4,31.4,0.0,Fraca,Fraca,Fraca vs Fraca,1.66,1.66,0.0,1.05,1.05,0.0,1500.0,1500.0,0.0,1x1,1,1,0,2,D
31.4,31.4,0.0,Fraca,Fraca,Fraca vs Fraca,1.66,1.66,0.0,1.05,1.05,0.0,1500.0,1500.0,0.0,0x2,0,2,-2,2,A
31.4,19.3,12.099999999999998,Fraca,Muito Fraca,Fraca vs Muito Fraca,1.66,1.4,0.26,1.05,1.17,-0.11999999999999988,1500.0,1435.0,65.0,1x2,1,2,-1,3,A
31.4,42.6,-11.200000000000003,Fraca,Média,Fraca vs Média,1.66,1.88,-0.21999999999999997,1.05,0.89,0.16000000000000003,1500.0,1559.15,-59.15000000000009,0x2,0,2,-2,2,A
31.4,14.3,17.099999999999998,Fraca,Muito Fraca,Fraca vs Muito Fraca,1.66,2.45,-0.7900000000000003,1.05,1.26,-0.20999999999999996,1500.0,1380.0,120.0,0x4,0,4,-4,4,A
45.4,45.4,0.0,Média,Média,Média vs Média,1.77,1.16,0.6100000000000001,0.75,0.8,-0.050000000000000044,1574.01,1591.73,-17.720000000000027,3x1,3,1,2,4,H
61.5,58.7,2.799999999999997,Forte,Média,Forte vs Média,2.67,1.34,1.3299999999999998,0.67,0.82,-0.1499999999999999,1650.12,1672.62,-22.5,1x1,1,1,0,2,D
49.1,63.9,-14.799999999999997,Média,Forte,Média vs Forte,2.0,1.62,0.3799999999999999,0.93,0.88,0.050000000000000044,1599.45,1701.3,-101.84999999999991,2x2,2,2,0,4,D
31.4,31.4,0.0,Fraca,Fraca,Fraca vs Fraca,1.66,1.66,0.0,1.05,1.05,0.0,1500.0,1500.0,0.0,2x0,2,0,2,2,H
31.4,20.9,10.5,Fraca,Fraca,Fraca vs Fraca,1.66,0.98,0.6799999999999999,1.05,1.4,-0.34999999999999987,1500.0,1465.22,34.77999999999997,1x2,1,2,-1,3,A
31.4,31.4,0.0,Fraca,Fraca,Fraca vs Fraca,1.66,1.66,0.0,1.05,1.05,0.0,1500.0,1500.0,0.0,2x1,2,1,1,3,H
31.4,8.1,23.299999999999997,Fraca,Muito Fraca,Fraca vs Muito Fraca,1.66,0.92,0.7399999999999999,1.05,1.98,-0.9299999999999999,1500.0,1410.0,90.0,1x0,1,0,1,1,H
44.7,31.4,13.300000000000004,Média,Fraca,Média vs Fraca,1.56,1.66,-0.09999999999999987,0.91,1.05,-0.14,1581.56,1500.0,81.55999999999995,0x1,0,1,-1,1,A
31.4,31.4,0.0,Fraca,Fraca,Fraca vs Fraca,1.66,1.66,0.0,1.05,1.05,0.0,1500.0,1500.0,0.0,1x0,1,0,1,1,H
28.9,31.4,-2.5,Fraca,Fraca,Fraca vs Fraca,1.38,1.66,-0.28,0.83,1.05,-0.22000000000000008,1482.39,1500.0,-17.6099999999999,1x1,1,1,0,2,D
42.3,31.4,10.899999999999999,Média,Fraca,Média vs Fraca,1.56,1.66,-0.09999999999999987,0.69,1.05,-0.3600000000000001,1556.72,1500.0,56.72000000000003,2x0,2,0,2,2,H
31.4,31.4,0.0,Fraca,Fraca,Fraca vs Fraca,1.66,1.66,0.0,1.05,1.05,0.0,1500.0,1500.0,0.0,0x1,0,1,-1,1,A
31.4,31.4,0.0,Fraca,Fraca,Fraca vs Fraca,1.66,1.66,0.0,1.05,1.05,0.0,1500.0,1500.0,0.0,2x0,2,0,2,2,H
31.4,31.4,0.0,Fraca,Fraca,Fraca vs Fraca,1.66,1.66,0.0,1.05,1.05,0.0,1500.0,1500.0,0.0,3x1,3,1,2,4,H
31.4,31.4,0.0,Fraca,Fraca,Fraca vs Fraca,1.66,1.66,0.0,1.05,1.05,0.0,1500.0,1500.0,0.0,3x0,3,0,3,3,H
31.4,31.4,0.0,Fraca,Fraca,Fraca vs Fraca,1.66,1.66,0.0,1.05,1.05,0.0,1500.0,1500.0,0.0,2x2,2,2,0,4,D
63.7,31.4,32.300000000000004,Forte,Fraca,Forte vs Fraca,1.8,1.66,0.14000000000000012,0.64,1.05,-0.41000000000000003,1684.86,1500.0,184.8599999999999,5x1,5,1,4,6,H
31.4,31.4,0.0,Fraca,Fraca,Fraca vs Fraca,1.66,1.66,0.0,1.05,1.05,0.0,1500.0,1500.0,0.0,0x3,0,3,-3,3,A
92.6,74.8,17.799999999999997,Muito Forte,Forte,Muito Forte vs Forte,2.17,2.36,-0.18999999999999995,0.88,0.99,-0.10999999999999999,1870.0,1756.27,113.73000000000002,4x0,4,0,4,4,H
31.4,35.0,-3.6000000000000014,Fraca,Fraca,Fraca vs Fraca,1.66,1.67,-0.010000000000000009,1.05,1.26,-0.20999999999999996,1500.0,1532.04,-32.039999999999964,3x1,3,1,2,4,H
45.4,31.4,14.0,Média,Fraca,Média vs Fraca,1.84,1.66,0.18000000000000016,1.07,1.05,0.020000000000000018,1585.51,1500.0,85.50999999999999,4x1,4,1,3,5,H
31.4,70.2,-38.800000000000004,Fraca,Forte,Fraca vs Forte,1.66,2.11,-0.44999999999999996,1.05,0.93,0.12,1500.0,1730.71,-230.71000000000004,0x3,0,3,-3,3,A
31.4,31.4,0.0,Fraca,Fraca,Fraca vs Fraca,1.66,1.66,0.0,1.05,1.05,0.0,1500.0,1500.0,0.0,0x1,0,1,-1,1,A
31.9,31.4,0.5,Fraca,Fraca,Fraca vs Fraca,1.55,1.66,-0.10999999999999988,1.06,1.05,0.010000000000000009,1506.34,1500.0,6.339999999999918,2x0,2,0,2,2,H
31.4,62.3,-30.9,Fraca,Forte,Fraca vs Forte,1.66,1.95,-0.29000000000000004,1.05,0.86,0.19000000000000006,1500.0,1681.88,-181.8800000000001,1x7,1,7,-6,8,A
31.4,8.1,23.299999999999997,Fraca,Muito Fraca,Fraca vs Muito Fraca,1.66,1.59,0.06999999999999984,1.05,1.44,-0.3899999999999999,1500.0,1370.0,130.0,0x3,0,3,-3,3,A
31.4,31.4,0.0,Fraca,Fraca,Fraca vs Fraca,1.66,1.66,0.0,1.05,1.05,0.0,1500.0,1500.0,0.0,1x2,1,2,-1,3,A
95.2,36.3,58.900000000000006,Muito Forte,Fraca,Muito Forte vs Fraca,2.06,1.61,0.44999999999999996,0.45,1.23,-0.78,1873.33,1540.43,332.89999999999986,2x0,2,0,2,2,H
31.4,31.4,0.0,Fraca,Fraca,Fraca vs Fraca,1.66,1.66,0.0,1.05,1.05,0.0,1500.0,1500.0,0.0,1x0,1,0,1,1,H
53.5,31.4,22.1,Média,Fraca,Média vs Fraca,2.07,1.66,0.4099999999999999,0.73,1.05,-0.32000000000000006,1617.02,1500.0,117.01999999999998,1x1,1,1,0,2,D
31.4,31.4,0.0,Fraca,Fraca,Fraca vs Fraca,1.66,1.66,0.0,1.05,1.05,0.0,1500.0,1500.0,0.0,0x0,0,0,0,0,D
31.4,31.4,0.0,Fraca,Fraca,Fraca vs Fraca,1.66,1.66,0.0,1.05,1.05,0.0,1500.0,1500.0,0.0,2x0,2,0,2,2,H
24.6,31.4,-6.799999999999997,Fraca,Fraca,Fraca vs Fraca,1.27,1.66,-0.3899999999999999,1.13,1.05,0.07999999999999985,1470.0,1500.0,-30.0,1x0,1,0,1,1,H
31.4,31.4,0.0,Fraca,Fraca,Fraca vs Fraca,1.66,1.66,0.0,1.05,1.05,0.0,1500.0,1500.0,0.0,2x1,2,1,1,3,H
31.4,31.4,0.0,Fraca,Fraca,Fraca vs Fraca,1.66,1.66,0.0,1.05,1.05,0.0,1500.0,1500.0,0.0,3x1,3,1,2,4,H
64.4,89.0,-24.599999999999994,Forte,Muito Forte,Forte vs Muito Forte,1.9,2.18,-0.28000000000000025,0.99,0.58,0.41000000000000003,1702.06,1834.12,-132.05999999999995,1x2,1,2,-1,3,A
31.4,31.4,0.0,Fraca,Fraca,Fraca vs Fraca,1.66,1.66,0.0,1.05,1.05,0.0,1500.0,1500.0,0.0,2x1,2,1,1,3,H
51.6,31.4,20.200000000000003,Média,Fraca,Média vs Fraca,1.9,1.66,0.24,0.9,1.05,-0.15000000000000002,1616.75,1500.0,116.75,3x1,3,1,2,4,H
31.4,24.7,6.699999999999999,Fraca,Fraca,Fraca vs Fraca,1.66,1.09,0.5699999999999998,1.05,1.24,-0.18999999999999995,1500.0,1480.0,20.0,0x2,0,2,-2,2,A
31.4,31.4,0.0,Fraca,Fraca,Fraca vs Fraca,1.66,1.66,0.0,1.05,1.05,0.0,1500.0,1500.0,0.0,1x2,1,2,-1,3,A
77.0,31.4,45.6,Forte,Fraca,Forte vs Fraca,2.45,1.66,0.7900000000000003,0.8,1.05,-0.25,1760.38,1500.0,260.3800000000001,4x0,4,0,4,4,H
31.4,31.4,0.0,Fraca,Fraca,Fraca vs Fraca,1.66,1.66,0.0,1.05,1.05,0.0,1500.0,1500.0,0.0,3x0,3,0,3,3,H
31.4,31.4,0.0,Fraca,Fraca,Fraca vs Fraca,1.66,1.66,0.0,1.05,1.05,0.0,1500.0,1500.0,0.0,0x0,0,0,0,0,D
31.4,59.0,-27.6,Fraca,Média,Fraca vs Média,1.66,1.42,0.24,1.05,0.9,0.15000000000000002,1500.0,1675.75,-175.75,0x2,0,2,-2,2,A
31.4,31.4,0.0,Fraca,Fraca,Fraca vs Fraca,1.66,1.66,0.0,1.05,1.05,0.0,1500.0,1500.0,0.0,0x1,0,1,-1,1,A
14.8,31.4,-16.599999999999998,Muito Fraca,Fraca,Muito Fraca vs Fraca,1.15,1.66,-0.51,1.35,1.05,0.30000000000000004,1420.0,1500.0,-80.0,1x0,1,0,1,1,H
31.4,31.4,0.0,Fraca,Fraca,Fraca vs Fraca,1.66,1.66,0.0,1.05,1.05,0.0,1500.0,1500.0,0.0,1x0,1,0,1,1,H
28.6,31.4,-2.799999999999997,Fraca,Fraca,Fraca vs Fraca,1.1,1.66,-0.5599999999999998,1.13,1.05,0.07999999999999985,1500.0,1500.0,0.0,3x2,3,2,1,5,H
31.4,31.4,0.0,Fraca,Fraca,Fraca vs Fraca,1.66,1.66,0.0,1.05,1.05,0.0,1500.0,1500.0,0.0,0x2,0,2,-2,2,A
31.4,31.4,0.0,Fraca,Fraca,Fraca vs Fraca,1.66,1.66,0.0,1.05,1.05,0.0,1500.0,1500.0,0.0,1x2,1,2,-1,3,A
19.0,8.1,10.9,Muito Fraca,Muito Fraca,Muito Fraca vs Muito Fraca,1.27,1.59,-0.32000000000000006,1.26,1.44,-0.17999999999999994,1440.0,1370.0,70.0,0x0,0,0,0,0,D
31.4,36.3,-4.899999999999999,Fraca,Fraca,Fraca vs Fraca,1.66,1.61,0.04999999999999982,1.05,1.23,-0.17999999999999994,1500.0,1540.43,-40.430000000000064,1x1,1,1,0,2,D
19.0,8.1,10.9,Muito Fraca,Muito Fraca,Muito Fraca vs Muito Fraca,1.27,1.59,-0.32000000000000006,1.26,1.44,-0.17999999999999994,1440.0,1370.0,70.0,0x1,0,1,-1,1,A
62.3,63.9,-1.6000000000000014,Forte,Forte,Forte vs Forte,1.95,1.62,0.32999999999999985,0.86,0.88,-0.020000000000000018,1681.88,1701.3,-19.419999999999845,0x0,0,0,0,0,D
62.3,31.9,30.4,Forte,Fraca,Forte vs Fraca,1.95,1.55,0.3999999999999999,0.86,1.06,-0.20000000000000007,1681.88,1506.34,175.5400000000002,1x2,1,2,-1,3,A
31.4,31.4,0.0,Fraca,Fraca,Fraca vs Fraca,1.66,1.66,0.0,1.05,1.05,0.0,1500.0,1500.0,0.0,3x2,3,2,1,5,H
31.4,31.4,0.0,Fraca,Fraca,Fraca vs Fraca,1.66,1.66,0.0,1.05,1.05,0.0,1500.0,1500.0,0.0,2x1,2,1,1,3,H
31.4,31.4,0.0,Fraca,Fraca,Fraca vs Fraca,1.66,1.66,0.0,1.05,1.05,0.0,1500.0,1500.0,0.0,0x1,0,1,-1,1,A
31.4,31.4,0.0,Fraca,Fraca,Fraca vs Fraca,1.66,1.66,0.0,1.05,1.05,0.0,1500.0,1500.0,0.0,1x0,1,0,1,1,H
31.4,31.4,0.0,Fraca,Fraca,Fraca vs Fraca,1.66,1.66,0.0,1.05,1.05,0.0,1500.0,1500.0,0.0,1x1,1,1,0,2,D
31.4,31.4,0.0,Fraca,Fraca,Fraca vs Fraca,1.66,1.66,0.0,1.05,1.05,0.0,1500.0,1500.0,0.0,2x2,2,2,0,4,D
31.4,31.4,0.0,Fraca,Fraca,Fraca vs Fraca,1.66,1.66,0.0,1.05,1.05,0.0,1500.0,1500.0,0.0,0x1,0,1,-1,1,A
31.4,31.4,0.0,Fraca,Fraca,Fraca vs Fraca,1.66,1.66,0.0,1.05,1.05,0.0,1500.0,1500.0,0.0,2x1,2,1,1,3,H
31.4,31.4,0.0,Fraca,Fraca,Fraca vs Fraca,1.66,1.66,0.0,1.05,1.05,0.0,1500.0,1500.0,0.0,5x0,5,0,5,5,H
31.4,31.4,0.0,Fraca,Fraca,Fraca vs Fraca,1.66,1.66,0.0,1.05,1.05,0.0,1500.0,1500.0,0.0,1x2,1,2,-1,3,A
31.4,31.4,0.0,Fraca,Fraca,Fraca vs Fraca,1.66,1.66,0.0,1.05,1.05,0.0,1500.0,1500.0,0.0,0x1,0,1,-1,1,A
31.4,31.4,0.0,Fraca,Fraca,Fraca vs Fraca,1.66,1.66,0.0,1.05,1.05,0.0,1500.0,1500.0,0.0,1x2,1,2,-1,3,A
31.4,31.4,0.0,Fraca,Fraca,Fraca vs Fraca,1.66,1.66,0.0,1.05,1.05,0.0,1500.0,1500.0,0.0,3x0,3,0,3,3,H
31.4,31.4,0.0,Fraca,Fraca,Fraca vs Fraca,1.66,1.66,0.0,1.05,1.05,0.0,1500.0,1500.0,0.0,2x0,2,0,2,2,H
31.4,31.4,0.0,Fraca,Fraca,Fraca vs Fraca,1.66,1.66,0.0,1.05,1.05,0.0,1500.0,1500.0,0.0,3x2,3,2,1,5,H
31.4,31.4,0.0,Fraca,Fraca,Fraca vs Fraca,1.66,1.66,0.0,1.05,1.05,0.0,1500.0,1500.0,0.0,2x0,2,0,2,2,H
31.4,31.4,0.0,Fraca,Fraca,Fraca vs Fraca,1.66,1.66,0.0,1.05,1.05,0.0,1500.0,1500.0,0.0,2x0,2,0,2,2,H
31.4,31.4,0.0,Fraca,Fraca,Fraca vs Fraca,1.66,1.66,0.0,1.05,1.05,0.0,1500.0,1500.0,0.0,1x1,1,1,0,2,D
31.4,31.4,0.0,Fraca,Fraca,Fraca vs Fraca,1.66,1.66,0.0,1.05,1.05,0.0,1500.0,1500.0,0.0,2x1,2,1,1,3,H
31.4,31.4,0.0,Fraca,Fraca,Fraca vs Fraca,1.66,1.66,0.0,1.05,1.05,0.0,1500.0,1500.0,0.0,0x2,0,2,-2,2,A
31.4,31.4,0.0,Fraca,Fraca,Fraca vs Fraca,1.66,1.66,0.0,1.05,1.05,0.0,1500.0,1500.0,0.0,1x0,1,0,1,1,H
31.4,31.4,0.0,Fraca,Fraca,Fraca vs Fraca,1.66,1.66,0.0,1.05,1.05,0.0,1500.0,1500.0,0.0,0x0,0,0,0,0,D
31.4,31.4,0.0,Fraca,Fraca,Fraca vs Fraca,1.66,1.66,0.0,1.05,1.05,0.0,1500.0,1500.0,0.0,0x2,0,2,-2,2,A
31.4,31.4,0.0,Fraca,Fraca,Fraca vs Fraca,1.66,1.66,0.0,1.05,1.05,0.0,1500.0,1500.0,0.0,0x0,0,0,0,0,D
31.4,31.4,0.0,Fraca,Fraca,Fraca vs Fraca,1.66,1.66,0.0,1.05,1.05,0.0,1500.0,1500.0,0.0,3x0,3,0,3,3,H
31.4,31.4,0.0,Fraca,Fraca,Fraca vs Fraca,1.66,1.66,0.0,1.05,1.05,0.0,1500.0,1500.0,0.0,3x1,3,1,2,4,H
31.4,31.4,0.0,Fraca,Fraca,Fraca vs Fraca,1.66,1.66,0.0,1.05,1.05,0.0,1500.0,1500.0,0.0,1x2,1,2,-1,3,A
31.4,31.4,0.0,Fraca,Fraca,Fraca vs Fraca,1.66,1.66,0.0,1.05,1.05,0.0,1500.0,1500.0,0.0,1x0,1,0,1,1,H
31.4,31.4,0.0,Fraca,Fraca,Fraca vs Fraca,1.66,1.66,0.0,1.05,1.05,0.0,1500.0,1500.0,0.0,1x0,1,0,1,1,H
31.4,31.4,0.0,Fraca,Fraca,Fraca vs Fraca,1.66,1.66,0.0,1.05,1.05,0.0,1500.0,1500.0,0.0,1x0,1,0,1,1,H
31.4,31.4,0.0,Fraca,Fraca,Fraca vs Fraca,1.66,1.66,0.0,1.05,1.05,0.0,1500.0,1500.0,0.0,0x0,0,0,0,0,D
31.4,31.4,0.0,Fraca,Fraca,Fraca vs Fraca,1.66,1.66,0.0,1.05,1.05,0.0,1500.0,1500.0,0.0,1x1,1,1,0,2,D
31.4,31.4,0.0,Fraca,Fraca,Fraca vs Fraca,1.66,1.66,0.0,1.05,1.05,0.0,1500.0,1500.0,0.0,3x0,3,0,3,3,H
31.4,31.4,0.0,Fraca,Fraca,Fraca vs Fraca,1.66,1.66,0.0,1.05,1.05,0.0,1500.0,1500.0,0.0,0x7,0,7,-7,7,A
31.4,31.4,0.0,Fraca,Fraca,Fraca vs Fraca,1.66,1.66,0.0,1.05,1.05,0.0,1500.0,1500.0,0.0,4x0,4,0,4,4,H
31.4,31.4,0.0,Fraca,Fraca,Fraca vs Fraca,1.66,1.66,0.0,1.05,1.05,0.0,1500.0,1500.0,0.0,2x1,2,1,1,3,H
31.4,31.4,0.0,Fraca,Fraca,Fraca vs Fraca,1.66,1.66,0.0,1.05,1.05,0.0,1500.0,1500.0,0.0,5x1,5,1,4,6,H
31.4,31.4,0.0,Fraca,Fraca,Fraca vs Fraca,1.66,1.66,0.0,1.05,1.05,0.0,1500.0,1500.0,0.0,2x1,2,1,1,3,H
31.4,31.4,0.0,Fraca,Fraca,Fraca vs Fraca,1.66,1.66,0.0,1.05,1.05,0.0,1500.0,1500.0,0.0,0x6,0,6,-6,6,A
31.4,31.4,0.0,Fraca,Fraca,Fraca vs Fraca,1.66,1.66,0.0,1.05,1.05,0.0,1500.0,1500.0,0.0,3x2,3,2,1,5,H
31.4,31.4,0.0,Fraca,Fraca,Fraca vs Fraca,1.66,1.66,0.0,1.05,1.05,0.0,1500.0,1500.0,0.0,0x5,0,5,-5,5,A
95.2,92.6,2.6000000000000085,Muito Forte,Muito Forte,Muito Forte vs Muito Forte,2.06,2.17,-0.10999999999999988,0.45,0.88,-0.43,1873.33,1870.0,3.3299999999999272,3x3,3,3,0,6,D
65.6,73.4,-7.800000000000011,Forte,Forte,Forte vs Forte,1.75,1.98,-0.22999999999999998,1.07,0.46,0.6100000000000001,1716.88,1736.56,-19.679999999999836,2x1,2,1,1,3,H
92.6,73.4,19.19999999999999,Muito Forte,Forte,Muito Forte vs Forte,2.17,1.98,0.18999999999999995,0.88,0.46,0.42,1870.0,1736.56,133.44000000000005,2x0,2,0,2,2,H
31.4,31.4,0.0,Fraca,Fraca,Fraca vs Fraca,1.66,1.66,0.0,1.05,1.05,0.0,1500.0,1500.0,0.0,0x1,0,1,-1,1,A
31.4,31.4,0.0,Fraca,Fraca,Fraca vs Fraca,1.66,1.66,0.0,1.05,1.05,0.0,1500.0,1500.0,0.0,1x0,1,0,1,1,H
95.2,65.6,29.60000000000001,Muito Forte,Forte,Muito Forte vs Forte,2.06,1.75,0.31000000000000005,0.45,1.07,-0.6200000000000001,1873.33,1716.88,156.44999999999982,3x0,3,0,3,3,H
31.4,31.4,0.0,Fraca,Fraca,Fraca vs Fraca,1.66,1.66,0.0,1.05,1.05,0.0,1500.0,1500.0,0.0,6x0,6,0,6,6,H
73.4,77.0,-3.5999999999999943,Forte,Forte,Forte vs Forte,1.98,2.45,-0.4700000000000002,0.46,0.8,-0.34,1736.56,1760.38,-23.820000000000164,1x0,1,0,1,1,H
89.0,92.6,-3.5999999999999943,Muito Forte,Muito Forte,Muito Forte vs Muito Forte,2.18,2.17,0.010000000000000231,0.58,0.88,-0.30000000000000004,1834.12,1870.0,-35.88000000000011,1x2,1,2,-1,3,A
65.6,75.4,-9.800000000000011,Forte,Forte,Forte vs Forte,1.75,1.94,-0.18999999999999995,1.07,0.74,0.33000000000000007,1716.88,1760.46,-43.57999999999993,1x1,1,1,0,2,D
74.8,95.2,-20.400000000000006,Forte,Muito Forte,Forte vs Muito Forte,2.36,2.06,0.2999999999999998,0.99,0.45,0.54,1756.27,1873.33,-117.05999999999995,2x2,2,2,0,4,D
73.4,94.9,-21.5,Forte,Muito Forte,Forte vs Muito Forte,1.98,2.33,-0.3500000000000001,0.46,0.79,-0.33,1736.56,1877.18,-140.62000000000012,0x0,0,0,0,0,D
77.0,55.2,21.799999999999997,Forte,Média,Forte vs Média,2.45,1.77,0.6800000000000002,0.8,1.18,-0.3799999999999999,1760.38,1654.69,105.69000000000005,6x1,6,1,5,7,H
61.5,65.6,-4.099999999999994,Forte,Forte,Forte vs Forte,2.67,1.75,0.9199999999999999,0.67,1.07,-0.4,1650.12,1716.88,-66.76000000000022,1x1,1,1,0,2,D
75.4,49.1,26.300000000000004,Forte,Média,Forte vs Média,1.94,2.0,-0.06000000000000005,0.74,0.93,-0.19000000000000006,1760.46,1599.45,161.01,4x1,4,1,3,5,H
92.6,35.0,57.599999999999994,Muito Forte,Fraca,Muito Forte vs Fraca,2.17,1.67,0.5,0.88,1.26,-0.38,1870.0,1532.04,337.96000000000004,3x1,3,1,2,4,H
89.0,63.7,25.299999999999997,Muito Forte,Forte,Muito Forte vs Forte,2.18,1.8,0.3800000000000001,0.58,0.64,-0.06000000000000005,1834.12,1684.86,149.26,3x0,3,0,3,3,H
74.8,62.3,12.5,Forte,Forte,Forte vs Forte,2.36,1.95,0.4099999999999999,0.99,0.86,0.13,1756.27,1681.88,74.38999999999987,3x1,3,1,2,4,H
95.2,45.4,49.800000000000004,Muito Forte,Média,Muito Forte vs Média,2.06,1.77,0.29000000000000004,0.45,0.75,-0.3,1873.33,1574.01,299.31999999999994,2x1,2,1,1,3,H
31.9,55.2,-23.300000000000004,Fraca,Média,Fraca vs Média,1.55,1.77,-0.21999999999999997,1.06,1.18,-0.11999999999999988,1506.34,1654.69,-148.35000000000014,2x3,2,3,-1,5,A
28.9,75.4,-46.50000000000001,Fraca,Forte,Fraca vs Forte,1.38,1.94,-0.56,0.83,0.74,0.08999999999999997,1482.39,1760.46,-278.06999999999994,1x0,1,0,1,1,H
24.6,58.7,-34.1,Fraca,Média,Fraca vs Média,1.27,1.34,-0.07000000000000006,1.13,0.82,0.30999999999999994,1470.0,1672.62,-202.6199999999999,0x2,0,2,-2,2,A
49.1,77.0,-27.9,Média,Forte,Média vs Forte,2.0,2.45,-0.4500000000000002,0.93,0.8,0.13,1599.45,1760.38,-160.93000000000006,2x1,2,1,1,3,H
61.5,94.9,-33.400000000000006,Forte,Muito Forte,Forte vs Muito Forte,2.67,2.33,0.33999999999999986,0.67,0.79,-0.12,1650.12,1877.18,-227.06000000000017,2x1,2,1,1,3,H
19.3,67.7,-48.400000000000006,Muito Fraca,Forte,Muito Fraca vs Forte,1.4,2.21,-0.81,1.17,1.21,-0.040000000000000036,1435.0,1724.15,-289.1500000000001,2x4,2,4,-2,6,A
65.6,70.2,-4.6000000000000085,Forte,Forte,Forte vs Forte,1.75,2.11,-0.3599999999999999,1.07,0.93,0.14,1716.88,1730.71,-13.829999999999927,0x0,0,0,0,0,D
42.6,73.4,-30.800000000000004,Média,Forte,Média vs Forte,1.88,1.98,-0.10000000000000009,0.89,0.46,0.43,1559.15,1736.56,-177.40999999999985,1x2,1,2,-1,3,A
35.0,95.2,-60.2,Fraca,Muito Forte,Fraca vs Muito Forte,1.67,2.06,-0.3900000000000001,1.26,0.45,0.81,1532.04,1873.33,-341.28999999999996,0x2,0,2,-2,2,A
31.4,59.0,-27.6,Fraca,Média,Fraca vs Média,1.66,1.42,0.24,1.05,0.9,0.15000000000000002,1500.0,1675.75,-175.75,1x2,1,2,-1,3,A
45.4,51.6,-6.200000000000003,Média,Média,Média vs Média,1.77,1.9,-0.1299999999999999,0.75,0.9,-0.15000000000000002,1574.01,1616.75,-42.74000000000001,1x0,1,0,1,1,H
31.4,92.6,-61.199999999999996,Fraca,Muito Forte,Fraca vs Muito Forte,1.66,2.17,-0.51,1.05,0.88,0.17000000000000004,1500.0,1870.0,-370.0,1x0,1,0,1,1,H
45.4,63.7,-18.300000000000004,Média,Forte,Média vs Forte,1.16,1.8,-0.6400000000000001,0.8,0.64,0.16000000000000003,1591.73,1684.86,-93.12999999999988,1x2,1,2,-1,3,A
31.4,74.8,-43.4,Fraca,Forte,Fraca vs Forte,1.66,2.36,-0.7,1.05,0.99,0.06000000000000005,1500.0,1756.27,-256.27,0x2,0,2,-2,2,A
33.9,89.0,-55.1,Fraca,Muito Forte,Fraca vs Muito Forte,1.27,2.18,-0.9100000000000001,1.14,0.58,0.5599999999999999,1529.71,1834.12,-304.40999999999985,0x3,0,3,-3,3,A
53.5,62.3,-8.799999999999997,Média,Forte,Média vs Forte,2.07,1.95,0.11999999999999988,0.73,0.86,-0.13,1617.02,1681.88,-64.86000000000013,0x1,0,1,-1,1,A
28.9,31.9,-3.0,Fraca,Fraca,Fraca vs Fraca,1.38,1.55,-0.17000000000000015,0.83,1.06,-0.2300000000000001,1482.39,1506.34,-23.949999999999818,3x3,3,3,0,6,D
75.4,55.2,20.200000000000003,Forte,Média,Forte vs Média,1.94,1.77,0.16999999999999993,0.74,1.18,-0.43999999999999995,1760.46,1654.69,105.76999999999998,1x0,1,0,1,1,H
49.1,24.6,24.5,Média,Fraca,Média vs Fraca,2.0,1.27,0.73,0.93,1.13,-0.19999999999999984,1599.45,1470.0,129.45000000000005,2x3,2,3,-1,5,A
77.0,58.7,18.299999999999997,Forte,Média,Forte vs Média,2.45,1.34,1.11,0.8,0.82,-0.019999999999999907,1760.38,1672.62,87.76000000000022,2x0,2,0,2,2,H
61.5,19.3,42.2,Forte,Muito Fraca,Forte vs Muito Fraca,2.67,1.4,1.27,0.67,1.17,-0.4999999999999999,1650.12,1435.0,215.1199999999999,0x1,0,1,-1,1,A
94.9,67.7,27.200000000000003,Muito Forte,Forte,Muito Forte vs Forte,2.33,2.21,0.1200000000000001,0.79,1.21,-0.41999999999999993,1877.18,1724.15,153.02999999999997,1x1,1,1,0,2,D
70.2,73.4,-3.200000000000003,Forte,Forte,Forte vs Forte,2.11,1.98,0.1299999999999999,0.93,0.46,0.47000000000000003,1730.71,1736.56,-5.849999999999909,0x2,0,2,-2,2,A
65.6,42.6,22.999999999999993,Forte,Média,Forte vs Média,1.75,1.88,-0.1299999999999999,1.07,0.89,0.18000000000000005,1716.88,1559.15,157.73000000000002,4x1,4,1,3,5,H
35.0,31.4,3.6000000000000014,Fraca,Fraca,Fraca vs Fraca,1.67,1.66,0.010000000000000009,1.26,1.05,0.20999999999999996,1532.04,1500.0,32.039999999999964,2x0,2,0,2,2,H
95.2,59.0,36.2,Muito Forte,Média,Muito Forte vs Média,2.06,1.42,0.6400000000000001,0.45,0.9,-0.45,1873.33,1675.75,197.57999999999993,2x0,2,0,2,2,H
31.4,45.4,-14.0,Fraca,Média,Fraca vs Média,1.66,1.77,-0.1100000000000001,1.05,0.75,0.30000000000000004,1500.0,1574.01,-74.00999999999999,0x1,0,1,-1,1,A
92.6,51.6,40.99999999999999,Muito Forte,Média,Muito Forte vs Média,2.17,1.9,0.27,0.88,0.9,-0.020000000000000018,1870.0,1616.75,253.25,2x1,2,1,1,3,H
31.4,63.7,-32.300000000000004,Fraca,Forte,Fraca vs Forte,1.66,1.8,-0.14000000000000012,1.05,0.64,0.41000000000000003,1500.0,1684.86,-184.8599999999999,1x3,1,3,-2,4,A
74.8,45.4,29.4,Forte,Média,Forte vs Média,2.36,1.16,1.2,0.99,0.8,0.18999999999999995,1756.27,1591.73,164.53999999999996,1x1,1,1,0,2,D
33.9,53.5,-19.6,Fraca,Média,Fraca vs Média,1.27,2.07,-0.7999999999999998,1.14,0.73,0.4099999999999999,1529.71,1617.02,-87.30999999999995,0x2,0,2,-2,2,A
89.0,62.3,26.700000000000003,Muito Forte,Forte,Muito Forte vs Forte,2.18,1.95,0.2300000000000002,0.58,0.86,-0.28,1834.12,1681.88,152.23999999999978,0x0,0,0,0,0,D
55.2,28.9,26.300000000000004,Média,Fraca,Média vs Fraca,1.77,1.38,0.3900000000000001,1.18,0.83,0.35,1654.69,1482.39,172.29999999999995,1x0,1,0,1,1,H
75.4,31.9,43.50000000000001,Forte,Fraca,Forte vs Fraca,1.94,1.55,0.3899999999999999,0.74,1.06,-0.32000000000000006,1760.46,1506.34,254.12000000000012,2x0,2,0,2,2,H
58.7,49.1,9.600000000000001,Média,Média,Média vs Média,1.34,2.0,-0.6599999999999999,0.82,0.93,-0.1100000000000001,1672.62,1599.45,73.16999999999985,0x0,0,0,0,0,D
77.0,24.6,52.4,Forte,Fraca,Forte vs Fraca,2.45,1.27,1.1800000000000002,0.8,1.13,-0.32999999999999985,1760.38,1470.0,290.3800000000001,3x2,3,2,1,5,H
67.7,61.5,6.200000000000003,Forte,Forte,Forte vs Forte,2.21,2.67,-0.45999999999999996,1.21,0.67,0.5399999999999999,1724.15,1650.12,74.0300000000002,1x2,1,2,-1,3,A
94.9,19.3,75.60000000000001,Muito Forte,Muito Fraca,Muito Forte vs Muito Fraca,2.33,1.4,0.9300000000000002,0.79,1.17,-0.3799999999999999,1877.18,1435.0,442.18000000000006,7x0,7,0,7,7,H
73.4,65.6,7.800000000000011,Forte,Forte,Forte vs Forte,1.98,1.75,0.22999999999999998,0.46,1.07,-0.6100000000000001,1736.56,1716.88,19.679999999999836,0x0,0,0,0,0,D
70.2,42.6,27.6,Forte,Média,Forte vs Média,2.11,1.88,0.22999999999999998,0.93,0.89,0.040000000000000036,1730.71,1559.15,171.55999999999995,1x0,1,0,1,1,H
95.2,31.4,63.800000000000004,Muito Forte,Fraca,Muito Forte vs Fraca,2.06,1.66,0.40000000000000013,0.45,1.05,-0.6000000000000001,1873.33,1500.0,373.3299999999999,1x2,1,2,-1,3,A
59.0,35.0,24.0,Média,Fraca,Média vs Fraca,1.42,1.67,-0.25,0.9,1.26,-0.36,1675.75,1532.04,143.71000000000004,0x0,0,0,0,0,D
51.6,31.4,20.200000000000003,Média,Fraca,Média vs Fraca,1.9,1.66,0.24,0.9,1.05,-0.15000000000000002,1616.75,1500.0,116.75,0x0,0,0,0,0,D
92.6,45.4,47.199999999999996,Muito Forte,Média,Muito Forte vs Média,2.17,1.77,0.3999999999999999,0.88,0.75,0.13,1870.0,1574.01,295.99,4x1,4,1,3,5,H
63.7,74.8,-11.099999999999994,Forte,Forte,Forte vs Forte,1.8,2.36,-0.5599999999999998,0.64,0.99,-0.35,1684.86,1756.27,-71.41000000000008,0x2,0,2,-2,2,A
89.0,53.5,35.5,Muito Forte,Média,Muito Forte vs Média,2.18,2.07,0.11000000000000032,0.58,0.73,-0.15000000000000002,1834.12,1617.02,217.0999999999999,6x2,6,2,4,8,H
62.3,33.9,28.4,Forte,Fraca,Forte vs Fraca,1.95,1.27,0.6799999999999999,0.86,1.14,-0.2799999999999999,1681.88,1529.71,152.17000000000007,1x1,1,1,0,2,D
45.4,64.4,-19.000000000000007,Média,Forte,Média vs Forte,1.84,1.9,-0.05999999999999983,1.07,0.99,0.08000000000000007,1585.51,1702.06,-116.54999999999995,2x0,2,0,2,2,H
31.4,31.4,0.0,Fraca,Fraca,Fraca vs Fraca,1.66,1.66,0.0,1.05,1.05,0.0,1500.0,1500.0,0.0,2x1,2,1,1,3,H
31.4,31.4,0.0,Fraca,Fraca,Fraca vs Fraca,1.66,1.66,0.0,1.05,1.05,0.0,1500.0,1500.0,0.0,2x3,2,3,-1,5,A
31.4,31.4,0.0,Fraca,Fraca,Fraca vs Fraca,1.66,1.66,0.0,1.05,1.05,0.0,1500.0,1500.0,0.0,0x0,0,0,0,0,D
31.4,28.6,2.799999999999997,Fraca,Fraca,Fraca vs Fraca,1.66,1.1,0.5599999999999998,1.05,1.13,-0.07999999999999985,1500.0,1500.0,0.0,0x1,0,1,-1,1,A
31.4,31.4,0.0,Fraca,Fraca,Fraca vs Fraca,1.66,1.66,0.0,1.05,1.05,0.0,1500.0,1500.0,0.0,0x5,0,5,-5,5,A
31.4,31.4,0.0,Fraca,Fraca,Fraca vs Fraca,1.66,1.66,0.0,1.05,1.05,0.0,1500.0,1500.0,0.0,1x3,1,3,-2,4,A
31.4,31.4,0.0,Fraca,Fraca,Fraca vs Fraca,1.66,1.66,0.0,1.05,1.05,0.0,1500.0,1500.0,0.0,1x1,1,1,0,2,D
31.4,31.4,0.0,Fraca,Fraca,Fraca vs Fraca,1.66,1.66,0.0,1.05,1.05,0.0,1500.0,1500.0,0.0,2x0,2,0,2,2,H
31.4,20.8,10.599999999999998,Fraca,Fraca,Fraca vs Fraca,1.66,1.06,0.5999999999999999,1.05,1.22,-0.16999999999999993,1500.0,1455.0,45.0,0x0,0,0,0,0,D
31.4,31.4,0.0,Fraca,Fraca,Fraca vs Fraca,1.66,1.66,0.0,1.05,1.05,0.0,1500.0,1500.0,0.0,1x0,1,0,1,1,H
31.4,31.4,0.0,Fraca,Fraca,Fraca vs Fraca,1.66,1.66,0.0,1.05,1.05,0.0,1500.0,1500.0,0.0,1x1,1,1,0,2,D
31.4,20.9,10.5,Fraca,Fraca,Fraca vs Fraca,1.66,0.98,0.6799999999999999,1.05,1.4,-0.34999999999999987,1500.0,1465.22,34.77999999999997,1x2,1,2,-1,3,A
31.4,31.4,0.0,Fraca,Fraca,Fraca vs Fraca,1.66,1.66,0.0,1.05,1.05,0.0,1500.0,1500.0,0.0,0x0,0,0,0,0,D
31.4,45.4,-14.0,Fraca,Média,Fraca vs Média,1.66,1.16,0.5,1.05,0.8,0.25,1500.0,1591.73,-91.73000000000002,0x2,0,2,-2,2,A
31.4,31.4,0.0,Fraca,Fraca,Fraca vs Fraca,1.66,1.66,0.0,1.05,1.05,0.0,1500.0,1500.0,0.0,2x0,2,0,2,2,H
63.9,27.4,36.5,Forte,Fraca,Forte vs Fraca,1.62,0.87,0.7500000000000001,0.88,1.2,-0.31999999999999995,1701.3,1501.5,199.79999999999995,2x0,2,0,2,2,H
31.4,31.4,0.0,Fraca,Fraca,Fraca vs Fraca,1.66,1.66,0.0,1.05,1.05,0.0,1500.0,1500.0,0.0,3x1,3,1,2,4,H
31.4,31.4,0.0,Fraca,Fraca,Fraca vs Fraca,1.66,1.66,0.0,1.05,1.05,0.0,1500.0,1500.0,0.0,1x2,1,2,-1,3,A
31.4,31.4,0.0,Fraca,Fraca,Fraca vs Fraca,1.66,1.66,0.0,1.05,1.05,0.0,1500.0,1500.0,0.0,2x0,2,0,2,2,H
21.3,8.1,13.200000000000001,Fraca,Muito Fraca,Fraca vs Muito Fraca,0.89,0.92,-0.030000000000000027,1.15,1.98,-0.8300000000000001,1460.0,1410.0,50.0,1x0,1,0,1,1,H
31.4,31.4,0.0,Fraca,Fraca,Fraca vs Fraca,1.66,1.66,0.0,1.05,1.05,0.0,1500.0,1500.0,0.0,2x0,2,0,2,2,H
31.4,31.4,0.0,Fraca,Fraca,Fraca vs Fraca,1.66,1.66,0.0,1.05,1.05,0.0,1500.0,1500.0,0.0,2x1,2,1,1,3,H
31.4,31.4,0.0,Fraca,Fraca,Fraca vs Fraca,1.66,1.66,0.0,1.05,1.05,0.0,1500.0,1500.0,0.0,2x1,2,1,1,3,H
31.4,31.4,0.0,Fraca,Fraca,Fraca vs Fraca,1.66,1.66,0.0,1.05,1.05,0.0,1500.0,1500.0,0.0,1x1,1,1,0,2,D
31.4,31.9,-0.5,Fraca,Fraca,Fraca vs Fraca,1.66,1.55,0.10999999999999988,1.05,1.06,-0.010000000000000009,1500.0,1506.34,-6.339999999999918,1x5,1,5,-4,6,A
28.9,36.3,-7.399999999999999,Fraca,Fraca,Fraca vs Fraca,1.38,1.61,-0.2300000000000002,0.83,1.23,-0.4,1482.39,1540.43,-58.039999999999964,1x1,1,1,0,2,D
31.4,31.4,0.0,Fraca,Fraca,Fraca vs Fraca,1.66,1.66,0.0,1.05,1.05,0.0,1500.0,1500.0,0.0,1x1,1,1,0,2,D
42.3,70.2,-27.900000000000006,Média,Forte,Média vs Forte,1.56,2.11,-0.5499999999999998,0.69,0.93,-0.2400000000000001,1556.72,1730.71,-173.99,2x1,2,1,1,3,H
31.4,31.4,0.0,Fraca,Fraca,Fraca vs Fraca,1.66,1.66,0.0,1.05,1.05,0.0,1500.0,1500.0,0.0,4x2,4,2,2,6,H
61.5,42.6,18.9,Forte,Média,Forte vs Média,2.67,1.88,0.79,0.67,0.89,-0.21999999999999997,1650.12,1559.15,90.9699999999998,1x2,1,2,-1,3,A
31.4,94.9,-63.50000000000001,Fraca,Muito Forte,Fraca vs Muito Forte,1.66,2.33,-0.6700000000000002,1.05,0.79,0.26,1500.0,1877.18,-377.18000000000006,1x3,1,3,-2,4,A
31.4,31.4,0.0,Fraca,Fraca,Fraca vs Fraca,1.66,1.66,0.0,1.05,1.05,0.0,1500.0,1500.0,0.0,2x2,2,2,0,4,D
31.4,31.4,0.0,Fraca,Fraca,Fraca vs Fraca,1.66,1.66,0.0,1.05,1.05,0.0,1500.0,1500.0,0.0,2x2,2,2,0,4,D
31.4,31.4,0.0,Fraca,Fraca,Fraca vs Fraca,1.66,1.66,0.0,1.05,1.05,0.0,1500.0,1500.0,0.0,2x2,2,2,0,4,D
73.4,31.4,42.00000000000001,Forte,Fraca,Forte vs Fraca,1.98,1.66,0.32000000000000006,0.46,1.05,-0.5900000000000001,1736.56,1500.0,236.55999999999995,3x0,3,0,3,3,H
31.4,31.4,0.0,Fraca,Fraca,Fraca vs Fraca,1.66,1.66,0.0,1.05,1.05,0.0,1500.0,1500.0,0.0,1x1,1,1,0,2,D
77.0,44.7,32.3,Forte,Média,Forte vs Média,2.45,1.56,0.8900000000000001,0.8,0.91,-0.10999999999999999,1760.38,1581.56,178.82000000000016,4x0,4,0,4,4,H
28.6,31.4,-2.799999999999997,Fraca,Fraca,Fraca vs Fraca,1.1,1.66,-0.5599999999999998,1.13,1.05,0.07999999999999985,1500.0,1500.0,0.0,1x2,1,2,-1,3,A
31.4,31.4,0.0,Fraca,Fraca,Fraca vs Fraca,1.66,1.66,0.0,1.05,1.05,0.0,1500.0,1500.0,0.0,1x2,1,2,-1,3,A
31.4,31.4,0.0,Fraca,Fraca,Fraca vs Fraca,1.66,1.66,0.0,1.05,1.05,0.0,1500.0,1500.0,0.0,2x1,2,1,1,3,H
55.2,24.6,30.6,Média,Fraca,Média vs Fraca,1.77,1.27,0.5,1.18,1.13,0.050000000000000044,1654.69,1470.0,184.69000000000005,0x2,0,2,-2,2,A
31.4,31.4,0.0,Fraca,Fraca,Fraca vs Fraca,1.66,1.66,0.0,1.05,1.05,0.0,1500.0,1500.0,0.0,0x1,0,1,-1,1,A
31.4,64.4,-33.00000000000001,Fraca,Forte,Fraca vs Forte,1.66,1.9,-0.24,1.05,0.99,0.06000000000000005,1500.0,1702.06,-202.05999999999995,1x3,1,3,-2,4,A
31.4,31.4,0.0,Fraca,Fraca,Fraca vs Fraca,1.66,1.66,0.0,1.05,1.05,0.0,1500.0,1500.0,0.0,1x1,1,1,0,2,D
31.4,45.4,-14.0,Fraca,Média,Fraca vs Média,1.66,1.84,-0.18000000000000016,1.05,1.07,-0.020000000000000018,1500.0,1585.51,-85.50999999999999,0x1,0,1,-1,1,A
31.4,31.4,0.0,Fraca,Fraca,Fraca vs Fraca,1.66,1.66,0.0,1.05,1.05,0.0,1500.0,1500.0,0.0,0x2,0,2,-2,2,A
31.4,31.4,0.0,Fraca,Fraca,Fraca vs Fraca,1.66,1.66,0.0,1.05,1.05,0.0,1500.0,1500.0,0.0,5x0,5,0,5,5,H
31.4,31.4,0.0,Fraca,Fraca,Fraca vs Fraca,1.66,1.66,0.0,1.05,1.05,0.0,1500.0,1500.0,0.0,2x4,2,4,-2,6,A
53.5,31.4,22.1,Média,Fraca,Média vs Fraca,2.07,1.66,0.4099999999999999,0.73,1.05,-0.32000000000000006,1617.02,1500.0,117.01999999999998,0x2,0,2,-2,2,A
31.4,31.4,0.0,Fraca,Fraca,Fraca vs Fraca,1.66,1.66,0.0,1.05,1.05,0.0,1500.0,1500.0,0.0,4x0,4,0,4,4,H
59.0,31.4,27.6,Média,Fraca,Média vs Fraca,1.42,1.66,-0.24,0.9,1.05,-0.15000000000000002,1675.75,1500.0,175.75,1x2,1,2,-1,3,A
31.4,31.4,0.0,Fraca,Fraca,Fraca vs Fraca,1.66,1.66,0.0,1.05,1.05,0.0,1500.0,1500.0,0.0,1x0,1,0,1,1,H
31.4,67.7,-36.300000000000004,Fraca,Forte,Fraca vs Forte,1.66,2.21,-0.55,1.05,1.21,-0.15999999999999992,1500.0,1724.15,-224.1500000000001,0x1,0,1,-1,1,A
21.3,27.4,-6.099999999999998,Fraca,Fraca,Fraca vs Fraca,0.89,0.87,0.020000000000000018,1.15,1.2,-0.050000000000000044,1460.0,1501.5,-41.5,1x0,1,0,1,1,H
35.0,20.8,14.2,Fraca,Fraca,Fraca vs Fraca,1.67,1.06,0.6099999999999999,1.26,1.22,0.040000000000000036,1532.04,1455.0,77.03999999999996,1x0,1,0,1,1,H
31.4,65.6,-34.199999999999996,Fraca,Forte,Fraca vs Forte,1.66,1.75,-0.09000000000000008,1.05,1.07,-0.020000000000000018,1500.0,1716.88,-216.8800000000001,0x1,0,1,-1,1,A
31.4,30.2,1.1999999999999993,Fraca,Fraca,Fraca vs Fraca,1.66,1.42,0.24,1.05,1.24,-0.18999999999999995,1500.0,1506.77,-6.769999999999982,2x1,2,1,1,3,H
31.4,95.2,-63.800000000000004,Fraca,Muito Forte,Fraca vs Muito Forte,1.66,2.06,-0.40000000000000013,1.05,0.45,0.6000000000000001,1500.0,1873.33,-373.3299999999999,0x5,0,5,-5,5,A
31.4,31.4,0.0,Fraca,Fraca,Fraca vs Fraca,1.66,1.66,0.0,1.05,1.05,0.0,1500.0,1500.0,0.0,2x0,2,0,2,2,H
31.4,31.4,0.0,Fraca,Fraca,Fraca vs Fraca,1.66,1.66,0.0,1.05,1.05,0.0,1500.0,1500.0,0.0,0x0,0,0,0,0,D
20.9,36.3,-15.399999999999999,Fraca,Fraca,Fraca vs Fraca,0.98,1.61,-0.6300000000000001,1.4,1.23,0.16999999999999993,1465.22,1540.43,-75.21000000000004,2x2,2,2,0,4,D
31.4,31.4,0.0,Fraca,Fraca,Fraca vs Fraca,1.66,1.66,0.0,1.05,1.05,0.0,1500.0,1500.0,0.0,0x1,0,1,-1,1,A
31.4,45.4,-14.0,Fraca,Média,Fraca vs Média,1.66,1.16,0.5,1.05,0.8,0.25,1500.0,1591.73,-91.73000000000002,0x0,0,0,0,0,D
31.4,42.6,-11.200000000000003,Fraca,Média,Fraca vs Média,1.66,1.88,-0.21999999999999997,1.05,0.89,0.16000000000000003,1500.0,1559.15,-59.15000000000009,2x2,2,2,0,4,D
49.1,31.4,17.700000000000003,Média,Fraca,Média vs Fraca,2.0,1.66,0.3400000000000001,0.93,1.05,-0.12,1599.45,1500.0,99.45000000000005,1x0,1,0,1,1,H
53.5,31.4,22.1,Média,Fraca,Média vs Fraca,2.07,1.66,0.4099999999999999,0.73,1.05,-0.32000000000000006,1617.02,1500.0,117.01999999999998,1x0,1,0,1,1,H
31.4,36.3,-4.899999999999999,Fraca,Fraca,Fraca vs Fraca,1.66,1.61,0.04999999999999982,1.05,1.23,-0.17999999999999994,1500.0,1540.43,-40.430000000000064,1x1,1,1,0,2,D
31.4,31.4,0.0,Fraca,Fraca,Fraca vs Fraca,1.66,1.66,0.0,1.05,1.05,0.0,1500.0,1500.0,0.0,0x1,0,1,-1,1,A
28.9,19.0,9.899999999999999,Fraca,Muito Fraca,Fraca vs Muito Fraca,1.38,1.27,0.10999999999999988,0.83,1.26,-0.43000000000000005,1482.39,1440.0,42.3900000000001,1x1,1,1,0,2,D
19.3,44.7,-25.400000000000002,Muito Fraca,Média,Muito Fraca vs Média,1.4,1.56,-0.16000000000000014,1.17,0.91,0.2599999999999999,1435.0,1581.56,-146.55999999999995,2x0,2,0,2,2,H
59.0,31.4,27.6,Média,Fraca,Média vs Fraca,1.42,1.66,-0.24,0.9,1.05,-0.15000000000000002,1675.75,1500.0,175.75,4x0,4,0,4,4,H
31.4,36.3,-4.899999999999999,Fraca,Fraca,Fraca vs Fraca,1.66,1.61,0.04999999999999982,1.05,1.23,-0.17999999999999994,1500.0,1540.43,-40.430000000000064,2x1,2,1,1,3,H
31.4,31.4,0.0,Fraca,Fraca,Fraca vs Fraca,1.66,1.66,0.0,1.05,1.05,0.0,1500.0,1500.0,0.0,1x0,1,0,1,1,H
31.4,14.8,16.599999999999998,Fraca,Muito Fraca,Fraca vs Muito Fraca,1.66,1.15,0.51,1.05,1.35,-0.30000000000000004,1500.0,1420.0,80.0,0x0,0,0,0,0,D
31.4,14.8,16.599999999999998,Fraca,Muito Fraca,Fraca vs Muito Fraca,1.66,1.15,0.51,1.05,1.35,-0.30000000000000004,1500.0,1420.0,80.0,1x0,1,0,1,1,H
31.4,31.4,0.0,Fraca,Fraca,Fraca vs Fraca,1.66,1.66,0.0,1.05,1.05,0.0,1500.0,1500.0,0.0,1x1,1,1,0,2,D
31.4,31.4,0.0,Fraca,Fraca,Fraca vs Fraca,1.66,1.66,0.0,1.05,1.05,0.0,1500.0,1500.0,0.0,2x0,2,0,2,2,H
31.4,31.4,0.0,Fraca,Fraca,Fraca vs Fraca,1.66,1.66,0.0,1.05,1.05,0.0,1500.0,1500.0,0.0,1x0,1,0,1,1,H
31.4,31.4,0.0,Fraca,Fraca,Fraca vs Fraca,1.66,1.66,0.0,1.05,1.05,0.0,1500.0,1500.0,0.0,1x0,1,0,1,1,H
31.4,31.4,0.0,Fraca,Fraca,Fraca vs Fraca,1.66,1.66,0.0,1.05,1.05,0.0,1500.0,1500.0,0.0,0x1,0,1,-1,1,A
31.4,44.7,-13.300000000000004,Fraca,Média,Fraca vs Média,1.66,1.56,0.09999999999999987,1.05,0.91,0.14,1500.0,1581.56,-81.55999999999995,2x1,2,1,1,3,H
95.2,19.0,76.2,Muito Forte,Muito Fraca,Muito Forte vs Muito Fraca,2.06,1.27,0.79,0.45,1.26,-0.81,1873.33,1440.0,433.3299999999999,3x0,3,0,3,3,H
31.4,36.3,-4.899999999999999,Fraca,Fraca,Fraca vs Fraca,1.66,1.61,0.04999999999999982,1.05,1.23,-0.17999999999999994,1500.0,1540.43,-40.430000000000064,0x2,0,2,-2,2,A
75.4,31.4,44.00000000000001,Forte,Fraca,Forte vs Fraca,1.94,1.66,0.28,0.74,1.05,-0.31000000000000005,1760.46,1500.0,260.46000000000004,5x1,5,1,4,6,H
31.4,31.4,0.0,Fraca,Fraca,Fraca vs Fraca,1.66,1.66,0.0,1.05,1.05,0.0,1500.0,1500.0,0.0,2x1,2,1,1,3,H
42.6,58.7,-16.1,Média,Média,Média vs Média,1.88,1.34,0.5399999999999998,0.89,0.82,0.07000000000000006,1559.15,1672.62,-113.4699999999998,0x2,0,2,-2,2,A
19.3,31.4,-12.099999999999998,Muito Fraca,Fraca,Muito Fraca vs Fraca,1.4,1.66,-0.26,1.17,1.05,0.11999999999999988,1435.0,1500.0,-65.0,2x1,2,1,1,3,H
45.4,61.5,-16.1,Média,Forte,Média vs Forte,1.16,2.67,-1.51,0.8,0.67,0.13,1591.73,1650.12,-58.38999999999987,0x0,0,0,0,0,D
42.3,31.4,10.899999999999999,Média,Fraca,Média vs Fraca,1.56,1.66,-0.09999999999999987,0.69,1.05,-0.3600000000000001,1556.72,1500.0,56.72000000000003,3x0,3,0,3,3,H
24.6,31.4,-6.799999999999997,Fraca,Fraca,Fraca vs Fraca,1.27,1.66,-0.3899999999999999,1.13,1.05,0.07999999999999985,1470.0,1500.0,-30.0,1x0,1,0,1,1,H
14.8,31.4,-16.599999999999998,Muito Fraca,Fraca,Muito Fraca vs Fraca,1.15,1.66,-0.51,1.35,1.05,0.30000000000000004,1420.0,1500.0,-80.0,2x1,2,1,1,3,H
31.4,31.4,0.0,Fraca,Fraca,Fraca vs Fraca,1.66,1.66,0.0,1.05,1.05,0.0,1500.0,1500.0,0.0,2x1,2,1,1,3,H
53.5,63.7,-10.200000000000003,Média,Forte,Média vs Forte,2.07,1.8,0.2699999999999998,0.73,0.64,0.08999999999999997,1617.02,1684.86,-67.83999999999992,1x1,1,1,0,2,D
31.4,31.4,0.0,Fraca,Fraca,Fraca vs Fraca,1.66,1.66,0.0,1.05,1.05,0.0,1500.0,1500.0,0.0,3x1,3,1,2,4,H
49.1,28.9,20.200000000000003,Média,Fraca,Média vs Fraca,2.0,1.38,0.6200000000000001,0.93,0.83,0.10000000000000009,1599.45,1482.39,117.05999999999995,1x0,1,0,1,1,H
31.4,31.4,0.0,Fraca,Fraca,Fraca vs Fraca,1.66,1.66,0.0,1.05,1.05,0.0,1500.0,1500.0,0.0,2x1,2,1,1,3,H
59.0,63.9,-4.899999999999999,Média,Forte,Média vs Forte,1.42,1.62,-0.20000000000000018,0.9,0.88,0.020000000000000018,1675.75,1701.3,-25.549999999999955,2x3,2,3,-1,5,A
27.4,73.4,-46.00000000000001,Fraca,Forte,Fraca vs Forte,0.87,1.98,-1.1099999999999999,1.2,0.46,0.74,1501.5,1736.56,-235.05999999999995,0x0,0,0,0,0,D
21.3,31.4,-10.099999999999998,Fraca,Fraca,Fraca vs Fraca,0.89,1.66,-0.7699999999999999,1.15,1.05,0.09999999999999987,1460.0,1500.0,-40.0,4x1,4,1,3,5,H
31.4,20.8,10.599999999999998,Fraca,Fraca,Fraca vs Fraca,1.66,1.06,0.5999999999999999,1.05,1.22,-0.16999999999999993,1500.0,1455.0,45.0,2x2,2,2,0,4,D
31.4,62.3,-30.9,Fraca,Forte,Fraca vs Forte,1.66,1.95,-0.29000000000000004,1.05,0.86,0.19000000000000006,1500.0,1681.88,-181.8800000000001,0x0,0,0,0,0,D
31.4,31.4,0.0,Fraca,Fraca,Fraca vs Fraca,1.66,1.66,0.0,1.05,1.05,0.0,1500.0,1500.0,0.0,1x0,1,0,1,1,H
31.4,20.9,10.5,Fraca,Fraca,Fraca vs Fraca,1.66,0.98,0.6799999999999999,1.05,1.4,-0.34999999999999987,1500.0,1465.22,34.77999999999997,0x4,0,4,-4,4,A
31.4,31.4,0.0,Fraca,Fraca,Fraca vs Fraca,1.66,1.66,0.0,1.05,1.05,0.0,1500.0,1500.0,0.0,3x0,3,0,3,3,H
77.0,94.9,-17.900000000000006,Forte,Muito Forte,Forte vs Muito Forte,2.45,2.33,0.1200000000000001,0.8,0.79,0.010000000000000009,1760.38,1877.18,-116.79999999999995,0x1,0,1,-1,1,A
55.2,31.4,23.800000000000004,Média,Fraca,Média vs Fraca,1.77,1.66,0.1100000000000001,1.18,1.05,0.1299999999999999,1654.69,1500.0,154.69000000000005,2x1,2,1,1,3,H
28.6,31.4,-2.799999999999997,Fraca,Fraca,Fraca vs Fraca,1.1,1.66,-0.5599999999999998,1.13,1.05,0.07999999999999985,1500.0,1500.0,0.0,3x2,3,2,1,5,H
36.7,30.2,6.5000000000000036,Fraca,Fraca,Fraca vs Fraca,1.4,1.42,-0.020000000000000018,1.45,1.24,0.20999999999999996,1557.47,1506.77,50.700000000000045,0x0,0,0,0,0,D
31.4,31.4,0.0,Fraca,Fraca,Fraca vs Fraca,1.66,1.66,0.0,1.05,1.05,0.0,1500.0,1500.0,0.0,1x1,1,1,0,2,D
31.4,31.9,-0.5,Fraca,Fraca,Fraca vs Fraca,1.66,1.55,0.10999999999999988,1.05,1.06,-0.010000000000000009,1500.0,1506.34,-6.339999999999918,0x2,0,2,-2,2,A
31.4,31.4,0.0,Fraca,Fraca,Fraca vs Fraca,1.66,1.66,0.0,1.05,1.05,0.0,1500.0,1500.0,0.0,1x1,1,1,0,2,D
31.4,24.7,6.699999999999999,Fraca,Fraca,Fraca vs Fraca,1.66,1.09,0.5699999999999998,1.05,1.24,-0.18999999999999995,1500.0,1480.0,20.0,3x1,3,1,2,4,H
31.4,31.4,0.0,Fraca,Fraca,Fraca vs Fraca,1.66,1.66,0.0,1.05,1.05,0.0,1500.0,1500.0,0.0,1x0,1,0,1,1,H
31.4,31.4,0.0,Fraca,Fraca,Fraca vs Fraca,1.66,1.66,0.0,1.05,1.05,0.0,1500.0,1500.0,0.0,1x0,1,0,1,1,H
89.0,67.7,21.299999999999997,Muito Forte,Forte,Muito Forte vs Forte,2.18,2.21,-0.029999999999999805,0.58,1.21,-0.63,1834.12,1724.15,109.9699999999998,3x3,3,3,0,6,D
31.4,64.4,-33.00000000000001,Fraca,Forte,Fraca vs Forte,1.66,1.9,-0.24,1.05,0.99,0.06000000000000005,1500.0,1702.06,-202.05999999999995,0x2,0,2,-2,2,A
31.4,31.4,0.0,Fraca,Fraca,Fraca vs Fraca,1.66,1.66,0.0,1.05,1.05,0.0,1500.0,1500.0,0.0,0x2,0,2,-2,2,A
31.4,31.4,0.0,Fraca,Fraca,Fraca vs Fraca,1.66,1.66,0.0,1.05,1.05,0.0,1500.0,1500.0,0.0,4x1,4,1,3,5,H
31.4,31.4,0.0,Fraca,Fraca,Fraca vs Fraca,1.66,1.66,0.0,1.05,1.05,0.0,1500.0,1500.0,0.0,0x1,0,1,-1,1,A
31.4,8.1,23.299999999999997,Fraca,Muito Fraca,Fraca vs Muito Fraca,1.66,1.59,0.06999999999999984,1.05,1.44,-0.3899999999999999,1500.0,1370.0,130.0,2x1,2,1,1,3,H
31.4,45.4,-14.0,Fraca,Média,Fraca vs Média,1.66,1.77,-0.1100000000000001,1.05,0.75,0.30000000000000004,1500.0,1574.01,-74.00999999999999,0x2,0,2,-2,2,A
45.4,65.6,-20.199999999999996,Média,Forte,Média vs Forte,1.84,1.75,0.09000000000000008,1.07,1.07,0.0,1585.51,1716.88,-131.37000000000012,1x3,1,3,-2,4,A
51.6,92.6,-40.99999999999999,Média,Muito Forte,Média vs Muito Forte,1.9,2.17,-0.27,0.9,0.88,0.020000000000000018,1616.75,1870.0,-253.25,2x0,2,0,2,2,H
33.9,35.0,-1.1000000000000014,Fraca,Fraca,Fraca vs Fraca,1.27,1.67,-0.3999999999999999,1.14,1.26,-0.1200000000000001,1529.71,1532.04,-2.3299999999999272,0x1,0,1,-1,1,A
74.8,70.2,4.599999999999994,Forte,Forte,Forte vs Forte,2.36,2.11,0.25,0.99,0.93,0.05999999999999994,1756.27,1730.71,25.559999999999945,1x0,1,0,1,1,H
31.4,31.4,0.0,Fraca,Fraca,Fraca vs Fraca,1.66,1.66,0.0,1.05,1.05,0.0,1500.0,1500.0,0.0,2x1,2,1,1,3,H
31.4,31.4,0.0,Fraca,Fraca,Fraca vs Fraca,1.66,1.66,0.0,1.05,1.05,0.0,1500.0,1500.0,0.0,1x1,1,1,0,2,D
8.1,63.7,-55.6,Muito Fraca,Forte,Muito Fraca vs Forte,0.92,1.8,-0.88,1.98,0.64,1.3399999999999999,1410.0,1684.86,-274.8599999999999,0x2,0,2,-2,2,A
63.9,31.4,32.5,Forte,Fraca,Forte vs Fraca,1.62,1.66,-0.039999999999999813,0.88,1.05,-0.17000000000000004,1701.3,1500.0,201.29999999999995,4x1,4,1,3,5,H
31.4,31.4,0.0,Fraca,Fraca,Fraca vs Fraca,1.66,1.66,0.0,1.05,1.05,0.0,1500.0,1500.0,0.0,2x2,2,2,0,4,D
31.4,31.4,0.0,Fraca,Fraca,Fraca vs Fraca,1.66,1.66,0.0,1.05,1.05,0.0,1500.0,1500.0,0.0,1x1,1,1,0,2,D
31.4,31.4,0.0,Fraca,Fraca,Fraca vs Fraca,1.66,1.66,0.0,1.05,1.05,0.0,1500.0,1500.0,0.0,3x2,3,2,1,5,H
31.4,31.4,0.0,Fraca,Fraca,Fraca vs Fraca,1.66,1.66,0.0,1.05,1.05,0.0,1500.0,1500.0,0.0,2x1,2,1,1,3,H
59.0,21.3,37.7,Média,Fraca,Média vs Fraca,1.42,0.89,0.5299999999999999,0.9,1.15,-0.2499999999999999,1675.75,1460.0,215.75,1x0,1,0,1,1,H
31.4,31.4,0.0,Fraca,Fraca,Fraca vs Fraca,1.66,1.66,0.0,1.05,1.05,0.0,1500.0,1500.0,0.0,4x0,4,0,4,4,H
31.4,31.4,0.0,Fraca,Fraca,Fraca vs Fraca,1.66,1.66,0.0,1.05,1.05,0.0,1500.0,1500.0,0.0,1x0,1,0,1,1,H
31.4,77.0,-45.6,Fraca,Forte,Fraca vs Forte,1.66,2.45,-0.7900000000000003,1.05,0.8,0.25,1500.0,1760.38,-260.3800000000001,0x4,0,4,-4,4,A
94.9,55.2,39.7,Muito Forte,Média,Muito Forte vs Média,2.33,1.77,0.56,0.79,1.18,-0.3899999999999999,1877.18,1654.69,222.49,1x2,1,2,-1,3,A
31.4,36.7,-5.300000000000004,Fraca,Fraca,Fraca vs Fraca,1.66,1.4,0.26,1.05,1.45,-0.3999999999999999,1500.0,1557.47,-57.47000000000003,0x5,0,5,-5,5,A
30.2,28.6,1.5999999999999979,Fraca,Fraca,Fraca vs Fraca,1.42,1.1,0.31999999999999984,1.24,1.13,0.1100000000000001,1506.77,1500.0,6.769999999999982,2x1,2,1,1,3,H
31.4,31.4,0.0,Fraca,Fraca,Fraca vs Fraca,1.66,1.66,0.0,1.05,1.05,0.0,1500.0,1500.0,0.0,2x1,2,1,1,3,H
31.4,31.4,0.0,Fraca,Fraca,Fraca vs Fraca,1.66,1.66,0.0,1.05,1.05,0.0,1500.0,1500.0,0.0,2x1,2,1,1,3,H
31.9,31.4,0.5,Fraca,Fraca,Fraca vs Fraca,1.55,1.66,-0.10999999999999988,1.06,1.05,0.010000000000000009,1506.34,1500.0,6.339999999999918,4x1,4,1,3,5,H
24.7,31.4,-6.699999999999999,Fraca,Fraca,Fraca vs Fraca,1.09,1.66,-0.5699999999999998,1.24,1.05,0.18999999999999995,1480.0,1500.0,-20.0,2x1,2,1,1,3,H
31.4,31.4,0.0,Fraca,Fraca,Fraca vs Fraca,1.66,1.66,0.0,1.05,1.05,0.0,1500.0,1500.0,0.0,1x0,1,0,1,1,H
61.5,62.3,-0.7999999999999972,Forte,Forte,Forte vs Forte,2.67,1.95,0.72,0.67,0.86,-0.18999999999999995,1650.12,1681.88,-31.76000000000022,2x0,2,0,2,2,H
31.4,31.4,0.0,Fraca,Fraca,Fraca vs Fraca,1.66,1.66,0.0,1.05,1.05,0.0,1500.0,1500.0,0.0,1x0,1,0,1,1,H
95.2,14.8,80.4,Muito Forte,Muito Fraca,Muito Forte vs Muito Fraca,2.06,1.15,0.9100000000000001,0.45,1.35,-0.9000000000000001,1873.33,1420.0,453.3299999999999,3x0,3,0,3,3,H
75.4,24.6,50.800000000000004,Forte,Fraca,Forte vs Fraca,1.94,1.27,0.6699999999999999,0.74,1.13,-0.3899999999999999,1760.46,1470.0,290.46000000000004,3x0,3,0,3,3,H
28.9,31.4,-2.5,Fraca,Fraca,Fraca vs Fraca,1.38,1.66,-0.28,0.83,1.05,-0.22000000000000008,1482.39,1500.0,-17.6099999999999,0x2,0,2,-2,2,A
42.6,31.4,11.200000000000003,Média,Fraca,Média vs Fraca,1.88,1.66,0.21999999999999997,0.89,1.05,-0.16000000000000003,1559.15,1500.0,59.15000000000009,2x0,2,0,2,2,H
31.4,31.4,0.0,Fraca,Fraca,Fraca vs Fraca,1.66,1.66,0.0,1.05,1.05,0.0,1500.0,1500.0,0.0,0x1,0,1,-1,1,A
42.3,31.4,10.899999999999999,Média,Fraca,Média vs Fraca,1.56,1.66,-0.09999999999999987,0.69,1.05,-0.3600000000000001,1556.72,1500.0,56.72000000000003,3x0,3,0,3,3,H
53.5,58.7,-5.200000000000003,Média,Média,Média vs Média,2.07,1.34,0.7299999999999998,0.73,0.82,-0.08999999999999997,1617.02,1672.62,-55.59999999999991,1x0,1,0,1,1,H
31.4,31.4,0.0,Fraca,Fraca,Fraca vs Fraca,1.66,1.66,0.0,1.05,1.05,0.0,1500.0,1500.0,0.0,1x1,1,1,0,2,D
31.4,31.4,0.0,Fraca,Fraca,Fraca vs Fraca,1.66,1.66,0.0,1.05,1.05,0.0,1500.0,1500.0,0.0,2x0,2,0,2,2,H
49.1,19.3,29.8,Média,Muito Fraca,Média vs Muito Fraca,2.0,1.4,0.6000000000000001,0.93,1.17,-0.23999999999999988,1599.45,1435.0,164.45000000000005,2x2,2,2,0,4,D
31.4,31.4,0.0,Fraca,Fraca,Fraca vs Fraca,1.66,1.66,0.0,1.05,1.05,0.0,1500.0,1500.0,0.0,1x0,1,0,1,1,H
73.4,20.8,52.60000000000001,Forte,Fraca,Forte vs Fraca,1.98,1.06,0.9199999999999999,0.46,1.22,-0.76,1736.56,1455.0,281.55999999999995,2x0,2,0,2,2,H
27.4,31.4,-4.0,Fraca,Fraca,Fraca vs Fraca,0.87,1.66,-0.7899999999999999,1.2,1.05,0.1499999999999999,1501.5,1500.0,1.5,1x0,1,0,1,1,H
31.4,45.4,-14.0,Fraca,Média,Fraca vs Média,1.66,1.16,0.5,1.05,0.8,0.25,1500.0,1591.73,-91.73000000000002,0x0,0,0,0,0,D
67.7,31.4,36.300000000000004,Forte,Fraca,Forte vs Fraca,2.21,1.66,0.55,1.21,1.05,0.15999999999999992,1724.15,1500.0,224.1500000000001,0x1,0,1,-1,1,A
64.4,89.0,-24.599999999999994,Forte,Muito Forte,Forte vs Muito Forte,1.9,2.18,-0.28000000000000025,0.99,0.58,0.41000000000000003,1702.06,1834.12,-132.05999999999995,1x0,1,0,1,1,H
31.4,31.4,0.0,Fraca,Fraca,Fraca vs Fraca,1.66,1.66,0.0,1.05,1.05,0.0,1500.0,1500.0,0.0,1x1,1,1,0,2,D
31.4,31.4,0.0,Fraca,Fraca,Fraca vs Fraca,1.66,1.66,0.0,1.05,1.05,0.0,1500.0,1500.0,0.0,2x0,2,0,2,2,H
31.4,31.4,0.0,Fraca,Fraca,Fraca vs Fraca,1.66,1.66,0.0,1.05,1.05,0.0,1500.0,1500.0,0.0,5x1,5,1,4,6,H
45.4,31.4,14.0,Média,Fraca,Média vs Fraca,1.77,1.66,0.1100000000000001,0.75,1.05,-0.30000000000000004,1574.01,1500.0,74.00999999999999,1x0,1,0,1,1,H
31.4,31.4,0.0,Fraca,Fraca,Fraca vs Fraca,1.66,1.66,0.0,1.05,1.05,0.0,1500.0,1500.0,0.0,0x1,0,1,-1,1,A
31.4,20.9,10.5,Fraca,Fraca,Fraca vs Fraca,1.66,0.98,0.6799999999999999,1.05,1.4,-0.34999999999999987,1500.0,1465.22,34.77999999999997,1x0,1,0,1,1,H
31.4,31.4,0.0,Fraca,Fraca,Fraca vs Fraca,1.66,1.66,0.0,1.05,1.05,0.0,1500.0,1500.0,0.0,1x1,1,1,0,2,D
8.1,31.4,-23.299999999999997,Muito Fraca,Fraca,Muito Fraca vs Fraca,1.59,1.66,-0.06999999999999984,1.44,1.05,0.3899999999999999,1370.0,1500.0,-130.0,1x2,1,2,-1,3,A
65.6,51.6,13.999999999999993,Forte,Média,Forte vs Média,1.75,1.9,-0.1499999999999999,1.07,0.9,0.17000000000000004,1716.88,1616.75,100.13000000000011,2x1,2,1,1,3,H
92.6,45.4,47.199999999999996,Muito Forte,Média,Muito Forte vs Média,2.17,1.84,0.32999999999999985,0.88,1.07,-0.19000000000000006,1870.0,1585.51,284.49,2x0,2,0,2,2,H
70.2,33.9,36.300000000000004,Forte,Fraca,Forte vs Fraca,2.11,1.27,0.8399999999999999,0.93,1.14,-0.20999999999999985,1730.71,1529.71,201.0,2x1,2,1,1,3,H
35.0,74.8,-39.8,Fraca,Forte,Fraca vs Forte,1.67,2.36,-0.69,1.26,0.99,0.27,1532.04,1756.27,-224.23000000000002,0x2,0,2,-2,2,A
31.4,31.4,0.0,Fraca,Fraca,Fraca vs Fraca,1.66,1.66,0.0,1.05,1.05,0.0,1500.0,1500.0,0.0,3x3,3,3,0,6,D
31.4,31.4,0.0,Fraca,Fraca,Fraca vs Fraca,1.66,1.66,0.0,1.05,1.05,0.0,1500.0,1500.0,0.0,1x2,1,2,-1,3,A
31.4,31.4,0.0,Fraca,Fraca,Fraca vs Fraca,1.66,1.66,0.0,1.05,1.05,0.0,1500.0,1500.0,0.0,1x0,1,0,1,1,H
31.4,31.4,0.0,Fraca,Fraca,Fraca vs Fraca,1.66,1.66,0.0,1.05,1.05,0.0,1500.0,1500.0,0.0,0x0,0,0,0,0,D
31.4,31.4,0.0,Fraca,Fraca,Fraca vs Fraca,1.66,1.66,0.0,1.05,1.05,0.0,1500.0,1500.0,0.0,4x0,4,0,4,4,H
30.2,36.7,-6.5000000000000036,Fraca,Fraca,Fraca vs Fraca,1.42,1.4,0.020000000000000018,1.24,1.45,-0.20999999999999996,1506.77,1557.47,-50.700000000000045,3x0,3,0,3,3,H
31.4,31.4,0.0,Fraca,Fraca,Fraca vs Fraca,1.66,1.66,0.0,1.05,1.05,0.0,1500.0,1500.0,0.0,1x0,1,0,1,1,H
59.0,27.4,31.6,Média,Fraca,Média vs Fraca,1.42,0.87,0.5499999999999999,0.9,1.2,-0.29999999999999993,1675.75,1501.5,174.25,0x1,0,1,-1,1,A
31.4,31.4,0.0,Fraca,Fraca,Fraca vs Fraca,1.66,1.66,0.0,1.05,1.05,0.0,1500.0,1500.0,0.0,1x0,1,0,1,1,H
61.5,49.1,12.399999999999999,Forte,Média,Forte vs Média,2.67,2.0,0.6699999999999999,0.67,0.93,-0.26,1650.12,1599.45,50.669999999999845,3x0,3,0,3,3,H
49.1,31.4,17.700000000000003,Média,Fraca,Média vs Fraca,2.0,1.66,0.3400000000000001,0.93,1.05,-0.12,1599.45,1500.0,99.45000000000005,3x0,3,0,3,3,H
61.5,31.4,30.1,Forte,Fraca,Forte vs Fraca,2.67,1.66,1.01,0.67,1.05,-0.38,1650.12,1500.0,150.1199999999999,0x0,0,0,0,0,D
31.4,49.1,-17.700000000000003,Fraca,Média,Fraca vs Média,1.66,2.0,-0.3400000000000001,1.05,0.93,0.12,1500.0,1599.45,-99.45000000000005,0x3,0,3,-3,3,A
61.5,31.4,30.1,Forte,Fraca,Forte vs Fraca,2.67,1.66,1.01,0.67,1.05,-0.38,1650.12,1500.0,150.1199999999999,6x0,6,0,6,6,H
31.4,31.4,0.0,Fraca,Fraca,Fraca vs Fraca,1.66,1.66,0.0,1.05,1.05,0.0,1500.0,1500.0,0.0,2x1,2,1,1,3,H
31.4,63.7,-32.300000000000004,Fraca,Forte,Fraca vs Forte,1.66,1.8,-0.14000000000000012,1.05,0.64,0.41000000000000003,1500.0,1684.86,-184.8599999999999,1x1,1,1,0,2,D
31.4,31.4,0.0,Fraca,Fraca,Fraca vs Fraca,1.66,1.66,0.0,1.05,1.05,0.0,1500.0,1500.0,0.0,0x1,0,1,-1,1,A
31.4,31.4,0.0,Fraca,Fraca,Fraca vs Fraca,1.66,1.66,0.0,1.05,1.05,0.0,1500.0,1500.0,0.0,2x1,2,1,1,3,H
31.4,63.7,-32.300000000000004,Fraca,Forte,Fraca vs Forte,1.66,1.8,-0.14000000000000012,1.05,0.64,0.41000000000000003,1500.0,1684.86,-184.8599999999999,4x3,4,3,1,7,H
31.4,31.4,0.0,Fraca,Fraca,Fraca vs Fraca,1.66,1.66,0.0,1.05,1.05,0.0,1500.0,1500.0,0.0,0x0,0,0,0,0,D
63.7,31.4,32.300000000000004,Forte,Fraca,Forte vs Fraca,1.8,1.66,0.14000000000000012,0.64,1.05,-0.41000000000000003,1684.86,1500.0,184.8599999999999,1x1,1,1,0,2,D
31.4,31.4,0.0,Fraca,Fraca,Fraca vs Fraca,1.66,1.66,0.0,1.05,1.05,0.0,1500.0,1500.0,0.0,1x1,1,1,0,2,D
19.3,31.4,-12.099999999999998,Muito Fraca,Fraca,Muito Fraca vs Fraca,1.4,1.66,-0.26,1.17,1.05,0.11999999999999988,1435.0,1500.0,-65.0,1x0,1,0,1,1,H
31.4,31.4,0.0,Fraca,Fraca,Fraca vs Fraca,1.66,1.66,0.0,1.05,1.05,0.0,1500.0,1500.0,0.0,0x3,0,3,-3,3,A
31.4,31.4,0.0,Fraca,Fraca,Fraca vs Fraca,1.66,1.66,0.0,1.05,1.05,0.0,1500.0,1500.0,0.0,7x0,7,0,7,7,H
31.4,31.4,0.0,Fraca,Fraca,Fraca vs Fraca,1.66,1.66,0.0,1.05,1.05,0.0,1500.0,1500.0,0.0,4x0,4,0,4,4,H
31.4,31.4,0.0,Fraca,Fraca,Fraca vs Fraca,1.66,1.66,0.0,1.05,1.05,0.0,1500.0,1500.0,0.0,2x0,2,0,2,2,H
31.4,31.4,0.0,Fraca,Fraca,Fraca vs Fraca,1.66,1.66,0.0,1.05,1.05,0.0,1500.0,1500.0,0.0,4x0,4,0,4,4,H
19.0,59.0,-40.0,Muito Fraca,Média,Muito Fraca vs Média,1.27,1.42,-0.1499999999999999,1.26,0.9,0.36,1440.0,1675.75,-235.75,1x1,1,1,0,2,D
31.4,62.3,-30.9,Fraca,Forte,Fraca vs Forte,1.66,1.95,-0.29000000000000004,1.05,0.86,0.19000000000000006,1500.0,1681.88,-181.8800000000001,1x1,1,1,0,2,D
14.3,31.4,-17.099999999999998,Muito Fraca,Fraca,Muito Fraca vs Fraca,2.45,1.66,0.7900000000000003,1.26,1.05,0.20999999999999996,1380.0,1500.0,-120.0,6x0,6,0,6,6,H
89.0,31.4,57.6,Muito Forte,Fraca,Muito Forte vs Fraca,2.18,1.66,0.5200000000000002,0.58,1.05,-0.4700000000000001,1834.12,1500.0,334.1199999999999,0x4,0,4,-4,4,A
67.7,64.4,3.299999999999997,Forte,Forte,Forte vs Forte,2.21,1.9,0.31000000000000005,1.21,0.99,0.21999999999999997,1724.15,1702.06,22.090000000000146,5x2,5,2,3,7,H
74.8,33.9,40.9,Forte,Fraca,Forte vs Fraca,2.36,1.27,1.0899999999999999,0.99,1.14,-0.1499999999999999,1756.27,1529.71,226.55999999999995,3x2,3,2,1,5,H
35.0,70.2,-35.2,Fraca,Forte,Fraca vs Forte,1.67,2.11,-0.43999999999999995,1.26,0.93,0.32999999999999996,1532.04,1730.71,-198.67000000000007,0x1,0,1,-1,1,A
31.4,30.2,1.1999999999999993,Fraca,Fraca,Fraca vs Fraca,1.66,1.42,0.24,1.05,1.24,-0.18999999999999995,1500.0,1506.77,-6.769999999999982,1x4,1,4,-3,5,A
36.7,28.6,8.100000000000001,Fraca,Fraca,Fraca vs Fraca,1.4,1.1,0.2999999999999998,1.45,1.13,0.32000000000000006,1557.47,1500.0,57.47000000000003,1x1,1,1,0,2,D
31.4,31.4,0.0,Fraca,Fraca,Fraca vs Fraca,1.66,1.66,0.0,1.05,1.05,0.0,1500.0,1500.0,0.0,3x2,3,2,1,5,H
31.4,31.4,0.0,Fraca,Fraca,Fraca vs Fraca,1.66,1.66,0.0,1.05,1.05,0.0,1500.0,1500.0,0.0,0x3,0,3,-3,3,A
31.4,31.4,0.0,Fraca,Fraca,Fraca vs Fraca,1.66,1.66,0.0,1.05,1.05,0.0,1500.0,1500.0,0.0,2x0,2,0,2,2,H
20.8,24.6,-3.8000000000000007,Fraca,Fraca,Fraca vs Fraca,1.06,1.27,-0.20999999999999996,1.22,1.13,0.09000000000000008,1455.0,1470.0,-15.0,0x0,0,0,0,0,D
61.5,31.4,30.1,Forte,Fraca,Forte vs Fraca,2.67,1.66,1.01,0.67,1.05,-0.38,1650.12,1500.0,150.1199999999999,0x3,0,3,-3,3,A
49.1,42.3,6.800000000000004,Média,Média,Média vs Média,2.0,1.56,0.43999999999999995,0.93,0.69,0.2400000000000001,1599.45,1556.72,42.73000000000002,4x1,4,1,3,5,H
45.4,21.3,24.099999999999998,Média,Fraca,Média vs Fraca,1.77,0.89,0.88,0.75,1.15,-0.3999999999999999,1574.01,1460.0,114.00999999999999,0x0,0,0,0,0,D
31.4,44.7,-13.300000000000004,Fraca,Média,Fraca vs Média,1.66,1.56,0.09999999999999987,1.05,0.91,0.14,1500.0,1581.56,-81.55999999999995,0x10,0,10,-10,10,A
73.4,31.4,42.00000000000001,Forte,Fraca,Forte vs Fraca,1.98,1.66,0.32000000000000006,0.46,1.05,-0.5900000000000001,1736.56,1500.0,236.55999999999995,2x0,2,0,2,2,H
14.8,42.6,-27.8,Muito Fraca,Média,Muito Fraca vs Média,1.15,1.88,-0.73,1.35,0.89,0.4600000000000001,1420.0,1559.15,-139.1500000000001,2x1,2,1,1,3,H
8.1,31.4,-23.299999999999997,Muito Fraca,Fraca,Muito Fraca vs Fraca,1.59,1.66,-0.06999999999999984,1.44,1.05,0.3899999999999999,1370.0,1500.0,-130.0,4x1,4,1,3,5,H
31.4,31.4,0.0,Fraca,Fraca,Fraca vs Fraca,1.66,1.66,0.0,1.05,1.05,0.0,1500.0,1500.0,0.0,2x0,2,0,2,2,H
51.6,45.4,6.200000000000003,Média,Média,Média vs Média,1.9,1.84,0.05999999999999983,0.9,1.07,-0.17000000000000004,1616.75,1585.51,31.24000000000001,2x0,2,0,2,2,H
92.6,65.6,27.0,Muito Forte,Forte,Muito Forte vs Forte,2.17,1.75,0.41999999999999993,0.88,1.07,-0.19000000000000006,1870.0,1716.88,153.1199999999999,0x1,0,1,-1,1,A
31.4,31.4,0.0,Fraca,Fraca,Fraca vs Fraca,1.66,1.66,0.0,1.05,1.05,0.0,1500.0,1500.0,0.0,2x2,2,2,0,4,D
31.4,31.4,0.0,Fraca,Fraca,Fraca vs Fraca,1.66,1.66,0.0,1.05,1.05,0.0,1500.0,1500.0,0.0,2x1,2,1,1,3,H
31.4,31.4,0.0,Fraca,Fraca,Fraca vs Fraca,1.66,1.66,0.0,1.05,1.05,0.0,1500.0,1500.0,0.0,0x0,0,0,0,0,D
31.4,36.3,-4.899999999999999,Fraca,Fraca,Fraca vs Fraca,1.66,1.61,0.04999999999999982,1.05,1.23,-0.17999999999999994,1500.0,1540.43,-40.430000000000064,0x0,0,0,0,0,D
31.4,31.4,0.0,Fraca,Fraca,Fraca vs Fraca,1.66,1.66,0.0,1.05,1.05,0.0,1500.0,1500.0,0.0,3x1,3,1,2,4,H
94.9,31.4,63.50000000000001,Muito Forte,Fraca,Muito Forte vs Fraca,2.33,1.66,0.6700000000000002,0.79,1.05,-0.26,1877.18,1500.0,377.18000000000006,2x0,2,0,2,2,H
55.2,77.0,-21.799999999999997,Média,Forte,Média vs Forte,1.77,2.45,-0.6800000000000002,1.18,0.8,0.3799999999999999,1654.69,1760.38,-105.69000000000005,1x0,1,0,1,1,H
31.4,31.4,0.0,Fraca,Fraca,Fraca vs Fraca,1.66,1.66,0.0,1.05,1.05,0.0,1500.0,1500.0,0.0,3x2,3,2,1,5,H
31.4,31.9,-0.5,Fraca,Fraca,Fraca vs Fraca,1.66,1.55,0.10999999999999988,1.05,1.06,-0.010000000000000009,1500.0,1506.34,-6.339999999999918,2x2,2,2,0,4,D
24.7,31.4,-6.699999999999999,Fraca,Fraca,Fraca vs Fraca,1.09,1.66,-0.5699999999999998,1.24,1.05,0.18999999999999995,1480.0,1500.0,-20.0,2x2,2,2,0,4,D
31.4,31.4,0.0,Fraca,Fraca,Fraca vs Fraca,1.66,1.66,0.0,1.05,1.05,0.0,1500.0,1500.0,0.0,2x0,2,0,2,2,H
31.4,31.4,0.0,Fraca,Fraca,Fraca vs Fraca,1.66,1.66,0.0,1.05,1.05,0.0,1500.0,1500.0,0.0,4x0,4,0,4,4,H
31.4,31.4,0.0,Fraca,Fraca,Fraca vs Fraca,1.66,1.66,0.0,1.05,1.05,0.0,1500.0,1500.0,0.0,0x0,0,0,0,0,D
53.5,31.4,22.1,Média,Fraca,Média vs Fraca,2.07,1.66,0.4099999999999999,0.73,1.05,-0.32000000000000006,1617.02,1500.0,117.01999999999998,1x2,1,2,-1,3,A
31.4,31.4,0.0,Fraca,Fraca,Fraca vs Fraca,1.66,1.66,0.0,1.05,1.05,0.0,1500.0,1500.0,0.0,0x1,0,1,-1,1,A
31.4,31.4,0.0,Fraca,Fraca,Fraca vs Fraca,1.66,1.66,0.0,1.05,1.05,0.0,1500.0,1500.0,0.0,0x1,0,1,-1,1,A
31.4,31.4,0.0,Fraca,Fraca,Fraca vs Fraca,1.66,1.66,0.0,1.05,1.05,0.0,1500.0,1500.0,0.0,0x2,0,2,-2,2,A
31.4,31.4,0.0,Fraca,Fraca,Fraca vs Fraca,1.66,1.66,0.0,1.05,1.05,0.0,1500.0,1500.0,0.0,4x0,4,0,4,4,H
31.4,31.4,0.0,Fraca,Fraca,Fraca vs Fraca,1.66,1.66,0.0,1.05,1.05,0.0,1500.0,1500.0,0.0,2x1,2,1,1,3,H
59.0,31.4,27.6,Média,Fraca,Média vs Fraca,1.42,1.66,-0.24,0.9,1.05,-0.15000000000000002,1675.75,1500.0,175.75,3x0,3,0,3,3,H
31.4,14.3,17.099999999999998,Fraca,Muito Fraca,Fraca vs Muito Fraca,1.66,2.45,-0.7900000000000003,1.05,1.26,-0.20999999999999996,1500.0,1380.0,120.0,2x6,2,6,-4,8,A
89.0,64.4,24.599999999999994,Muito Forte,Forte,Muito Forte vs Forte,2.18,1.9,0.28000000000000025,0.58,0.99,-0.41000000000000003,1834.12,1702.06,132.05999999999995,0x0,0,0,0,0,D
31.4,67.7,-36.300000000000004,Fraca,Forte,Fraca vs Forte,1.66,2.21,-0.55,1.05,1.21,-0.15999999999999992,1500.0,1724.15,-224.1500000000001,1x1,1,1,0,2,D
33.9,70.2,-36.300000000000004,Fraca,Forte,Fraca vs Forte,1.27,2.11,-0.8399999999999999,1.14,0.93,0.20999999999999985,1529.71,1730.71,-201.0,1x1,1,1,0,2,D
74.8,35.0,39.8,Forte,Fraca,Forte vs Fraca,2.36,1.67,0.69,0.99,1.26,-0.27,1756.27,1532.04,224.23000000000002,2x2,2,2,0,4,D
36.7,31.4,5.300000000000004,Fraca,Fraca,Fraca vs Fraca,1.4,1.66,-0.26,1.45,1.05,0.3999999999999999,1557.47,1500.0,57.47000000000003,3x0,3,0,3,3,H
28.6,30.2,-1.5999999999999979,Fraca,Fraca,Fraca vs Fraca,1.1,1.42,-0.31999999999999984,1.13,1.24,-0.1100000000000001,1500.0,1506.77,-6.769999999999982,3x0,3,0,3,3,H
31.4,31.4,0.0,Fraca,Fraca,Fraca vs Fraca,1.66,1.66,0.0,1.05,1.05,0.0,1500.0,1500.0,0.0,1x0,1,0,1,1,H
31.4,31.4,0.0,Fraca,Fraca,Fraca vs Fraca,1.66,1.66,0.0,1.05,1.05,0.0,1500.0,1500.0,0.0,0x2,0,2,-2,2,A
45.4,31.4,14.0,Média,Fraca,Média vs Fraca,1.16,1.66,-0.5,0.8,1.05,-0.25,1591.73,1500.0,91.73000000000002,1x0,1,0,1,1,H
58.7,36.3,22.400000000000006,Média,Fraca,Média vs Fraca,1.34,1.61,-0.27,0.82,1.23,-0.41000000000000003,1672.62,1540.43,132.18999999999983,5x0,5,0,5,5,H
62.3,31.4,30.9,Forte,Fraca,Forte vs Fraca,1.95,1.66,0.29000000000000004,0.86,1.05,-0.19000000000000006,1681.88,1500.0,181.8800000000001,5x0,5,0,5,5,H
31.4,8.1,23.299999999999997,Fraca,Muito Fraca,Fraca vs Muito Fraca,1.66,1.59,0.06999999999999984,1.05,1.44,-0.3899999999999999,1500.0,1370.0,130.0,0x2,0,2,-2,2,A
31.4,31.4,0.0,Fraca,Fraca,Fraca vs Fraca,1.66,1.66,0.0,1.05,1.05,0.0,1500.0,1500.0,0.0,1x1,1,1,0,2,D
45.4,92.6,-47.199999999999996,Média,Muito Forte,Média vs Muito Forte,1.84,2.17,-0.32999999999999985,1.07,0.88,0.19000000000000006,1585.51,1870.0,-284.49,1x1,1,1,0,2,D
51.6,65.6,-13.999999999999993,Média,Forte,Média vs Forte,1.9,1.75,0.1499999999999999,0.9,1.07,-0.17000000000000004,1616.75,1716.88,-100.13000000000011,0x1,0,1,-1,1,A
31.4,31.4,0.0,Fraca,Fraca,Fraca vs Fraca,1.66,1.66,0.0,1.05,1.05,0.0,1500.0,1500.0,0.0,1x2,1,2,-1,3,A
31.4,31.4,0.0,Fraca,Fraca,Fraca vs Fraca,1.66,1.66,0.0,1.05,1.05,0.0,1500.0,1500.0,0.0,0x1,0,1,-1,1,A
49.1,27.4,21.700000000000003,Média,Fraca,Média vs Fraca,2.0,0.87,1.13,0.93,1.2,-0.2699999999999999,1599.45,1501.5,97.95000000000005,2x2,2,2,0,4,D
20.8,31.4,-10.599999999999998,Fraca,Fraca,Fraca vs Fraca,1.06,1.66,-0.5999999999999999,1.22,1.05,0.16999999999999993,1455.0,1500.0,-45.0,0x2,0,2,-2,2,A
61.5,24.6,36.9,Forte,Fraca,Forte vs Fraca,2.67,1.27,1.4,0.67,1.13,-0.45999999999999985,1650.12,1470.0,180.1199999999999,4x1,4,1,3,5,H
44.7,31.4,13.300000000000004,Média,Fraca,Média vs Fraca,1.56,1.66,-0.09999999999999987,0.91,1.05,-0.14,1581.56,1500.0,81.55999999999995,2x1,2,1,1,3,H
31.4,28.9,2.5,Fraca,Fraca,Fraca vs Fraca,1.66,1.38,0.28,1.05,0.83,0.22000000000000008,1500.0,1482.39,17.6099999999999,0x1,0,1,-1,1,A
31.4,42.3,-10.899999999999999,Fraca,Média,Fraca vs Média,1.66,1.56,0.09999999999999987,1.05,0.69,0.3600000000000001,1500.0,1556.72,-56.72000000000003,2x0,2,0,2,2,H
31.4,31.4,0.0,Fraca,Fraca,Fraca vs Fraca,1.66,1.66,0.0,1.05,1.05,0.0,1500.0,1500.0,0.0,1x3,1,3,-2,4,A
31.4,31.4,0.0,Fraca,Fraca,Fraca vs Fraca,1.66,1.66,0.0,1.05,1.05,0.0,1500.0,1500.0,0.0,0x0,0,0,0,0,D
73.4,31.4,42.00000000000001,Forte,Fraca,Forte vs Fraca,1.98,1.66,0.32000000000000006,0.46,1.05,-0.5900000000000001,1736.56,1500.0,236.55999999999995,2x1,2,1,1,3,H
36.3,31.4,4.899999999999999,Fraca,Fraca,Fraca vs Fraca,1.61,1.66,-0.04999999999999982,1.23,1.05,0.17999999999999994,1540.43,1500.0,40.430000000000064,5x0,5,0,5,5,H
42.6,31.4,11.200000000000003,Média,Fraca,Média vs Fraca,1.88,1.66,0.21999999999999997,0.89,1.05,-0.16000000000000003,1559.15,1500.0,59.15000000000009,4x0,4,0,4,4,H
31.4,31.4,0.0,Fraca,Fraca,Fraca vs Fraca,1.66,1.66,0.0,1.05,1.05,0.0,1500.0,1500.0,0.0,0x2,0,2,-2,2,A
77.0,31.4,45.6,Forte,Fraca,Forte vs Fraca,2.45,1.66,0.7900000000000003,0.8,1.05,-0.25,1760.38,1500.0,260.3800000000001,2x0,2,0,2,2,H
55.2,94.9,-39.7,Média,Muito Forte,Média vs Muito Forte,1.77,2.33,-0.56,1.18,0.79,0.3899999999999999,1654.69,1877.18,-222.49,0x1,0,1,-1,1,A
31.4,31.4,0.0,Fraca,Fraca,Fraca vs Fraca,1.66,1.66,0.0,1.05,1.05,0.0,1500.0,1500.0,0.0,0x0,0,0,0,0,D
31.4,31.9,-0.5,Fraca,Fraca,Fraca vs Fraca,1.66,1.55,0.10999999999999988,1.05,1.06,-0.010000000000000009,1500.0,1506.34,-6.339999999999918,0x1,0,1,-1,1,A
31.4,24.7,6.699999999999999,Fraca,Fraca,Fraca vs Fraca,1.66,1.09,0.5699999999999998,1.05,1.24,-0.18999999999999995,1500.0,1480.0,20.0,3x2,3,2,1,5,H
31.4,31.4,0.0,Fraca,Fraca,Fraca vs Fraca,1.66,1.66,0.0,1.05,1.05,0.0,1500.0,1500.0,0.0,3x0,3,0,3,3,H
31.4,31.4,0.0,Fraca,Fraca,Fraca vs Fraca,1.66,1.66,0.0,1.05,1.05,0.0,1500.0,1500.0,0.0,1x1,1,1,0,2,D
31.4,31.4,0.0,Fraca,Fraca,Fraca vs Fraca,1.66,1.66,0.0,1.05,1.05,0.0,1500.0,1500.0,0.0,0x3,0,3,-3,3,A
31.4,31.4,0.0,Fraca,Fraca,Fraca vs Fraca,1.66,1.66,0.0,1.05,1.05,0.0,1500.0,1500.0,0.0,0x0,0,0,0,0,D
31.4,31.4,0.0,Fraca,Fraca,Fraca vs Fraca,1.66,1.66,0.0,1.05,1.05,0.0,1500.0,1500.0,0.0,0x1,0,1,-1,1,A
31.4,20.9,10.5,Fraca,Fraca,Fraca vs Fraca,1.66,0.98,0.6799999999999999,1.05,1.4,-0.34999999999999987,1500.0,1465.22,34.77999999999997,0x1,0,1,-1,1,A
31.4,31.4,0.0,Fraca,Fraca,Fraca vs Fraca,1.66,1.66,0.0,1.05,1.05,0.0,1500.0,1500.0,0.0,1x2,1,2,-1,3,A
31.4,31.4,0.0,Fraca,Fraca,Fraca vs Fraca,1.66,1.66,0.0,1.05,1.05,0.0,1500.0,1500.0,0.0,2x0,2,0,2,2,H
31.4,31.4,0.0,Fraca,Fraca,Fraca vs Fraca,1.66,1.66,0.0,1.05,1.05,0.0,1500.0,1500.0,0.0,0x0,0,0,0,0,D
31.4,31.4,0.0,Fraca,Fraca,Fraca vs Fraca,1.66,1.66,0.0,1.05,1.05,0.0,1500.0,1500.0,0.0,3x0,3,0,3,3,H
31.4,31.4,0.0,Fraca,Fraca,Fraca vs Fraca,1.66,1.66,0.0,1.05,1.05,0.0,1500.0,1500.0,0.0,3x0,3,0,3,3,H
31.4,31.4,0.0,Fraca,Fraca,Fraca vs Fraca,1.66,1.66,0.0,1.05,1.05,0.0,1500.0,1500.0,0.0,2x0,2,0,2,2,H
31.4,31.4,0.0,Fraca,Fraca,Fraca vs Fraca,1.66,1.66,0.0,1.05,1.05,0.0,1500.0,1500.0,0.0,1x1,1,1,0,2,D
31.4,31.4,0.0,Fraca,Fraca,Fraca vs Fraca,1.66,1.66,0.0,1.05,1.05,0.0,1500.0,1500.0,0.0,0x2,0,2,-2,2,A
33.9,74.8,-40.9,Fraca,Forte,Fraca vs Forte,1.27,2.36,-1.0899999999999999,1.14,0.99,0.1499999999999999,1529.71,1756.27,-226.55999999999995,1x2,1,2,-1,3,A
70.2,35.0,35.2,Forte,Fraca,Forte vs Fraca,2.11,1.67,0.43999999999999995,0.93,1.26,-0.32999999999999996,1730.71,1532.04,198.67000000000007,6x1,6,1,5,7,H
28.6,36.7,-8.100000000000001,Fraca,Fraca,Fraca vs Fraca,1.1,1.4,-0.2999999999999998,1.13,1.45,-0.32000000000000006,1500.0,1557.47,-57.47000000000003,0x1,0,1,-1,1,A
30.2,31.4,-1.1999999999999993,Fraca,Fraca,Fraca vs Fraca,1.42,1.66,-0.24,1.24,1.05,0.18999999999999995,1506.77,1500.0,6.769999999999982,2x0,2,0,2,2,H
31.4,31.4,0.0,Fraca,Fraca,Fraca vs Fraca,1.66,1.66,0.0,1.05,1.05,0.0,1500.0,1500.0,0.0,1x3,1,3,-2,4,A
31.4,31.4,0.0,Fraca,Fraca,Fraca vs Fraca,1.66,1.66,0.0,1.05,1.05,0.0,1500.0,1500.0,0.0,2x1,2,1,1,3,H
63.7,31.4,32.300000000000004,Forte,Fraca,Forte vs Fraca,1.8,1.66,0.14000000000000012,0.64,1.05,-0.41000000000000003,1684.86,1500.0,184.8599999999999,1x0,1,0,1,1,H
19.0,31.4,-12.399999999999999,Muito Fraca,Fraca,Muito Fraca vs Fraca,1.27,1.66,-0.3899999999999999,1.26,1.05,0.20999999999999996,1440.0,1500.0,-60.0,3x1,3,1,2,4,H
31.4,31.4,0.0,Fraca,Fraca,Fraca vs Fraca,1.66,1.66,0.0,1.05,1.05,0.0,1500.0,1500.0,0.0,2x2,2,2,0,4,D
14.3,31.4,-17.099999999999998,Muito Fraca,Fraca,Muito Fraca vs Fraca,2.45,1.66,0.7900000000000003,1.26,1.05,0.20999999999999996,1380.0,1500.0,-120.0,3x2,3,2,1,5,H
67.7,89.0,-21.299999999999997,Forte,Muito Forte,Forte vs Muito Forte,2.21,2.18,0.029999999999999805,1.21,0.58,0.63,1724.15,1834.12,-109.9699999999998,1x1,1,1,0,2,D
64.4,31.4,33.00000000000001,Forte,Fraca,Forte vs Fraca,1.9,1.66,0.24,0.99,1.05,-0.06000000000000005,1702.06,1500.0,202.05999999999995,2x1,2,1,1,3,H
31.4,31.4,0.0,Fraca,Fraca,Fraca vs Fraca,1.66,1.66,0.0,1.05,1.05,0.0,1500.0,1500.0,0.0,2x0,2,0,2,2,H
31.4,31.4,0.0,Fraca,Fraca,Fraca vs Fraca,1.66,1.66,0.0,1.05,1.05,0.0,1500.0,1500.0,0.0,1x0,1,0,1,1,H
31.4,31.4,0.0,Fraca,Fraca,Fraca vs Fraca,1.66,1.66,0.0,1.05,1.05,0.0,1500.0,1500.0,0.0,0x6,0,6,-6,6,A
31.4,45.4,-14.0,Fraca,Média,Fraca vs Média,1.66,1.77,-0.1100000000000001,1.05,0.75,0.30000000000000004,1500.0,1574.01,-74.00999999999999,1x2,1,2,-1,3,A
14.8,31.4,-16.599999999999998,Muito Fraca,Fraca,Muito Fraca vs Fraca,1.15,1.66,-0.51,1.35,1.05,0.30000000000000004,1420.0,1500.0,-80.0,1x2,1,2,-1,3,A
8.1,31.4,-23.299999999999997,Muito Fraca,Fraca,Muito Fraca vs Fraca,1.59,1.66,-0.06999999999999984,1.44,1.05,0.3899999999999999,1370.0,1500.0,-130.0,1x0,1,0,1,1,H
45.4,51.6,-6.200000000000003,Média,Média,Média vs Média,1.84,1.9,-0.05999999999999983,1.07,0.9,0.17000000000000004,1585.51,1616.75,-31.24000000000001,1x2,1,2,-1,3,A
65.6,92.6,-27.0,Forte,Muito Forte,Forte vs Muito Forte,1.75,2.17,-0.41999999999999993,1.07,0.88,0.19000000000000006,1716.88,1870.0,-153.1199999999999,1x1,1,1,0,2,D
31.4,31.4,0.0,Fraca,Fraca,Fraca vs Fraca,1.66,1.66,0.0,1.05,1.05,0.0,1500.0,1500.0,0.0,1x1,1,1,0,2,D
31.4,31.4,0.0,Fraca,Fraca,Fraca vs Fraca,1.66,1.66,0.0,1.05,1.05,0.0,1500.0,1500.0,0.0,0x1,0,1,-1,1,A
49.1,20.8,28.3,Média,Fraca,Média vs Fraca,2.0,1.06,0.94,0.93,1.22,-0.2899999999999999,1599.45,1455.0,144.45000000000005,2x0,2,0,2,2,H
61.5,75.4,-13.900000000000006,Forte,Forte,Forte vs Forte,2.67,1.94,0.73,0.67,0.74,-0.06999999999999995,1650.12,1760.46,-110.34000000000015,0x1,0,1,-1,1,A
33.9,36.7,-2.8000000000000043,Fraca,Fraca,Fraca vs Fraca,1.27,1.4,-0.1299999999999999,1.14,1.45,-0.31000000000000005,1529.71,1557.47,-27.75999999999999,1x0,1,0,1,1,H
42.3,31.4,10.899999999999999,Média,Fraca,Média vs Fraca,1.56,1.66,-0.09999999999999987,0.69,1.05,-0.3600000000000001,1556.72,1500.0,56.72000000000003,1x0,1,0,1,1,H
31.4,24.6,6.799999999999997,Fraca,Fraca,Fraca vs Fraca,1.66,1.27,0.3899999999999999,1.05,1.13,-0.07999999999999985,1500.0,1470.0,30.0,1x1,1,1,0,2,D
31.4,31.4,0.0,Fraca,Fraca,Fraca vs Fraca,1.66,1.66,0.0,1.05,1.05,0.0,1500.0,1500.0,0.0,0x0,0,0,0,0,D
19.3,31.4,-12.099999999999998,Muito Fraca,Fraca,Muito Fraca vs Fraca,1.4,1.66,-0.26,1.17,1.05,0.11999999999999988,1435.0,1500.0,-65.0,2x0,2,0,2,2,H
31.4,31.4,0.0,Fraca,Fraca,Fraca vs Fraca,1.66,1.66,0.0,1.05,1.05,0.0,1500.0,1500.0,0.0,3x0,3,0,3,3,H
31.4,31.4,0.0,Fraca,Fraca,Fraca vs Fraca,1.66,1.66,0.0,1.05,1.05,0.0,1500.0,1500.0,0.0,2x0,2,0,2,2,H
77.0,55.2,21.799999999999997,Forte,Média,Forte vs Média,2.45,1.77,0.6800000000000002,0.8,1.18,-0.3799999999999999,1760.38,1654.69,105.69000000000005,4x0,4,0,4,4,H
31.4,94.9,-63.50000000000001,Fraca,Muito Forte,Fraca vs Muito Forte,1.66,2.33,-0.6700000000000002,1.05,0.79,0.26,1500.0,1877.18,-377.18000000000006,2x2,2,2,0,4,D
31.9,31.4,0.5,Fraca,Fraca,Fraca vs Fraca,1.55,1.66,-0.10999999999999988,1.06,1.05,0.010000000000000009,1506.34,1500.0,6.339999999999918,4x1,4,1,3,5,H
31.4,31.4,0.0,Fraca,Fraca,Fraca vs Fraca,1.66,1.66,0.0,1.05,1.05,0.0,1500.0,1500.0,0.0,1x2,1,2,-1,3,A
31.4,24.7,6.699999999999999,Fraca,Fraca,Fraca vs Fraca,1.66,1.09,0.5699999999999998,1.05,1.24,-0.18999999999999995,1500.0,1480.0,20.0,0x0,0,0,0,0,D
31.4,31.4,0.0,Fraca,Fraca,Fraca vs Fraca,1.66,1.66,0.0,1.05,1.05,0.0,1500.0,1500.0,0.0,0x1,0,1,-1,1,A
31.4,31.4,0.0,Fraca,Fraca,Fraca vs Fraca,1.66,1.66,0.0,1.05,1.05,0.0,1500.0,1500.0,0.0,0x2,0,2,-2,2,A
31.4,31.4,0.0,Fraca,Fraca,Fraca vs Fraca,1.66,1.66,0.0,1.05,1.05,0.0,1500.0,1500.0,0.0,2x5,2,5,-3,7,A
95.2,31.4,63.800000000000004,Muito Forte,Fraca,Muito Forte vs Fraca,2.06,1.66,0.40000000000000013,0.45,1.05,-0.6000000000000001,1873.33,1500.0,373.3299999999999,5x0,5,0,5,5,H
59.0,45.4,13.600000000000001,Média,Média,Média vs Média,1.42,1.16,0.26,0.9,0.8,0.09999999999999998,1675.75,1591.73,84.01999999999998,0x0,0,0,0,0,D
21.3,31.4,-10.099999999999998,Fraca,Fraca,Fraca vs Fraca,0.89,1.66,-0.7699999999999999,1.15,1.05,0.09999999999999987,1460.0,1500.0,-40.0,1x0,1,0,1,1,H
31.4,63.9,-32.5,Fraca,Forte,Fraca vs Forte,1.66,1.62,0.039999999999999813,1.05,0.88,0.17000000000000004,1500.0,1701.3,-201.29999999999995,0x1,0,1,-1,1,A
62.3,58.7,3.5999999999999943,Forte,Média,Forte vs Média,1.95,1.34,0.6099999999999999,0.86,0.82,0.040000000000000036,1681.88,1672.62,9.260000000000218,0x0,0,0,0,0,D
31.4,31.4,0.0,Fraca,Fraca,Fraca vs Fraca,1.66,1.66,0.0,1.05,1.05,0.0,1500.0,1500.0,0.0,2x0,2,0,2,2,H
31.4,31.4,0.0,Fraca,Fraca,Fraca vs Fraca,1.66,1.66,0.0,1.05,1.05,0.0,1500.0,1500.0,0.0,4x0,4,0,4,4,H
63.7,31.4,32.300000000000004,Forte,Fraca,Forte vs Fraca,1.8,1.66,0.14000000000000012,0.64,1.05,-0.41000000000000003,1684.86,1500.0,184.8599999999999,3x1,3,1,2,4,H
31.4,19.0,12.399999999999999,Fraca,Muito Fraca,Fraca vs Muito Fraca,1.66,1.27,0.3899999999999999,1.05,1.26,-0.20999999999999996,1500.0,1440.0,60.0,1x1,1,1,0,2,D
31.4,31.4,0.0,Fraca,Fraca,Fraca vs Fraca,1.66,1.66,0.0,1.05,1.05,0.0,1500.0,1500.0,0.0,3x1,3,1,2,4,H
31.4,14.3,17.099999999999998,Fraca,Muito Fraca,Fraca vs Muito Fraca,1.66,2.45,-0.7900000000000003,1.05,1.26,-0.20999999999999996,1500.0,1380.0,120.0,0x0,0,0,0,0,D
31.4,89.0,-57.6,Fraca,Muito Forte,Fraca vs Muito Forte,1.66,2.18,-0.5200000000000002,1.05,0.58,0.4700000000000001,1500.0,1834.12,-334.1199999999999,1x0,1,0,1,1,H
64.4,67.7,-3.299999999999997,Forte,Forte,Forte vs Forte,1.9,2.21,-0.31000000000000005,0.99,1.21,-0.21999999999999997,1702.06,1724.15,-22.090000000000146,1x1,1,1,0,2,D
31.4,28.6,2.799999999999997,Fraca,Fraca,Fraca vs Fraca,1.66,1.1,0.5599999999999998,1.05,1.13,-0.07999999999999985,1500.0,1500.0,0.0,1x0,1,0,1,1,H
31.4,31.4,0.0,Fraca,Fraca,Fraca vs Fraca,1.66,1.66,0.0,1.05,1.05,0.0,1500.0,1500.0,0.0,1x1,1,1,0,2,D
31.4,31.4,0.0,Fraca,Fraca,Fraca vs Fraca,1.66,1.66,0.0,1.05,1.05,0.0,1500.0,1500.0,0.0,2x0,2,0,2,2,H
31.4,31.4,0.0,Fraca,Fraca,Fraca vs Fraca,1.66,1.66,0.0,1.05,1.05,0.0,1500.0,1500.0,0.0,4x0,4,0,4,4,H
31.4,31.4,0.0,Fraca,Fraca,Fraca vs Fraca,1.66,1.66,0.0,1.05,1.05,0.0,1500.0,1500.0,0.0,2x0,2,0,2,2,H
31.4,31.4,0.0,Fraca,Fraca,Fraca vs Fraca,1.66,1.66,0.0,1.05,1.05,0.0,1500.0,1500.0,0.0,3x1,3,1,2,4,H
31.4,14.8,16.599999999999998,Fraca,Muito Fraca,Fraca vs Muito Fraca,1.66,1.15,0.51,1.05,1.35,-0.30000000000000004,1500.0,1420.0,80.0,0x1,0,1,-1,1,A
31.4,8.1,23.299999999999997,Fraca,Muito Fraca,Fraca vs Muito Fraca,1.66,1.59,0.06999999999999984,1.05,1.44,-0.3899999999999999,1500.0,1370.0,130.0,2x1,2,1,1,3,H
65.6,45.4,20.199999999999996,Forte,Média,Forte vs Média,1.75,1.84,-0.09000000000000008,1.07,1.07,0.0,1716.88,1585.51,131.37000000000012,0x3,0,3,-3,3,A
92.6,51.6,40.99999999999999,Muito Forte,Média,Muito Forte vs Média,2.17,1.9,0.27,0.88,0.9,-0.020000000000000018,1870.0,1616.75,253.25,1x2,1,2,-1,3,A
70.2,74.8,-4.599999999999994,Forte,Forte,Forte vs Forte,2.11,2.36,-0.25,0.93,0.99,-0.05999999999999994,1730.71,1756.27,-25.559999999999945,1x4,1,4,-3,5,A
31.4,31.4,0.0,Fraca,Fraca,Fraca vs Fraca,1.66,1.66,0.0,1.05,1.05,0.0,1500.0,1500.0,0.0,0x1,0,1,-1,1,A
31.4,31.4,0.0,Fraca,Fraca,Fraca vs Fraca,1.66,1.66,0.0,1.05,1.05,0.0,1500.0,1500.0,0.0,0x2,0,2,-2,2,A
31.4,31.4,0.0,Fraca,Fraca,Fraca vs Fraca,1.66,1.66,0.0,1.05,1.05,0.0,1500.0,1500.0,0.0,4x0,4,0,4,4,H
36.3,19.3,16.999999999999996,Fraca,Muito Fraca,Fraca vs Muito Fraca,1.61,1.4,0.2100000000000002,1.23,1.17,0.06000000000000005,1540.43,1435.0,105.43000000000006,2x0,2,0,2,2,H
31.4,31.4,0.0,Fraca,Fraca,Fraca vs Fraca,1.66,1.66,0.0,1.05,1.05,0.0,1500.0,1500.0,0.0,2x1,2,1,1,3,H
31.4,31.4,0.0,Fraca,Fraca,Fraca vs Fraca,1.66,1.66,0.0,1.05,1.05,0.0,1500.0,1500.0,0.0,2x0,2,0,2,2,H
31.4,55.2,-23.800000000000004,Fraca,Média,Fraca vs Média,1.66,1.77,-0.1100000000000001,1.05,1.18,-0.1299999999999999,1500.0,1654.69,-154.69000000000005,2x1,2,1,1,3,H
94.9,77.0,17.900000000000006,Muito Forte,Forte,Muito Forte vs Forte,2.33,2.45,-0.1200000000000001,0.79,0.8,-0.010000000000000009,1877.18,1760.38,116.79999999999995,1x1,1,1,0,2,D
31.4,31.4,0.0,Fraca,Fraca,Fraca vs Fraca,1.66,1.66,0.0,1.05,1.05,0.0,1500.0,1500.0,0.0,2x2,2,2,0,4,D
31.9,31.4,0.5,Fraca,Fraca,Fraca vs Fraca,1.55,1.66,-0.10999999999999988,1.06,1.05,0.010000000000000009,1506.34,1500.0,6.339999999999918,0x1,0,1,-1,1,A
31.4,31.4,0.0,Fraca,Fraca,Fraca vs Fraca,1.66,1.66,0.0,1.05,1.05,0.0,1500.0,1500.0,0.0,0x2,0,2,-2,2,A
24.7,31.4,-6.699999999999999,Fraca,Fraca,Fraca vs Fraca,1.09,1.66,-0.5699999999999998,1.24,1.05,0.18999999999999995,1480.0,1500.0,-20.0,0x1,0,1,-1,1,A
31.4,31.4,0.0,Fraca,Fraca,Fraca vs Fraca,1.66,1.66,0.0,1.05,1.05,0.0,1500.0,1500.0,0.0,1x1,1,1,0,2,D
45.4,44.7,0.6999999999999957,Média,Média,Média vs Média,1.16,1.56,-0.40000000000000013,0.8,0.91,-0.10999999999999999,1591.73,1581.56,10.170000000000073,1x0,1,0,1,1,H
61.5,27.4,34.1,Forte,Fraca,Forte vs Fraca,2.67,0.87,1.7999999999999998,0.67,1.2,-0.5299999999999999,1650.12,1501.5,148.6199999999999,4x1,4,1,3,5,H
49.1,75.4,-26.300000000000004,Média,Forte,Média vs Forte,2.0,1.94,0.06000000000000005,0.93,0.74,0.19000000000000006,1599.45,1760.46,-161.01,1x5,1,5,-4,6,A
59.0,58.7,0.29999999999999716,Média,Média,Média vs Média,1.42,1.34,0.07999999999999985,0.9,0.82,0.08000000000000007,1675.75,1672.62,3.130000000000109,0x3,0,3,-3,3,A
64.4,95.2,-30.799999999999997,Forte,Muito Forte,Forte vs Muito Forte,1.9,2.06,-0.16000000000000014,0.99,0.45,0.54,1702.06,1873.33,-171.26999999999998,0x3,0,3,-3,3,A
30.2,36.7,-6.5000000000000036,Fraca,Fraca,Fraca vs Fraca,1.42,1.4,0.020000000000000018,1.24,1.45,-0.20999999999999996,1506.77,1557.47,-50.700000000000045,1x3,1,3,-2,4,A
24.6,31.4,-6.799999999999997,Fraca,Fraca,Fraca vs Fraca,1.27,1.66,-0.3899999999999999,1.13,1.05,0.07999999999999985,1470.0,1500.0,-30.0,3x0,3,0,3,3,H
35.0,33.9,1.1000000000000014,Fraca,Fraca,Fraca vs Fraca,1.67,1.27,0.3999999999999999,1.26,1.14,0.1200000000000001,1532.04,1529.71,2.3299999999999272,2x1,2,1,1,3,H
45.4,31.4,14.0,Média,Fraca,Média vs Fraca,1.77,1.66,0.1100000000000001,0.75,1.05,-0.30000000000000004,1574.01,1500.0,74.00999999999999,2x1,2,1,1,3,H
31.4,31.4,0.0,Fraca,Fraca,Fraca vs Fraca,1.66,1.66,0.0,1.05,1.05,0.0,1500.0,1500.0,0.0,0x0,0,0,0,0,D
31.4,20.9,10.5,Fraca,Fraca,Fraca vs Fraca,1.66,0.98,0.6799999999999999,1.05,1.4,-0.34999999999999987,1500.0,1465.22,34.77999999999997,0x1,0,1,-1,1,A
31.4,31.4,0.0,Fraca,Fraca,Fraca vs Fraca,1.66,1.66,0.0,1.05,1.05,0.0,1500.0,1500.0,0.0,1x0,1,0,1,1,H
62.3,73.4,-11.100000000000009,Forte,Forte,Forte vs Forte,1.95,1.98,-0.030000000000000027,0.86,0.46,0.39999999999999997,1681.88,1736.56,-54.679999999999836,3x0,3,0,3,3,H
31.4,31.4,0.0,Fraca,Fraca,Fraca vs Fraca,1.66,1.66,0.0,1.05,1.05,0.0,1500.0,1500.0,0.0,2x0,2,0,2,2,H
31.4,31.4,0.0,Fraca,Fraca,Fraca vs Fraca,1.66,1.66,0.0,1.05,1.05,0.0,1500.0,1500.0,0.0,1x2,1,2,-1,3,A
8.1,31.4,-23.299999999999997,Muito Fraca,Fraca,Muito Fraca vs Fraca,1.59,1.66,-0.06999999999999984,1.44,1.05,0.3899999999999999,1370.0,1500.0,-130.0,1x0,1,0,1,1,H
31.4,31.4,0.0,Fraca,Fraca,Fraca vs Fraca,1.66,1.66,0.0,1.05,1.05,0.0,1500.0,1500.0,0.0,1x1,1,1,0,2,D
31.4,31.4,0.0,Fraca,Fraca,Fraca vs Fraca,1.66,1.66,0.0,1.05,1.05,0.0,1500.0,1500.0,0.0,0x2,0,2,-2,2,A
59.0,44.7,14.299999999999997,Média,Média,Média vs Média,1.42,1.56,-0.14000000000000012,0.9,0.91,-0.010000000000000009,1675.75,1581.56,94.19000000000005,2x1,2,1,1,3,H
31.4,31.4,0.0,Fraca,Fraca,Fraca vs Fraca,1.66,1.66,0.0,1.05,1.05,0.0,1500.0,1500.0,0.0,1x0,1,0,1,1,H
31.4,31.4,0.0,Fraca,Fraca,Fraca vs Fraca,1.66,1.66,0.0,1.05,1.05,0.0,1500.0,1500.0,0.0,3x1,3,1,2,4,H
59.0,31.4,27.6,Média,Fraca,Média vs Fraca,1.42,1.66,-0.24,0.9,1.05,-0.15000000000000002,1675.75,1500.0,175.75,0x0,0,0,0,0,D
31.4,31.4,0.0,Fraca,Fraca,Fraca vs Fraca,1.66,1.66,0.0,1.05,1.05,0.0,1500.0,1500.0,0.0,0x4,0,4,-4,4,A
59.0,31.4,27.6,Média,Fraca,Média vs Fraca,1.42,1.66,-0.24,0.9,1.05,-0.15000000000000002,1675.75,1500.0,175.75,2x0,2,0,2,2,H
19.3,62.3,-43.0,Muito Fraca,Forte,Muito Fraca vs Forte,1.4,1.95,-0.55,1.17,0.86,0.30999999999999994,1435.0,1681.88,-246.8800000000001,2x0,2,0,2,2,H
36.3,42.6,-6.300000000000004,Fraca,Média,Fraca vs Média,1.61,1.88,-0.2699999999999998,1.23,0.89,0.33999999999999997,1540.43,1559.15,-18.720000000000027,1x0,1,0,1,1,H
19.0,14.8,4.199999999999999,Muito Fraca,Muito Fraca,Muito Fraca vs Muito Fraca,1.27,1.15,0.1200000000000001,1.26,1.35,-0.09000000000000008,1440.0,1420.0,20.0,2x1,2,1,1,3,H
31.4,31.4,0.0,Fraca,Fraca,Fraca vs Fraca,1.66,1.66,0.0,1.05,1.05,0.0,1500.0,1500.0,0.0,0x5,0,5,-5,5,A
31.4,28.9,2.5,Fraca,Fraca,Fraca vs Fraca,1.66,1.38,0.28,1.05,0.83,0.22000000000000008,1500.0,1482.39,17.6099999999999,1x2,1,2,-1,3,A
73.4,31.4,42.00000000000001,Forte,Fraca,Forte vs Fraca,1.98,1.66,0.32000000000000006,0.46,1.05,-0.5900000000000001,1736.56,1500.0,236.55999999999995,4x1,4,1,3,5,H
44.7,24.6,20.1,Média,Fraca,Média vs Fraca,1.56,1.27,0.29000000000000004,0.91,1.13,-0.21999999999999986,1581.56,1470.0,111.55999999999995,1x1,1,1,0,2,D
63.7,42.3,21.400000000000006,Forte,Média,Forte vs Média,1.8,1.56,0.24,0.64,0.69,-0.04999999999999993,1684.86,1556.72,128.13999999999987,1x0,1,0,1,1,H
31.4,31.4,0.0,Fraca,Fraca,Fraca vs Fraca,1.66,1.66,0.0,1.05,1.05,0.0,1500.0,1500.0,0.0,0x0,0,0,0,0,D
53.5,31.4,22.1,Média,Fraca,Média vs Fraca,2.07,1.66,0.4099999999999999,0.73,1.05,-0.32000000000000006,1617.02,1500.0,117.01999999999998,2x0,2,0,2,2,H
31.4,31.4,0.0,Fraca,Fraca,Fraca vs Fraca,1.66,1.66,0.0,1.05,1.05,0.0,1500.0,1500.0,0.0,1x1,1,1,0,2,D
31.4,49.1,-17.700000000000003,Fraca,Média,Fraca vs Média,1.66,2.0,-0.3400000000000001,1.05,0.93,0.12,1500.0,1599.45,-99.45000000000005,1x0,1,0,1,1,H
61.5,31.4,30.1,Forte,Fraca,Forte vs Fraca,2.67,1.66,1.01,0.67,1.05,-0.38,1650.12,1500.0,150.1199999999999,1x1,1,1,0,2,D
31.4,31.4,0.0,Fraca,Fraca,Fraca vs Fraca,1.66,1.66,0.0,1.05,1.05,0.0,1500.0,1500.0,0.0,2x0,2,0,2,2,H
31.4,45.4,-14.0,Fraca,Média,Fraca vs Média,1.66,1.77,-0.1100000000000001,1.05,0.75,0.30000000000000004,1500.0,1574.01,-74.00999999999999,1x0,1,0,1,1,H
45.4,95.2,-49.800000000000004,Média,Muito Forte,Média vs Muito Forte,1.16,2.06,-0.9000000000000001,0.8,0.45,0.35000000000000003,1591.73,1873.33,-281.5999999999999,1x1,1,1,0,2,D
21.3,27.4,-6.099999999999998,Fraca,Fraca,Fraca vs Fraca,0.89,0.87,0.020000000000000018,1.15,1.2,-0.050000000000000044,1460.0,1501.5,-41.5,2x0,2,0,2,2,H
8.1,75.4,-67.30000000000001,Muito Fraca,Forte,Muito Fraca vs Forte,0.92,1.94,-1.02,1.98,0.74,1.24,1410.0,1760.46,-350.46000000000004,0x4,0,4,-4,4,A
20.9,63.9,-43.0,Fraca,Forte,Fraca vs Forte,0.98,1.62,-0.6400000000000001,1.4,0.88,0.5199999999999999,1465.22,1701.3,-236.07999999999993,0x1,0,1,-1,1,A
20.8,58.7,-37.900000000000006,Fraca,Média,Fraca vs Média,1.06,1.34,-0.28,1.22,0.82,0.4,1455.0,1672.62,-217.6199999999999,0x2,0,2,-2,2,A
35.0,31.4,3.6000000000000014,Fraca,Fraca,Fraca vs Fraca,1.67,1.66,0.010000000000000009,1.26,1.05,0.20999999999999996,1532.04,1500.0,32.039999999999964,2x0,2,0,2,2,H
77.0,31.4,45.6,Forte,Fraca,Forte vs Fraca,2.45,1.66,0.7900000000000003,0.8,1.05,-0.25,1760.38,1500.0,260.3800000000001,2x0,2,0,2,2,H
31.4,31.4,0.0,Fraca,Fraca,Fraca vs Fraca,1.66,1.66,0.0,1.05,1.05,0.0,1500.0,1500.0,0.0,0x0,0,0,0,0,D
45.4,30.2,15.2,Média,Fraca,Média vs Fraca,1.84,1.42,0.42000000000000015,1.07,1.24,-0.16999999999999993,1585.51,1506.77,78.74000000000001,2x2,2,2,0,4,D
70.2,31.4,38.800000000000004,Forte,Fraca,Forte vs Fraca,2.11,1.66,0.44999999999999996,0.93,1.05,-0.12,1730.71,1500.0,230.71000000000004,3x0,3,0,3,3,H
65.6,31.4,34.199999999999996,Forte,Fraca,Forte vs Fraca,1.75,1.66,0.09000000000000008,1.07,1.05,0.020000000000000018,1716.88,1500.0,216.8800000000001,2x1,2,1,1,3,H
51.6,31.9,19.700000000000003,Média,Fraca,Média vs Fraca,1.9,1.55,0.34999999999999987,0.9,1.06,-0.16000000000000003,1616.75,1506.34,110.41000000000008,3x0,3,0,3,3,H
89.0,31.4,57.6,Muito Forte,Fraca,Muito Forte vs Fraca,2.18,1.66,0.5200000000000002,0.58,1.05,-0.4700000000000001,1834.12,1500.0,334.1199999999999,3x0,3,0,3,3,H
31.4,31.4,0.0,Fraca,Fraca,Fraca vs Fraca,1.66,1.66,0.0,1.05,1.05,0.0,1500.0,1500.0,0.0,0x2,0,2,-2,2,A
92.6,31.4,61.199999999999996,Muito Forte,Fraca,Muito Forte vs Fraca,2.17,1.66,0.51,0.88,1.05,-0.17000000000000004,1870.0,1500.0,370.0,5x0,5,0,5,5,H
31.4,31.4,0.0,Fraca,Fraca,Fraca vs Fraca,1.66,1.66,0.0,1.05,1.05,0.0,1500.0,1500.0,0.0,2x2,2,2,0,4,D
74.8,67.7,7.099999999999994,Forte,Forte,Forte vs Forte,2.36,2.21,0.1499999999999999,0.99,1.21,-0.21999999999999997,1756.27,1724.15,32.11999999999989,1x1,1,1,0,2,D
24.7,31.4,-6.699999999999999,Fraca,Fraca,Fraca vs Fraca,1.09,1.66,-0.5699999999999998,1.24,1.05,0.18999999999999995,1480.0,1500.0,-20.0,0x1,0,1,-1,1,A
31.4,31.4,0.0,Fraca,Fraca,Fraca vs Fraca,1.66,1.66,0.0,1.05,1.05,0.0,1500.0,1500.0,0.0,9x0,9,0,9,9,H
31.4,31.4,0.0,Fraca,Fraca,Fraca vs Fraca,1.66,1.66,0.0,1.05,1.05,0.0,1500.0,1500.0,0.0,0x0,0,0,0,0,D
28.6,31.4,-2.799999999999997,Fraca,Fraca,Fraca vs Fraca,1.1,1.66,-0.5599999999999998,1.13,1.05,0.07999999999999985,1500.0,1500.0,0.0,1x0,1,0,1,1,H
31.4,31.4,0.0,Fraca,Fraca,Fraca vs Fraca,1.66,1.66,0.0,1.05,1.05,0.0,1500.0,1500.0,0.0,2x0,2,0,2,2,H
94.9,31.4,63.50000000000001,Muito Forte,Fraca,Muito Forte vs Fraca,2.33,1.66,0.6700000000000002,0.79,1.05,-0.26,1877.18,1500.0,377.18000000000006,5x0,5,0,5,5,H
55.2,31.4,23.800000000000004,Média,Fraca,Média vs Fraca,1.77,1.66,0.1100000000000001,1.18,1.05,0.1299999999999999,1654.69,1500.0,154.69000000000005,1x1,1,1,0,2,D
8.1,31.4,-23.299999999999997,Muito Fraca,Fraca,Muito Fraca vs Fraca,1.59,1.66,-0.06999999999999984,1.44,1.05,0.3899999999999999,1370.0,1500.0,-130.0,1x1,1,1,0,2,D
31.4,64.4,-33.00000000000001,Fraca,Forte,Fraca vs Forte,1.66,1.9,-0.24,1.05,0.99,0.06000000000000005,1500.0,1702.06,-202.05999999999995,2x3,2,3,-1,5,A
33.9,31.4,2.5,Fraca,Fraca,Fraca vs Fraca,1.27,1.66,-0.3899999999999999,1.14,1.05,0.08999999999999986,1529.71,1500.0,29.710000000000036,1x1,1,1,0,2,D
31.4,31.4,0.0,Fraca,Fraca,Fraca vs Fraca,1.66,1.66,0.0,1.05,1.05,0.0,1500.0,1500.0,0.0,4x2,4,2,2,6,H
31.4,31.4,0.0,Fraca,Fraca,Fraca vs Fraca,1.66,1.66,0.0,1.05,1.05,0.0,1500.0,1500.0,0.0,1x0,1,0,1,1,H
31.4,31.4,0.0,Fraca,Fraca,Fraca vs Fraca,1.66,1.66,0.0,1.05,1.05,0.0,1500.0,1500.0,0.0,1x2,1,2,-1,3,A
31.4,19.3,12.099999999999998,Fraca,Muito Fraca,Fraca vs Muito Fraca,1.66,1.4,0.26,1.05,1.17,-0.11999999999999988,1500.0,1435.0,65.0,1x2,1,2,-1,3,A
42.6,19.0,23.6,Média,Muito Fraca,Média vs Muito Fraca,1.88,1.27,0.6099999999999999,0.89,1.26,-0.37,1559.15,1440.0,119.15000000000009,4x0,4,0,4,4,H
14.8,59.0,-44.2,Muito Fraca,Média,Muito Fraca vs Média,1.15,1.42,-0.27,1.35,0.9,0.45000000000000007,1420.0,1675.75,-255.75,0x1,0,1,-1,1,A
62.3,36.3,26.0,Forte,Fraca,Forte vs Fraca,1.95,1.61,0.33999999999999986,0.86,1.23,-0.37,1681.88,1540.43,141.45000000000005,5x1,5,1,4,6,H
31.4,31.4,0.0,Fraca,Fraca,Fraca vs Fraca,1.66,1.66,0.0,1.05,1.05,0.0,1500.0,1500.0,0.0,1x0,1,0,1,1,H
31.4,31.4,0.0,Fraca,Fraca,Fraca vs Fraca,1.66,1.66,0.0,1.05,1.05,0.0,1500.0,1500.0,0.0,3x2,3,2,1,5,H
31.4,31.4,0.0,Fraca,Fraca,Fraca vs Fraca,1.66,1.66,0.0,1.05,1.05,0.0,1500.0,1500.0,0.0,0x3,0,3,-3,3,A
31.4,31.4,0.0,Fraca,Fraca,Fraca vs Fraca,1.66,1.66,0.0,1.05,1.05,0.0,1500.0,1500.0,0.0,2x1,2,1,1,3,H
31.4,14.3,17.099999999999998,Fraca,Muito Fraca,Fraca vs Muito Fraca,1.66,2.45,-0.7900000000000003,1.05,1.26,-0.20999999999999996,1500.0,1380.0,120.0,2x1,2,1,1,3,H
31.4,31.4,0.0,Fraca,Fraca,Fraca vs Fraca,1.66,1.66,0.0,1.05,1.05,0.0,1500.0,1500.0,0.0,1x0,1,0,1,1,H
31.4,31.4,0.0,Fraca,Fraca,Fraca vs Fraca,1.66,1.66,0.0,1.05,1.05,0.0,1500.0,1500.0,0.0,3x0,3,0,3,3,H
65.6,31.4,34.199999999999996,Forte,Fraca,Forte vs Fraca,1.75,1.66,0.09000000000000008,1.07,1.05,0.020000000000000018,1716.88,1500.0,216.8800000000001,1x1,1,1,0,2,D
89.0,55.2,33.8,Muito Forte,Média,Muito Forte vs Média,2.18,1.77,0.41000000000000014,0.58,1.18,-0.6,1834.12,1654.69,179.42999999999984,2x1,2,1,1,3,H
31.4,31.4,0.0,Fraca,Fraca,Fraca vs Fraca,1.66,1.66,0.0,1.05,1.05,0.0,1500.0,1500.0,0.0,1x1,1,1,0,2,D
67.7,31.4,36.300000000000004,Forte,Fraca,Forte vs Fraca,2.21,1.66,0.55,1.21,1.05,0.15999999999999992,1724.15,1500.0,224.1500000000001,2x0,2,0,2,2,H
74.8,51.6,23.199999999999996,Forte,Média,Forte vs Média,2.36,1.9,0.45999999999999996,0.99,0.9,0.08999999999999997,1756.27,1616.75,139.51999999999998,4x2,4,2,2,6,H
31.4,31.4,0.0,Fraca,Fraca,Fraca vs Fraca,1.66,1.66,0.0,1.05,1.05,0.0,1500.0,1500.0,0.0,2x1,2,1,1,3,H
28.6,70.2,-41.6,Fraca,Forte,Fraca vs Forte,1.1,2.11,-1.0099999999999998,1.13,0.93,0.19999999999999984,1500.0,1730.71,-230.71000000000004,2x2,2,2,0,4,D
94.9,31.4,63.50000000000001,Muito Forte,Fraca,Muito Forte vs Fraca,2.33,1.66,0.6700000000000002,0.79,1.05,-0.26,1877.18,1500.0,377.18000000000006,2x1,2,1,1,3,H
28.9,31.4,-2.5,Fraca,Fraca,Fraca vs Fraca,1.38,1.66,-0.28,0.83,1.05,-0.22000000000000008,1482.39,1500.0,-17.6099999999999,0x1,0,1,-1,1,A
31.4,73.4,-42.00000000000001,Fraca,Forte,Fraca vs Forte,1.66,1.98,-0.32000000000000006,1.05,0.46,0.5900000000000001,1500.0,1736.56,-236.55999999999995,1x1,1,1,0,2,D
42.3,63.7,-21.400000000000006,Média,Forte,Média vs Forte,1.56,1.8,-0.24,0.69,0.64,0.04999999999999993,1556.72,1684.86,-128.13999999999987,1x0,1,0,1,1,H
24.6,44.7,-20.1,Fraca,Média,Fraca vs Média,1.27,1.56,-0.29000000000000004,1.13,0.91,0.21999999999999986,1470.0,1581.56,-111.55999999999995,0x0,0,0,0,0,D
31.4,31.4,0.0,Fraca,Fraca,Fraca vs Fraca,1.66,1.66,0.0,1.05,1.05,0.0,1500.0,1500.0,0.0,0x1,0,1,-1,1,A
95.2,20.9,74.30000000000001,Muito Forte,Fraca,Muito Forte vs Fraca,2.06,0.98,1.08,0.45,1.4,-0.95,1873.33,1465.22,408.1099999999999,3x0,3,0,3,3,H
31.4,31.4,0.0,Fraca,Fraca,Fraca vs Fraca,1.66,1.66,0.0,1.05,1.05,0.0,1500.0,1500.0,0.0,1x3,1,3,-2,4,A
92.6,31.4,61.199999999999996,Muito Forte,Fraca,Muito Forte vs Fraca,2.17,1.66,0.51,0.88,1.05,-0.17000000000000004,1870.0,1500.0,370.0,2x1,2,1,1,3,H
31.4,24.7,6.699999999999999,Fraca,Fraca,Fraca vs Fraca,1.66,1.09,0.5699999999999998,1.05,1.24,-0.18999999999999995,1500.0,1480.0,20.0,1x3,1,3,-2,4,A
31.4,31.4,0.0,Fraca,Fraca,Fraca vs Fraca,1.66,1.66,0.0,1.05,1.05,0.0,1500.0,1500.0,0.0,2x0,2,0,2,2,H
31.4,31.4,0.0,Fraca,Fraca,Fraca vs Fraca,1.66,1.66,0.0,1.05,1.05,0.0,1500.0,1500.0,0.0,0x1,0,1,-1,1,A
31.4,31.4,0.0,Fraca,Fraca,Fraca vs Fraca,1.66,1.66,0.0,1.05,1.05,0.0,1500.0,1500.0,0.0,0x0,0,0,0,0,D
31.4,31.4,0.0,Fraca,Fraca,Fraca vs Fraca,1.66,1.66,0.0,1.05,1.05,0.0,1500.0,1500.0,0.0,1x1,1,1,0,2,D
8.1,31.4,-23.299999999999997,Muito Fraca,Fraca,Muito Fraca vs Fraca,1.59,1.66,-0.06999999999999984,1.44,1.05,0.3899999999999999,1370.0,1500.0,-130.0,9x0,9,0,9,9,H
31.4,31.4,0.0,Fraca,Fraca,Fraca vs Fraca,1.66,1.66,0.0,1.05,1.05,0.0,1500.0,1500.0,0.0,3x1,3,1,2,4,H
19.0,31.4,-12.399999999999999,Muito Fraca,Fraca,Muito Fraca vs Fraca,1.27,1.66,-0.3899999999999999,1.26,1.05,0.20999999999999996,1440.0,1500.0,-60.0,1x1,1,1,0,2,D
59.0,62.3,-3.299999999999997,Média,Forte,Média vs Forte,1.42,1.95,-0.53,0.9,0.86,0.040000000000000036,1675.75,1681.88,-6.130000000000109,0x0,0,0,0,0,D
36.3,14.8,21.499999999999996,Fraca,Muito Fraca,Fraca vs Muito Fraca,1.61,1.15,0.4600000000000002,1.23,1.35,-0.1200000000000001,1540.43,1420.0,120.43000000000006,1x1,1,1,0,2,D
19.3,42.6,-23.3,Muito Fraca,Média,Muito Fraca vs Média,1.4,1.88,-0.48,1.17,0.89,0.2799999999999999,1435.0,1559.15,-124.15000000000009,1x0,1,0,1,1,H
31.4,31.4,0.0,Fraca,Fraca,Fraca vs Fraca,1.66,1.66,0.0,1.05,1.05,0.0,1500.0,1500.0,0.0,0x3,0,3,-3,3,A
31.4,31.4,0.0,Fraca,Fraca,Fraca vs Fraca,1.66,1.66,0.0,1.05,1.05,0.0,1500.0,1500.0,0.0,1x0,1,0,1,1,H
49.1,53.5,-4.399999999999999,Média,Média,Média vs Média,2.0,2.07,-0.06999999999999984,0.93,0.73,0.20000000000000007,1599.45,1617.02,-17.569999999999936,2x0,2,0,2,2,H
31.4,31.4,0.0,Fraca,Fraca,Fraca vs Fraca,1.66,1.66,0.0,1.05,1.05,0.0,1500.0,1500.0,0.0,1x1,1,1,0,2,D
31.4,31.4,0.0,Fraca,Fraca,Fraca vs Fraca,1.66,1.66,0.0,1.05,1.05,0.0,1500.0,1500.0,0.0,0x1,0,1,-1,1,A
45.4,61.5,-16.1,Média,Forte,Média vs Forte,1.77,2.67,-0.8999999999999999,0.75,0.67,0.07999999999999996,1574.01,1650.12,-76.1099999999999,0x2,0,2,-2,2,A
31.4,31.4,0.0,Fraca,Fraca,Fraca vs Fraca,1.66,1.66,0.0,1.05,1.05,0.0,1500.0,1500.0,0.0,3x1,3,1,2,4,H
31.4,31.4,0.0,Fraca,Fraca,Fraca vs Fraca,1.66,1.66,0.0,1.05,1.05,0.0,1500.0,1500.0,0.0,1x2,1,2,-1,3,A
31.4,31.4,0.0,Fraca,Fraca,Fraca vs Fraca,1.66,1.66,0.0,1.05,1.05,0.0,1500.0,1500.0,0.0,7x1,7,1,6,8,H
63.9,8.1,55.8,Forte,Muito Fraca,Forte vs Muito Fraca,1.62,0.92,0.7000000000000001,0.88,1.98,-1.1,1701.3,1410.0,291.29999999999995,3x0,3,0,3,3,H
75.4,20.8,54.60000000000001,Forte,Fraca,Forte vs Fraca,1.94,1.06,0.8799999999999999,0.74,1.22,-0.48,1760.46,1455.0,305.46000000000004,4x0,4,0,4,4,H
27.4,45.4,-18.0,Fraca,Média,Fraca vs Média,0.87,1.16,-0.2899999999999999,1.2,0.8,0.3999999999999999,1501.5,1591.73,-90.23000000000002,3x1,3,1,2,4,H
58.7,21.3,37.400000000000006,Média,Fraca,Média vs Fraca,1.34,0.89,0.45000000000000007,0.82,1.15,-0.32999999999999996,1672.62,1460.0,212.6199999999999,1x0,1,0,1,1,H
64.4,31.4,33.00000000000001,Forte,Fraca,Forte vs Fraca,1.9,1.66,0.24,0.99,1.05,-0.06000000000000005,1702.06,1500.0,202.05999999999995,0x1,0,1,-1,1,A
77.0,31.4,45.6,Forte,Fraca,Forte vs Fraca,2.45,1.66,0.7900000000000003,0.8,1.05,-0.25,1760.38,1500.0,260.3800000000001,3x1,3,1,2,4,H
31.4,31.4,0.0,Fraca,Fraca,Fraca vs Fraca,1.66,1.66,0.0,1.05,1.05,0.0,1500.0,1500.0,0.0,1x0,1,0,1,1,H
33.9,45.4,-11.5,Fraca,Média,Fraca vs Média,1.27,1.84,-0.5700000000000001,1.14,1.07,0.06999999999999984,1529.71,1585.51,-55.799999999999955,2x1,2,1,1,3,H
31.4,31.4,0.0,Fraca,Fraca,Fraca vs Fraca,1.66,1.66,0.0,1.05,1.05,0.0,1500.0,1500.0,0.0,1x0,1,0,1,1,H
31.4,31.9,-0.5,Fraca,Fraca,Fraca vs Fraca,1.66,1.55,0.10999999999999988,1.05,1.06,-0.010000000000000009,1500.0,1506.34,-6.339999999999918,0x1,0,1,-1,1,A
31.4,31.4,0.0,Fraca,Fraca,Fraca vs Fraca,1.66,1.66,0.0,1.05,1.05,0.0,1500.0,1500.0,0.0,5x0,5,0,5,5,H
30.2,35.0,-4.800000000000001,Fraca,Fraca,Fraca vs Fraca,1.42,1.67,-0.25,1.24,1.26,-0.020000000000000018,1506.77,1532.04,-25.269999999999982,1x1,1,1,0,2,D
31.4,31.4,0.0,Fraca,Fraca,Fraca vs Fraca,1.66,1.66,0.0,1.05,1.05,0.0,1500.0,1500.0,0.0,2x0,2,0,2,2,H
31.4,31.4,0.0,Fraca,Fraca,Fraca vs Fraca,1.66,1.66,0.0,1.05,1.05,0.0,1500.0,1500.0,0.0,2x1,2,1,1,3,H
31.4,31.4,0.0,Fraca,Fraca,Fraca vs Fraca,1.66,1.66,0.0,1.05,1.05,0.0,1500.0,1500.0,0.0,2x0,2,0,2,2,H
31.4,31.4,0.0,Fraca,Fraca,Fraca vs Fraca,1.66,1.66,0.0,1.05,1.05,0.0,1500.0,1500.0,0.0,1x0,1,0,1,1,H
31.4,31.4,0.0,Fraca,Fraca,Fraca vs Fraca,1.66,1.66,0.0,1.05,1.05,0.0,1500.0,1500.0,0.0,4x0,4,0,4,4,H
31.4,31.4,0.0,Fraca,Fraca,Fraca vs Fraca,1.66,1.66,0.0,1.05,1.05,0.0,1500.0,1500.0,0.0,0x1,0,1,-1,1,A
31.4,31.4,0.0,Fraca,Fraca,Fraca vs Fraca,1.66,1.66,0.0,1.05,1.05,0.0,1500.0,1500.0,0.0,1x2,1,2,-1,3,A
31.4,31.4,0.0,Fraca,Fraca,Fraca vs Fraca,1.66,1.66,0.0,1.05,1.05,0.0,1500.0,1500.0,0.0,3x1,3,1,2,4,H
31.4,31.4,0.0,Fraca,Fraca,Fraca vs Fraca,1.66,1.66,0.0,1.05,1.05,0.0,1500.0,1500.0,0.0,0x2,0,2,-2,2,A
63.7,42.3,21.400000000000006,Forte,Média,Forte vs Média,1.8,1.56,0.24,0.64,0.69,-0.04999999999999993,1684.86,1556.72,128.13999999999987,0x0,0,0,0,0,D
28.9,31.4,-2.5,Fraca,Fraca,Fraca vs Fraca,1.38,1.66,-0.28,0.83,1.05,-0.22000000000000008,1482.39,1500.0,-17.6099999999999,3x3,3,3,0,6,D
28.9,42.3,-13.399999999999999,Fraca,Média,Fraca vs Média,1.38,1.56,-0.18000000000000016,0.83,0.69,0.14,1482.39,1556.72,-74.32999999999993,0x0,0,0,0,0,D
31.4,63.7,-32.300000000000004,Fraca,Forte,Fraca vs Forte,1.66,1.8,-0.14000000000000012,1.05,0.64,0.41000000000000003,1500.0,1684.86,-184.8599999999999,1x3,1,3,-2,4,A
62.3,14.8,47.5,Forte,Muito Fraca,Forte vs Muito Fraca,1.95,1.15,0.8,0.86,1.35,-0.4900000000000001,1681.88,1420.0,261.8800000000001,3x0,3,0,3,3,H
19.0,19.3,-0.3000000000000007,Muito Fraca,Muito Fraca,Muito Fraca vs Muito Fraca,1.27,1.4,-0.1299999999999999,1.26,1.17,0.09000000000000008,1440.0,1435.0,5.0,0x1,0,1,-1,1,A
31.4,42.6,-11.200000000000003,Fraca,Média,Fraca vs Média,1.66,1.88,-0.21999999999999997,1.05,0.89,0.16000000000000003,1500.0,1559.15,-59.15000000000009,0x2,0,2,-2,2,A
59.0,36.3,22.700000000000003,Média,Fraca,Média vs Fraca,1.42,1.61,-0.19000000000000017,0.9,1.23,-0.32999999999999996,1675.75,1540.43,135.31999999999994,1x0,1,0,1,1,H
31.4,31.4,0.0,Fraca,Fraca,Fraca vs Fraca,1.66,1.66,0.0,1.05,1.05,0.0,1500.0,1500.0,0.0,1x1,1,1,0,2,D
53.5,31.4,22.1,Média,Fraca,Média vs Fraca,2.07,1.66,0.4099999999999999,0.73,1.05,-0.32000000000000006,1617.02,1500.0,117.01999999999998,1x0,1,0,1,1,H
31.4,49.1,-17.700000000000003,Fraca,Média,Fraca vs Média,1.66,2.0,-0.3400000000000001,1.05,0.93,0.12,1500.0,1599.45,-99.45000000000005,0x2,0,2,-2,2,A
31.4,31.4,0.0,Fraca,Fraca,Fraca vs Fraca,1.66,1.66,0.0,1.05,1.05,0.0,1500.0,1500.0,0.0,3x1,3,1,2,4,H
61.5,31.4,30.1,Forte,Fraca,Forte vs Fraca,2.67,1.66,1.01,0.67,1.05,-0.38,1650.12,1500.0,150.1199999999999,2x0,2,0,2,2,H
31.4,45.4,-14.0,Fraca,Média,Fraca vs Média,1.66,1.77,-0.1100000000000001,1.05,0.75,0.30000000000000004,1500.0,1574.01,-74.00999999999999,2x2,2,2,0,4,D
8.1,20.8,-12.700000000000001,Muito Fraca,Fraca,Muito Fraca vs Fraca,0.92,1.06,-0.14,1.98,1.22,0.76,1410.0,1455.0,-45.0,2x3,2,3,-1,5,A
58.7,20.9,37.800000000000004,Média,Fraca,Média vs Fraca,1.34,0.98,0.3600000000000001,0.82,1.4,-0.58,1672.62,1465.22,207.39999999999986,4x1,4,1,3,5,H
95.2,63.9,31.300000000000004,Muito Forte,Forte,Muito Forte vs Forte,2.06,1.62,0.43999999999999995,0.45,0.88,-0.43,1873.33,1701.3,172.02999999999997,1x0,1,0,1,1,H
21.3,45.4,-24.099999999999998,Fraca,Média,Fraca vs Média,0.89,1.16,-0.2699999999999999,1.15,0.8,0.34999999999999987,1460.0,1591.73,-131.73000000000002,1x1,1,1,0,2,D
75.4,27.4,48.00000000000001,Forte,Fraca,Forte vs Fraca,1.94,0.87,1.0699999999999998,0.74,1.2,-0.45999999999999996,1760.46,1501.5,258.96000000000004,4x0,4,0,4,4,H
31.4,31.4,0.0,Fraca,Fraca,Fraca vs Fraca,1.66,1.66,0.0,1.05,1.05,0.0,1500.0,1500.0,0.0,3x0,3,0,3,3,H
42.3,73.4,-31.10000000000001,Média,Forte,Média vs Forte,1.56,1.98,-0.41999999999999993,0.69,0.46,0.22999999999999993,1556.72,1736.56,-179.83999999999992,2x1,2,1,1,3,H
63.7,31.4,32.300000000000004,Forte,Fraca,Forte vs Fraca,1.8,1.66,0.14000000000000012,0.64,1.05,-0.41000000000000003,1684.86,1500.0,184.8599999999999,3x1,3,1,2,4,H
42.6,62.3,-19.699999999999996,Média,Forte,Média vs Forte,1.88,1.95,-0.07000000000000006,0.89,0.86,0.030000000000000027,1559.15,1681.88,-122.73000000000002,2x0,2,0,2,2,H
59.0,19.3,39.7,Média,Muito Fraca,Média vs Muito Fraca,1.42,1.4,0.020000000000000018,0.9,1.17,-0.2699999999999999,1675.75,1435.0,240.75,0x0,0,0,0,0,D
36.3,19.0,17.299999999999997,Fraca,Muito Fraca,Fraca vs Muito Fraca,1.61,1.27,0.3400000000000001,1.23,1.26,-0.030000000000000027,1540.43,1440.0,100.43000000000006,3x2,3,2,1,5,H
14.8,31.4,-16.599999999999998,Muito Fraca,Fraca,Muito Fraca vs Fraca,1.15,1.66,-0.51,1.35,1.05,0.30000000000000004,1420.0,1500.0,-80.0,0x2,0,2,-2,2,A
31.4,31.4,0.0,Fraca,Fraca,Fraca vs Fraca,1.66,1.66,0.0,1.05,1.05,0.0,1500.0,1500.0,0.0,1x0,1,0,1,1,H
28.9,31.4,-2.5,Fraca,Fraca,Fraca vs Fraca,1.38,1.66,-0.28,0.83,1.05,-0.22000000000000008,1482.39,1500.0,-17.6099999999999,2x0,2,0,2,2,H
31.4,31.4,0.0,Fraca,Fraca,Fraca vs Fraca,1.66,1.66,0.0,1.05,1.05,0.0,1500.0,1500.0,0.0,3x1,3,1,2,4,H
63.9,21.3,42.599999999999994,Forte,Fraca,Forte vs Fraca,1.62,0.89,0.7300000000000001,0.88,1.15,-0.2699999999999999,1701.3,1460.0,241.29999999999995,0x1,0,1,-1,1,A
20.9,8.1,12.799999999999999,Fraca,Muito Fraca,Fraca vs Muito Fraca,0.98,0.92,0.05999999999999994,1.4,1.98,-0.5800000000000001,1465.22,1410.0,55.22000000000003,4x1,4,1,3,5,H
31.4,31.4,0.0,Fraca,Fraca,Fraca vs Fraca,1.66,1.66,0.0,1.05,1.05,0.0,1500.0,1500.0,0.0,3x1,3,1,2,4,H
31.4,31.4,0.0,Fraca,Fraca,Fraca vs Fraca,1.66,1.66,0.0,1.05,1.05,0.0,1500.0,1500.0,0.0,4x1,4,1,3,5,H
31.4,31.4,0.0,Fraca,Fraca,Fraca vs Fraca,1.66,1.66,0.0,1.05,1.05,0.0,1500.0,1500.0,0.0,3x0,3,0,3,3,H
19.0,59.0,-40.0,Muito Fraca,Média,Muito Fraca vs Média,1.27,1.42,-0.1499999999999999,1.26,0.9,0.36,1440.0,1675.75,-235.75,1x2,1,2,-1,3,A
62.3,31.4,30.9,Forte,Fraca,Forte vs Fraca,1.95,1.66,0.29000000000000004,0.86,1.05,-0.19000000000000006,1681.88,1500.0,181.8800000000001,1x0,1,0,1,1,H
14.8,42.6,-27.8,Muito Fraca,Média,Muito Fraca vs Média,1.15,1.88,-0.73,1.35,0.89,0.4600000000000001,1420.0,1559.15,-139.1500000000001,0x2,0,2,-2,2,A
19.3,36.3,-16.999999999999996,Muito Fraca,Fraca,Muito Fraca vs Fraca,1.4,1.61,-0.2100000000000002,1.17,1.23,-0.06000000000000005,1435.0,1540.43,-105.43000000000006,1x0,1,0,1,1,H
31.4,49.1,-17.700000000000003,Fraca,Média,Fraca vs Média,1.66,2.0,-0.3400000000000001,1.05,0.93,0.12,1500.0,1599.45,-99.45000000000005,0x1,0,1,-1,1,A
53.5,31.4,22.1,Média,Fraca,Média vs Fraca,2.07,1.66,0.4099999999999999,0.73,1.05,-0.32000000000000006,1617.02,1500.0,117.01999999999998,1x0,1,0,1,1,H
31.4,31.4,0.0,Fraca,Fraca,Fraca vs Fraca,1.66,1.66,0.0,1.05,1.05,0.0,1500.0,1500.0,0.0,2x0,2,0,2,2,H
61.5,31.4,30.1,Forte,Fraca,Forte vs Fraca,2.67,1.66,1.01,0.67,1.05,-0.38,1650.12,1500.0,150.1199999999999,2x0,2,0,2,2,H
45.4,31.4,14.0,Média,Fraca,Média vs Fraca,1.77,1.66,0.1100000000000001,0.75,1.05,-0.30000000000000004,1574.01,1500.0,74.00999999999999,4x0,4,0,4,4,H
31.4,31.4,0.0,Fraca,Fraca,Fraca vs Fraca,1.66,1.66,0.0,1.05,1.05,0.0,1500.0,1500.0,0.0,1x0,1,0,1,1,H
45.4,75.4,-30.000000000000007,Média,Forte,Média vs Forte,1.16,1.94,-0.78,0.8,0.74,0.06000000000000005,1591.73,1760.46,-168.73000000000002,1x1,1,1,0,2,D
27.4,58.7,-31.300000000000004,Fraca,Média,Fraca vs Média,0.87,1.34,-0.4700000000000001,1.2,0.82,0.38,1501.5,1672.62,-171.1199999999999,0x1,0,1,-1,1,A
20.8,95.2,-74.4,Fraca,Muito Forte,Fraca vs Muito Forte,1.06,2.06,-1.0,1.22,0.45,0.77,1455.0,1873.33,-418.3299999999999,1x2,1,2,-1,3,A
31.4,42.3,-10.899999999999999,Fraca,Média,Fraca vs Média,1.66,1.56,0.09999999999999987,1.05,0.69,0.3600000000000001,1500.0,1556.72,-56.72000000000003,0x0,0,0,0,0,D
31.4,31.4,0.0,Fraca,Fraca,Fraca vs Fraca,1.66,1.66,0.0,1.05,1.05,0.0,1500.0,1500.0,0.0,0x0,0,0,0,0,D
73.4,31.4,42.00000000000001,Forte,Fraca,Forte vs Fraca,1.98,1.66,0.32000000000000006,0.46,1.05,-0.5900000000000001,1736.56,1500.0,236.55999999999995,2x1,2,1,1,3,H
63.7,31.4,32.300000000000004,Forte,Fraca,Forte vs Fraca,1.8,1.66,0.14000000000000012,0.64,1.05,-0.41000000000000003,1684.86,1500.0,184.8599999999999,2x0,2,0,2,2,H
28.9,31.4,-2.5,Fraca,Fraca,Fraca vs Fraca,1.38,1.66,-0.28,0.83,1.05,-0.22000000000000008,1482.39,1500.0,-17.6099999999999,2x1,2,1,1,3,H
31.4,31.4,0.0,Fraca,Fraca,Fraca vs Fraca,1.66,1.66,0.0,1.05,1.05,0.0,1500.0,1500.0,0.0,1x1,1,1,0,2,D
44.7,31.4,13.300000000000004,Média,Fraca,Média vs Fraca,1.56,1.66,-0.09999999999999987,0.91,1.05,-0.14,1581.56,1500.0,81.55999999999995,0x1,0,1,-1,1,A
8.1,8.1,0.0,Muito Fraca,Muito Fraca,Muito Fraca vs Muito Fraca,0.92,1.59,-0.67,1.98,1.44,0.54,1410.0,1370.0,40.0,5x0,5,0,5,5,H
31.4,31.4,0.0,Fraca,Fraca,Fraca vs Fraca,1.66,1.66,0.0,1.05,1.05,0.0,1500.0,1500.0,0.0,1x0,1,0,1,1,H
49.1,31.4,17.700000000000003,Média,Fraca,Média vs Fraca,2.0,1.66,0.3400000000000001,0.93,1.05,-0.12,1599.45,1500.0,99.45000000000005,4x0,4,0,4,4,H
21.3,19.0,2.3000000000000007,Fraca,Muito Fraca,Fraca vs Muito Fraca,0.89,1.27,-0.38,1.15,1.26,-0.1100000000000001,1460.0,1440.0,20.0,3x0,3,0,3,3,H
31.4,31.4,0.0,Fraca,Fraca,Fraca vs Fraca,1.66,1.66,0.0,1.05,1.05,0.0,1500.0,1500.0,0.0,3x1,3,1,2,4,H
31.4,31.4,0.0,Fraca,Fraca,Fraca vs Fraca,1.66,1.66,0.0,1.05,1.05,0.0,1500.0,1500.0,0.0,1x0,1,0,1,1,H
31.4,31.4,0.0,Fraca,Fraca,Fraca vs Fraca,1.66,1.66,0.0,1.05,1.05,0.0,1500.0,1500.0,0.0,2x0,2,0,2,2,H
42.3,31.4,10.899999999999999,Média,Fraca,Média vs Fraca,1.56,1.66,-0.09999999999999987,0.69,1.05,-0.3600000000000001,1556.72,1500.0,56.72000000000003,1x0,1,0,1,1,H
31.4,44.7,-13.300000000000004,Fraca,Média,Fraca vs Média,1.66,1.56,0.09999999999999987,1.05,0.91,0.14,1500.0,1581.56,-81.55999999999995,0x2,0,2,-2,2,A
31.4,31.4,0.0,Fraca,Fraca,Fraca vs Fraca,1.66,1.66,0.0,1.05,1.05,0.0,1500.0,1500.0,0.0,2x3,2,3,-1,5,A
31.4,63.7,-32.300000000000004,Fraca,Forte,Fraca vs Forte,1.66,1.8,-0.14000000000000012,1.05,0.64,0.41000000000000003,1500.0,1684.86,-184.8599999999999,0x0,0,0,0,0,D
31.4,73.4,-42.00000000000001,Fraca,Forte,Fraca vs Forte,1.66,1.98,-0.32000000000000006,1.05,0.46,0.5900000000000001,1500.0,1736.56,-236.55999999999995,2x2,2,2,0,4,D
24.6,31.4,-6.799999999999997,Fraca,Fraca,Fraca vs Fraca,1.27,1.66,-0.3899999999999999,1.13,1.05,0.07999999999999985,1470.0,1500.0,-30.0,2x3,2,3,-1,5,A
31.4,31.4,0.0,Fraca,Fraca,Fraca vs Fraca,1.66,1.66,0.0,1.05,1.05,0.0,1500.0,1500.0,0.0,1x1,1,1,0,2,D
28.9,31.4,-2.5,Fraca,Fraca,Fraca vs Fraca,1.38,1.66,-0.28,0.83,1.05,-0.22000000000000008,1482.39,1500.0,-17.6099999999999,1x1,1,1,0,2,D
63.9,14.8,49.099999999999994,Forte,Muito Fraca,Forte vs Muito Fraca,1.62,1.15,0.4700000000000002,0.88,1.35,-0.4700000000000001,1701.3,1420.0,281.29999999999995,2x1,2,1,1,3,H
21.3,36.3,-14.999999999999996,Fraca,Fraca,Fraca vs Fraca,0.89,1.61,-0.7200000000000001,1.15,1.23,-0.08000000000000007,1460.0,1540.43,-80.43000000000006,1x1,1,1,0,2,D
31.4,31.4,0.0,Fraca,Fraca,Fraca vs Fraca,1.66,1.66,0.0,1.05,1.05,0.0,1500.0,1500.0,0.0,2x2,2,2,0,4,D
31.4,31.4,0.0,Fraca,Fraca,Fraca vs Fraca,1.66,1.66,0.0,1.05,1.05,0.0,1500.0,1500.0,0.0,0x1,0,1,-1,1,A
31.4,31.4,0.0,Fraca,Fraca,Fraca vs Fraca,1.66,1.66,0.0,1.05,1.05,0.0,1500.0,1500.0,0.0,1x1,1,1,0,2,D
31.4,31.4,0.0,Fraca,Fraca,Fraca vs Fraca,1.66,1.66,0.0,1.05,1.05,0.0,1500.0,1500.0,0.0,4x0,4,0,4,4,H
49.1,31.4,17.700000000000003,Média,Fraca,Média vs Fraca,2.0,1.66,0.3400000000000001,0.93,1.05,-0.12,1599.45,1500.0,99.45000000000005,5x1,5,1,4,6,H
44.7,31.4,13.300000000000004,Média,Fraca,Média vs Fraca,1.56,1.66,-0.09999999999999987,0.91,1.05,-0.14,1581.56,1500.0,81.55999999999995,3x1,3,1,2,4,H
31.4,42.3,-10.899999999999999,Fraca,Média,Fraca vs Média,1.66,1.56,0.09999999999999987,1.05,0.69,0.3600000000000001,1500.0,1556.72,-56.72000000000003,0x1,0,1,-1,1,A
63.7,31.4,32.300000000000004,Forte,Fraca,Forte vs Fraca,1.8,1.66,0.14000000000000012,0.64,1.05,-0.41000000000000003,1684.86,1500.0,184.8599999999999,0x0,0,0,0,0,D
73.4,31.4,42.00000000000001,Forte,Fraca,Forte vs Fraca,1.98,1.66,0.32000000000000006,0.46,1.05,-0.5900000000000001,1736.56,1500.0,236.55999999999995,2x0,2,0,2,2,H
31.4,24.6,6.799999999999997,Fraca,Fraca,Fraca vs Fraca,1.66,1.27,0.3899999999999999,1.05,1.13,-0.07999999999999985,1500.0,1470.0,30.0,1x1,1,1,0,2,D
28.9,31.4,-2.5,Fraca,Fraca,Fraca vs Fraca,1.38,1.66,-0.28,0.83,1.05,-0.22000000000000008,1482.39,1500.0,-17.6099999999999,4x1,4,1,3,5,H
31.4,31.4,0.0,Fraca,Fraca,Fraca vs Fraca,1.66,1.66,0.0,1.05,1.05,0.0,1500.0,1500.0,0.0,0x1,0,1,-1,1,A
31.4,31.4,0.0,Fraca,Fraca,Fraca vs Fraca,1.66,1.66,0.0,1.05,1.05,0.0,1500.0,1500.0,0.0,1x1,1,1,0,2,D
31.4,31.4,0.0,Fraca,Fraca,Fraca vs Fraca,1.66,1.66,0.0,1.05,1.05,0.0,1500.0,1500.0,0.0,0x1,0,1,-1,1,A
31.4,31.4,0.0,Fraca,Fraca,Fraca vs Fraca,1.66,1.66,0.0,1.05,1.05,0.0,1500.0,1500.0,0.0,0x1,0,1,-1,1,A
44.7,42.3,2.4000000000000057,Média,Média,Média vs Média,1.56,1.56,0.0,0.91,0.69,0.22000000000000008,1581.56,1556.72,24.839999999999918,1x0,1,0,1,1,H
31.4,31.4,0.0,Fraca,Fraca,Fraca vs Fraca,1.66,1.66,0.0,1.05,1.05,0.0,1500.0,1500.0,0.0,0x0,0,0,0,0,D
63.7,31.4,32.300000000000004,Forte,Fraca,Forte vs Fraca,1.8,1.66,0.14000000000000012,0.64,1.05,-0.41000000000000003,1684.86,1500.0,184.8599999999999,1x0,1,0,1,1,H
73.4,24.6,48.800000000000004,Forte,Fraca,Forte vs Fraca,1.98,1.27,0.71,0.46,1.13,-0.6699999999999999,1736.56,1470.0,266.55999999999995,1x0,1,0,1,1,H
28.9,31.4,-2.5,Fraca,Fraca,Fraca vs Fraca,1.38,1.66,-0.28,0.83,1.05,-0.22000000000000008,1482.39,1500.0,-17.6099999999999,2x1,2,1,1,3,H
31.4,24.6,6.799999999999997,Fraca,Fraca,Fraca vs Fraca,1.66,1.27,0.3899999999999999,1.05,1.13,-0.07999999999999985,1500.0,1470.0,30.0,3x0,3,0,3,3,H
31.4,31.4,0.0,Fraca,Fraca,Fraca vs Fraca,1.66,1.66,0.0,1.05,1.05,0.0,1500.0,1500.0,0.0,0x3,0,3,-3,3,A
31.4,31.4,0.0,Fraca,Fraca,Fraca vs Fraca,1.66,1.66,0.0,1.05,1.05,0.0,1500.0,1500.0,0.0,2x2,2,2,0,4,D
31.4,31.4,0.0,Fraca,Fraca,Fraca vs Fraca,1.66,1.66,0.0,1.05,1.05,0.0,1500.0,1500.0,0.0,0x0,0,0,0,0,D
31.4,31.4,0.0,Fraca,Fraca,Fraca vs Fraca,1.66,1.66,0.0,1.05,1.05,0.0,1500.0,1500.0,0.0,0x4,0,4,-4,4,A
31.4,31.4,0.0,Fraca,Fraca,Fraca vs Fraca,1.66,1.66,0.0,1.05,1.05,0.0,1500.0,1500.0,0.0,0x0,0,0,0,0,D
31.4,31.4,0.0,Fraca,Fraca,Fraca vs Fraca,1.66,1.66,0.0,1.05,1.05,0.0,1500.0,1500.0,0.0,2x4,2,4,-2,6,A
31.4,31.4,0.0,Fraca,Fraca,Fraca vs Fraca,1.66,1.66,0.0,1.05,1.05,0.0,1500.0,1500.0,0.0,0x2,0,2,-2,2,A
31.4,31.4,0.0,Fraca,Fraca,Fraca vs Fraca,1.66,1.66,0.0,1.05,1.05,0.0,1500.0,1500.0,0.0,1x1,1,1,0,2,D
31.4,31.4,0.0,Fraca,Fraca,Fraca vs Fraca,1.66,1.66,0.0,1.05,1.05,0.0,1500.0,1500.0,0.0,4x0,4,0,4,4,H
31.4,31.4,0.0,Fraca,Fraca,Fraca vs Fraca,1.66,1.66,0.0,1.05,1.05,0.0,1500.0,1500.0,0.0,1x4,1,4,-3,5,A
31.4,42.3,-10.899999999999999,Fraca,Média,Fraca vs Média,1.66,1.56,0.09999999999999987,1.05,0.69,0.3600000000000001,1500.0,1556.72,-56.72000000000003,0x0,0,0,0,0,D
31.4,31.4,0.0,Fraca,Fraca,Fraca vs Fraca,1.66,1.66,0.0,1.05,1.05,0.0,1500.0,1500.0,0.0,0x2,0,2,-2,2,A
62.3,31.4,30.9,Forte,Fraca,Forte vs Fraca,1.95,1.66,0.29000000000000004,0.86,1.05,-0.19000000000000006,1681.88,1500.0,181.8800000000001,1x0,1,0,1,1,H
31.4,31.4,0.0,Fraca,Fraca,Fraca vs Fraca,1.66,1.66,0.0,1.05,1.05,0.0,1500.0,1500.0,0.0,0x2,0,2,-2,2,A
31.4,31.4,0.0,Fraca,Fraca,Fraca vs Fraca,1.66,1.66,0.0,1.05,1.05,0.0,1500.0,1500.0,0.0,2x3,2,3,-1,5,A
31.4,42.3,-10.899999999999999,Fraca,Média,Fraca vs Média,1.66,1.56,0.09999999999999987,1.05,0.69,0.3600000000000001,1500.0,1556.72,-56.72000000000003,1x0,1,0,1,1,H
31.4,31.4,0.0,Fraca,Fraca,Fraca vs Fraca,1.66,1.66,0.0,1.05,1.05,0.0,1500.0,1500.0,0.0,1x2,1,2,-1,3,A
31.4,31.4,0.0,Fraca,Fraca,Fraca vs Fraca,1.66,1.66,0.0,1.05,1.05,0.0,1500.0,1500.0,0.0,0x0,0,0,0,0,D
31.4,31.4,0.0,Fraca,Fraca,Fraca vs Fraca,1.66,1.66,0.0,1.05,1.05,0.0,1500.0,1500.0,0.0,1x2,1,2,-1,3,A
31.4,31.4,0.0,Fraca,Fraca,Fraca vs Fraca,1.66,1.66,0.0,1.05,1.05,0.0,1500.0,1500.0,0.0,1x5,1,5,-4,6,A
31.4,31.4,0.0,Fraca,Fraca,Fraca vs Fraca,1.66,1.66,0.0,1.05,1.05,0.0,1500.0,1500.0,0.0,3x0,3,0,3,3,H
42.3,31.4,10.899999999999999,Média,Fraca,Média vs Fraca,1.56,1.66,-0.09999999999999987,0.69,1.05,-0.3600000000000001,1556.72,1500.0,56.72000000000003,3x1,3,1,2,4,H
73.4,31.4,42.00000000000001,Forte,Fraca,Forte vs Fraca,1.98,1.66,0.32000000000000006,0.46,1.05,-0.5900000000000001,1736.56,1500.0,236.55999999999995,2x2,2,2,0,4,D
31.4,20.8,10.599999999999998,Fraca,Fraca,Fraca vs Fraca,1.66,1.06,0.5999999999999999,1.05,1.22,-0.16999999999999993,1500.0,1455.0,45.0,0x1,0,1,-1,1,A
31.4,31.4,0.0,Fraca,Fraca,Fraca vs Fraca,1.66,1.66,0.0,1.05,1.05,0.0,1500.0,1500.0,0.0,0x7,0,7,-7,7,A
31.4,31.4,0.0,Fraca,Fraca,Fraca vs Fraca,1.66,1.66,0.0,1.05,1.05,0.0,1500.0,1500.0,0.0,4x0,4,0,4,4,H
31.4,31.4,0.0,Fraca,Fraca,Fraca vs Fraca,1.66,1.66,0.0,1.05,1.05,0.0,1500.0,1500.0,0.0,2x1,2,1,1,3,H
31.4,31.4,0.0,Fraca,Fraca,Fraca vs Fraca,1.66,1.66,0.0,1.05,1.05,0.0,1500.0,1500.0,0.0,5x0,5,0,5,5,H
31.4,31.4,0.0,Fraca,Fraca,Fraca vs Fraca,1.66,1.66,0.0,1.05,1.05,0.0,1500.0,1500.0,0.0,0x2,0,2,-2,2,A
31.4,31.4,0.0,Fraca,Fraca,Fraca vs Fraca,1.66,1.66,0.0,1.05,1.05,0.0,1500.0,1500.0,0.0,4x2,4,2,2,6,H
59.0,20.8,38.2,Média,Fraca,Média vs Fraca,1.42,1.06,0.3599999999999999,0.9,1.22,-0.31999999999999995,1675.75,1455.0,220.75,2x2,2,2,0,4,D
31.4,31.4,0.0,Fraca,Fraca,Fraca vs Fraca,1.66,1.66,0.0,1.05,1.05,0.0,1500.0,1500.0,0.0,2x1,2,1,1,3,H
31.4,31.4,0.0,Fraca,Fraca,Fraca vs Fraca,1.66,1.66,0.0,1.05,1.05,0.0,1500.0,1500.0,0.0,5x1,5,1,4,6,H
73.4,31.4,42.00000000000001,Forte,Fraca,Forte vs Fraca,1.98,1.66,0.32000000000000006,0.46,1.05,-0.5900000000000001,1736.56,1500.0,236.55999999999995,1x0,1,0,1,1,H
31.4,42.3,-10.899999999999999,Fraca,Média,Fraca vs Média,1.66,1.56,0.09999999999999987,1.05,0.69,0.3600000000000001,1500.0,1556.72,-56.72000000000003,1x1,1,1,0,2,D
31.4,31.4,0.0,Fraca,Fraca,Fraca vs Fraca,1.66,1.66,0.0,1.05,1.05,0.0,1500.0,1500.0,0.0,1x0,1,0,1,1,H
31.4,31.4,0.0,Fraca,Fraca,Fraca vs Fraca,1.66,1.66,0.0,1.05,1.05,0.0,1500.0,1500.0,0.0,3x0,3,0,3,3,H
31.4,31.4,0.0,Fraca,Fraca,Fraca vs Fraca,1.66,1.66,0.0,1.05,1.05,0.0,1500.0,1500.0,0.0,3x0,3,0,3,3,H
31.4,31.4,0.0,Fraca,Fraca,Fraca vs Fraca,1.66,1.66,0.0,1.05,1.05,0.0,1500.0,1500.0,0.0,1x2,1,2,-1,3,A
31.4,31.4,0.0,Fraca,Fraca,Fraca vs Fraca,1.66,1.66,0.0,1.05,1.05,0.0,1500.0,1500.0,0.0,1x0,1,0,1,1,H
31.4,31.4,0.0,Fraca,Fraca,Fraca vs Fraca,1.66,1.66,0.0,1.05,1.05,0.0,1500.0,1500.0,0.0,0x2,0,2,-2,2,A
31.4,31.4,0.0,Fraca,Fraca,Fraca vs Fraca,1.66,1.66,0.0,1.05,1.05,0.0,1500.0,1500.0,0.0,0x2,0,2,-2,2,A
31.4,45.4,-14.0,Fraca,Média,Fraca vs Média,1.66,1.16,0.5,1.05,0.8,0.25,1500.0,1591.73,-91.73000000000002,1x1,1,1,0,2,D
31.4,73.4,-42.00000000000001,Fraca,Forte,Fraca vs Forte,1.66,1.98,-0.32000000000000006,1.05,0.46,0.5900000000000001,1500.0,1736.56,-236.55999999999995,0x4,0,4,-4,4,A
31.4,31.4,0.0,Fraca,Fraca,Fraca vs Fraca,1.66,1.66,0.0,1.05,1.05,0.0,1500.0,1500.0,0.0,1x1,1,1,0,2,D
31.4,31.4,0.0,Fraca,Fraca,Fraca vs Fraca,1.66,1.66,0.0,1.05,1.05,0.0,1500.0,1500.0,0.0,0x2,0,2,-2,2,A
31.4,42.3,-10.899999999999999,Fraca,Média,Fraca vs Média,1.66,1.56,0.09999999999999987,1.05,0.69,0.3600000000000001,1500.0,1556.72,-56.72000000000003,0x5,0,5,-5,5,A
31.4,31.4,0.0,Fraca,Fraca,Fraca vs Fraca,1.66,1.66,0.0,1.05,1.05,0.0,1500.0,1500.0,0.0,0x0,0,0,0,0,D
31.4,31.4,0.0,Fraca,Fraca,Fraca vs Fraca,1.66,1.66,0.0,1.05,1.05,0.0,1500.0,1500.0,0.0,2x1,2,1,1,3,H
31.4,31.4,0.0,Fraca,Fraca,Fraca vs Fraca,1.66,1.66,0.0,1.05,1.05,0.0,1500.0,1500.0,0.0,0x1,0,1,-1,1,A
31.4,31.4,0.0,Fraca,Fraca,Fraca vs Fraca,1.66,1.66,0.0,1.05,1.05,0.0,1500.0,1500.0,0.0,2x0,2,0,2,2,H
73.4,31.4,42.00000000000001,Forte,Fraca,Forte vs Fraca,1.98,1.66,0.32000000000000006,0.46,1.05,-0.5900000000000001,1736.56,1500.0,236.55999999999995,4x0,4,0,4,4,H
31.4,31.4,0.0,Fraca,Fraca,Fraca vs Fraca,1.66,1.66,0.0,1.05,1.05,0.0,1500.0,1500.0,0.0,0x1,0,1,-1,1,A
31.4,31.4,0.0,Fraca,Fraca,Fraca vs Fraca,1.66,1.66,0.0,1.05,1.05,0.0,1500.0,1500.0,0.0,4x0,4,0,4,4,H
42.3,31.4,10.899999999999999,Média,Fraca,Média vs Fraca,1.56,1.66,-0.09999999999999987,0.69,1.05,-0.3600000000000001,1556.72,1500.0,56.72000000000003,1x0,1,0,1,1,H
31.4,31.4,0.0,Fraca,Fraca,Fraca vs Fraca,1.66,1.66,0.0,1.05,1.05,0.0,1500.0,1500.0,0.0,1x1,1,1,0,2,D
31.4,31.4,0.0,Fraca,Fraca,Fraca vs Fraca,1.66,1.66,0.0,1.05,1.05,0.0,1500.0,1500.0,0.0,1x0,1,0,1,1,H
31.4,31.4,0.0,Fraca,Fraca,Fraca vs Fraca,1.66,1.66,0.0,1.05,1.05,0.0,1500.0,1500.0,0.0,5x1,5,1,4,6,H
31.4,31.4,0.0,Fraca,Fraca,Fraca vs Fraca,1.66,1.66,0.0,1.05,1.05,0.0,1500.0,1500.0,0.0,2x1,2,1,1,3,H
31.4,31.4,0.0,Fraca,Fraca,Fraca vs Fraca,1.66,1.66,0.0,1.05,1.05,0.0,1500.0,1500.0,0.0,4x1,4,1,3,5,H
31.4,31.4,0.0,Fraca,Fraca,Fraca vs Fraca,1.66,1.66,0.0,1.05,1.05,0.0,1500.0,1500.0,0.0,1x0,1,0,1,1,H
31.4,31.4,0.0,Fraca,Fraca,Fraca vs Fraca,1.66,1.66,0.0,1.05,1.05,0.0,1500.0,1500.0,0.0,2x0,2,0,2,2,H
31.4,31.4,0.0,Fraca,Fraca,Fraca vs Fraca,1.66,1.66,0.0,1.05,1.05,0.0,1500.0,1500.0,0.0,0x1,0,1,-1,1,A
31.4,31.4,0.0,Fraca,Fraca,Fraca vs Fraca,1.66,1.66,0.0,1.05,1.05,0.0,1500.0,1500.0,0.0,2x2,2,2,0,4,D
31.4,31.4,0.0,Fraca,Fraca,Fraca vs Fraca,1.66,1.66,0.0,1.05,1.05,0.0,1500.0,1500.0,0.0,3x1,3,1,2,4,H
44.7,31.4,13.300000000000004,Média,Fraca,Média vs Fraca,1.56,1.66,-0.09999999999999987,0.91,1.05,-0.14,1581.56,1500.0,81.55999999999995,1x1,1,1,0,2,D
28.9,31.4,-2.5,Fraca,Fraca,Fraca vs Fraca,1.38,1.66,-0.28,0.83,1.05,-0.22000000000000008,1482.39,1500.0,-17.6099999999999,1x0,1,0,1,1,H
42.3,31.4,10.899999999999999,Média,Fraca,Média vs Fraca,1.56,1.66,-0.09999999999999987,0.69,1.05,-0.3600000000000001,1556.72,1500.0,56.72000000000003,2x1,2,1,1,3,H
73.4,31.4,42.00000000000001,Forte,Fraca,Forte vs Fraca,1.98,1.66,0.32000000000000006,0.46,1.05,-0.5900000000000001,1736.56,1500.0,236.55999999999995,3x0,3,0,3,3,H
31.4,31.4,0.0,Fraca,Fraca,Fraca vs Fraca,1.66,1.66,0.0,1.05,1.05,0.0,1500.0,1500.0,0.0,0x1,0,1,-1,1,A
31.4,49.1,-17.700000000000003,Fraca,Média,Fraca vs Média,1.66,2.0,-0.3400000000000001,1.05,0.93,0.12,1500.0,1599.45,-99.45000000000005,0x3,0,3,-3,3,A
31.4,53.5,-22.1,Fraca,Média,Fraca vs Média,1.66,2.07,-0.4099999999999999,1.05,0.73,0.32000000000000006,1500.0,1617.02,-117.01999999999998,0x3,0,3,-3,3,A
31.4,45.4,-14.0,Fraca,Média,Fraca vs Média,1.66,1.77,-0.1100000000000001,1.05,0.75,0.30000000000000004,1500.0,1574.01,-74.00999999999999,1x1,1,1,0,2,D
31.4,31.4,0.0,Fraca,Fraca,Fraca vs Fraca,1.66,1.66,0.0,1.05,1.05,0.0,1500.0,1500.0,0.0,0x1,0,1,-1,1,A
31.4,61.5,-30.1,Fraca,Forte,Fraca vs Forte,1.66,2.67,-1.01,1.05,0.67,0.38,1500.0,1650.12,-150.1199999999999,0x1,0,1,-1,1,A
19.0,62.3,-43.3,Muito Fraca,Forte,Muito Fraca vs Forte,1.27,1.95,-0.6799999999999999,1.26,0.86,0.4,1440.0,1681.88,-241.8800000000001,1x1,1,1,0,2,D
42.6,59.0,-16.4,Média,Média,Média vs Média,1.88,1.42,0.45999999999999996,0.89,0.9,-0.010000000000000009,1559.15,1675.75,-116.59999999999991,2x1,2,1,1,3,H
19.3,14.8,4.5,Muito Fraca,Muito Fraca,Muito Fraca vs Muito Fraca,1.4,1.15,0.25,1.17,1.35,-0.18000000000000016,1435.0,1420.0,15.0,2x1,2,1,1,3,H
36.3,31.4,4.899999999999999,Fraca,Fraca,Fraca vs Fraca,1.61,1.66,-0.04999999999999982,1.23,1.05,0.17999999999999994,1540.43,1500.0,40.430000000000064,2x1,2,1,1,3,H
31.4,36.7,-5.300000000000004,Fraca,Fraca,Fraca vs Fraca,1.66,1.4,0.26,1.05,1.45,-0.3999999999999999,1500.0,1557.47,-57.47000000000003,0x2,0,2,-2,2,A
31.4,92.6,-61.199999999999996,Fraca,Muito Forte,Fraca vs Muito Forte,1.66,2.17,-0.51,1.05,0.88,0.17000000000000004,1500.0,1870.0,-370.0,0x2,0,2,-2,2,A
33.9,70.2,-36.300000000000004,Fraca,Forte,Fraca vs Forte,1.27,2.11,-0.8399999999999999,1.14,0.93,0.20999999999999985,1529.71,1730.71,-201.0,1x1,1,1,0,2,D
31.4,31.4,0.0,Fraca,Fraca,Fraca vs Fraca,1.66,1.66,0.0,1.05,1.05,0.0,1500.0,1500.0,0.0,2x0,2,0,2,2,H
31.4,31.4,0.0,Fraca,Fraca,Fraca vs Fraca,1.66,1.66,0.0,1.05,1.05,0.0,1500.0,1500.0,0.0,1x2,1,2,-1,3,A
74.8,31.4,43.4,Forte,Fraca,Forte vs Fraca,2.36,1.66,0.7,0.99,1.05,-0.06000000000000005,1756.27,1500.0,256.27,2x0,2,0,2,2,H
8.1,58.7,-50.6,Muito Fraca,Média,Muito Fraca vs Média,0.92,1.34,-0.42000000000000004,1.98,0.82,1.1600000000000001,1410.0,1672.62,-262.6199999999999,3x0,3,0,3,3,H
20.9,21.3,-0.40000000000000213,Fraca,Fraca,Fraca vs Fraca,0.98,0.89,0.08999999999999997,1.4,1.15,0.25,1465.22,1460.0,5.220000000000027,1x2,1,2,-1,3,A
63.9,27.4,36.5,Forte,Fraca,Forte vs Fraca,1.62,0.87,0.7500000000000001,0.88,1.2,-0.31999999999999995,1701.3,1501.5,199.79999999999995,0x0,0,0,0,0,D
95.2,75.4,19.799999999999997,Muito Forte,Forte,Muito Forte vs Forte,2.06,1.94,0.1200000000000001,0.45,0.74,-0.29,1873.33,1760.46,112.86999999999989,0x0,0,0,0,0,D
20.8,45.4,-24.599999999999998,Fraca,Média,Fraca vs Média,1.06,1.16,-0.09999999999999987,1.22,0.8,0.41999999999999993,1455.0,1591.73,-136.73000000000002,0x2,0,2,-2,2,A
31.4,31.4,0.0,Fraca,Fraca,Fraca vs Fraca,1.66,1.66,0.0,1.05,1.05,0.0,1500.0,1500.0,0.0,1x0,1,0,1,1,H
31.4,31.4,0.0,Fraca,Fraca,Fraca vs Fraca,1.66,1.66,0.0,1.05,1.05,0.0,1500.0,1500.0,0.0,2x1,2,1,1,3,H
24.7,64.4,-39.7,Fraca,Forte,Fraca vs Forte,1.09,1.9,-0.8099999999999998,1.24,0.99,0.25,1480.0,1702.06,-222.05999999999995,0x0,0,0,0,0,D
55.2,31.4,23.800000000000004,Média,Fraca,Média vs Fraca,1.77,1.66,0.1100000000000001,1.18,1.05,0.1299999999999999,1654.69,1500.0,154.69000000000005,4x0,4,0,4,4,H
30.2,51.6,-21.400000000000002,Fraca,Média,Fraca vs Média,1.42,1.9,-0.48,1.24,0.9,0.33999999999999997,1506.77,1616.75,-109.98000000000002,2x0,2,0,2,2,H
45.4,31.4,14.0,Média,Fraca,Média vs Fraca,1.84,1.66,0.18000000000000016,1.07,1.05,0.020000000000000018,1585.51,1500.0,85.50999999999999,4x1,4,1,3,5,H
31.4,31.4,0.0,Fraca,Fraca,Fraca vs Fraca,1.66,1.66,0.0,1.05,1.05,0.0,1500.0,1500.0,0.0,3x2,3,2,1,5,H
31.4,31.4,0.0,Fraca,Fraca,Fraca vs Fraca,1.66,1.66,0.0,1.05,1.05,0.0,1500.0,1500.0,0.0,1x0,1,0,1,1,H
35.0,31.4,3.6000000000000014,Fraca,Fraca,Fraca vs Fraca,1.67,1.66,0.010000000000000009,1.26,1.05,0.20999999999999996,1532.04,1500.0,32.039999999999964,1x2,1,2,-1,3,A
31.4,89.0,-57.6,Fraca,Muito Forte,Fraca vs Muito Forte,1.66,2.18,-0.5200000000000002,1.05,0.58,0.4700000000000001,1500.0,1834.12,-334.1199999999999,0x10,0,10,-10,10,A
31.4,31.4,0.0,Fraca,Fraca,Fraca vs Fraca,1.66,1.66,0.0,1.05,1.05,0.0,1500.0,1500.0,0.0,2x2,2,2,0,4,D
31.4,31.4,0.0,Fraca,Fraca,Fraca vs Fraca,1.66,1.66,0.0,1.05,1.05,0.0,1500.0,1500.0,0.0,2x0,2,0,2,2,H
31.4,31.4,0.0,Fraca,Fraca,Fraca vs Fraca,1.66,1.66,0.0,1.05,1.05,0.0,1500.0,1500.0,0.0,1x0,1,0,1,1,H
24.6,31.4,-6.799999999999997,Fraca,Fraca,Fraca vs Fraca,1.27,1.66,-0.3899999999999999,1.13,1.05,0.07999999999999985,1470.0,1500.0,-30.0,1x0,1,0,1,1,H
63.7,31.4,32.300000000000004,Forte,Fraca,Forte vs Fraca,1.8,1.66,0.14000000000000012,0.64,1.05,-0.41000000000000003,1684.86,1500.0,184.8599999999999,2x0,2,0,2,2,H
77.0,31.9,45.1,Forte,Fraca,Forte vs Fraca,2.45,1.55,0.9000000000000001,0.8,1.06,-0.26,1760.38,1506.34,254.0400000000002,1x2,1,2,-1,3,A
31.4,28.6,2.799999999999997,Fraca,Fraca,Fraca vs Fraca,1.66,1.1,0.5599999999999998,1.05,1.13,-0.07999999999999985,1500.0,1500.0,0.0,0x3,0,3,-3,3,A
94.9,31.4,63.50000000000001,Muito Forte,Fraca,Muito Forte vs Fraca,2.33,1.66,0.6700000000000002,0.79,1.05,-0.26,1877.18,1500.0,377.18000000000006,1x0,1,0,1,1,H
31.4,31.4,0.0,Fraca,Fraca,Fraca vs Fraca,1.66,1.66,0.0,1.05,1.05,0.0,1500.0,1500.0,0.0,1x1,1,1,0,2,D
65.6,31.4,34.199999999999996,Forte,Fraca,Forte vs Fraca,1.75,1.66,0.09000000000000008,1.07,1.05,0.020000000000000018,1716.88,1500.0,216.8800000000001,1x0,1,0,1,1,H
31.4,31.4,0.0,Fraca,Fraca,Fraca vs Fraca,1.66,1.66,0.0,1.05,1.05,0.0,1500.0,1500.0,0.0,0x6,0,6,-6,6,A
31.4,31.4,0.0,Fraca,Fraca,Fraca vs Fraca,1.66,1.66,0.0,1.05,1.05,0.0,1500.0,1500.0,0.0,2x1,2,1,1,3,H
31.4,31.4,0.0,Fraca,Fraca,Fraca vs Fraca,1.66,1.66,0.0,1.05,1.05,0.0,1500.0,1500.0,0.0,0x2,0,2,-2,2,A
31.4,31.4,0.0,Fraca,Fraca,Fraca vs Fraca,1.66,1.66,0.0,1.05,1.05,0.0,1500.0,1500.0,0.0,3x1,3,1,2,4,H
31.4,67.7,-36.300000000000004,Fraca,Forte,Fraca vs Forte,1.66,2.21,-0.55,1.05,1.21,-0.15999999999999992,1500.0,1724.15,-224.1500000000001,1x4,1,4,-3,5,A
31.4,31.4,0.0,Fraca,Fraca,Fraca vs Fraca,1.66,1.66,0.0,1.05,1.05,0.0,1500.0,1500.0,0.0,2x0,2,0,2,2,H
31.4,31.4,0.0,Fraca,Fraca,Fraca vs Fraca,1.66,1.66,0.0,1.05,1.05,0.0,1500.0,1500.0,0.0,4x0,4,0,4,4,H
31.4,31.4,0.0,Fraca,Fraca,Fraca vs Fraca,1.66,1.66,0.0,1.05,1.05,0.0,1500.0,1500.0,0.0,1x0,1,0,1,1,H
31.4,44.7,-13.300000000000004,Fraca,Média,Fraca vs Média,1.66,1.56,0.09999999999999987,1.05,0.91,0.14,1500.0,1581.56,-81.55999999999995,0x2,0,2,-2,2,A
31.4,28.9,2.5,Fraca,Fraca,Fraca vs Fraca,1.66,1.38,0.28,1.05,0.83,0.22000000000000008,1500.0,1482.39,17.6099999999999,0x4,0,4,-4,4,A
31.4,31.4,0.0,Fraca,Fraca,Fraca vs Fraca,1.66,1.66,0.0,1.05,1.05,0.0,1500.0,1500.0,0.0,3x0,3,0,3,3,H
31.4,31.4,0.0,Fraca,Fraca,Fraca vs Fraca,1.66,1.66,0.0,1.05,1.05,0.0,1500.0,1500.0,0.0,1x3,1,3,-2,4,A
92.6,31.4,61.199999999999996,Muito Forte,Fraca,Muito Forte vs Fraca,2.17,1.66,0.51,0.88,1.05,-0.17000000000000004,1870.0,1500.0,370.0,8x0,8,0,8,8,H
33.9,31.4,2.5,Fraca,Fraca,Fraca vs Fraca,1.27,1.66,-0.3899999999999999,1.14,1.05,0.08999999999999986,1529.71,1500.0,29.710000000000036,5x1,5,1,4,6,H
70.2,31.4,38.800000000000004,Forte,Fraca,Forte vs Fraca,2.11,1.66,0.44999999999999996,0.93,1.05,-0.12,1730.71,1500.0,230.71000000000004,3x1,3,1,2,4,H
31.4,31.4,0.0,Fraca,Fraca,Fraca vs Fraca,1.66,1.66,0.0,1.05,1.05,0.0,1500.0,1500.0,0.0,0x0,0,0,0,0,D
31.4,31.4,0.0,Fraca,Fraca,Fraca vs Fraca,1.66,1.66,0.0,1.05,1.05,0.0,1500.0,1500.0,0.0,6x0,6,0,6,6,H
31.4,74.8,-43.4,Fraca,Forte,Fraca vs Forte,1.66,2.36,-0.7,1.05,0.99,0.06000000000000005,1500.0,1756.27,-256.27,2x2,2,2,0,4,D
31.4,31.4,0.0,Fraca,Fraca,Fraca vs Fraca,1.66,1.66,0.0,1.05,1.05,0.0,1500.0,1500.0,0.0,1x1,1,1,0,2,D
31.4,31.4,0.0,Fraca,Fraca,Fraca vs Fraca,1.66,1.66,0.0,1.05,1.05,0.0,1500.0,1500.0,0.0,0x4,0,4,-4,4,A
31.4,42.3,-10.899999999999999,Fraca,Média,Fraca vs Média,1.66,1.56,0.09999999999999987,1.05,0.69,0.3600000000000001,1500.0,1556.72,-56.72000000000003,2x2,2,2,0,4,D
73.4,31.4,42.00000000000001,Forte,Fraca,Forte vs Fraca,1.98,1.66,0.32000000000000006,0.46,1.05,-0.5900000000000001,1736.56,1500.0,236.55999999999995,3x0,3,0,3,3,H
42.6,19.3,23.3,Média,Muito Fraca,Média vs Muito Fraca,1.88,1.4,0.48,0.89,1.17,-0.2799999999999999,1559.15,1435.0,124.15000000000009,1x0,1,0,1,1,H
14.8,36.3,-21.499999999999996,Muito Fraca,Fraca,Muito Fraca vs Fraca,1.15,1.61,-0.4600000000000002,1.35,1.23,0.1200000000000001,1420.0,1540.43,-120.43000000000006,2x3,2,3,-1,5,A
31.4,19.0,12.399999999999999,Fraca,Muito Fraca,Fraca vs Muito Fraca,1.66,1.27,0.3899999999999999,1.05,1.26,-0.20999999999999996,1500.0,1440.0,60.0,1x1,1,1,0,2,D
62.3,59.0,3.299999999999997,Forte,Média,Forte vs Média,1.95,1.42,0.53,0.86,0.9,-0.040000000000000036,1681.88,1675.75,6.130000000000109,2x0,2,0,2,2,H
24.7,31.4,-6.699999999999999,Fraca,Fraca,Fraca vs Fraca,1.09,1.66,-0.5699999999999998,1.24,1.05,0.18999999999999995,1480.0,1500.0,-20.0,1x0,1,0,1,1,H
64.4,55.2,9.200000000000003,Forte,Média,Forte vs Média,1.9,1.77,0.1299999999999999,0.99,1.18,-0.18999999999999995,1702.06,1654.69,47.36999999999989,1x1,1,1,0,2,D
31.4,30.2,1.1999999999999993,Fraca,Fraca,Fraca vs Fraca,1.66,1.42,0.24,1.05,1.24,-0.18999999999999995,1500.0,1506.77,-6.769999999999982,0x2,0,2,-2,2,A
51.6,31.4,20.200000000000003,Média,Fraca,Média vs Fraca,1.9,1.66,0.24,0.9,1.05,-0.15000000000000002,1616.75,1500.0,116.75,3x1,3,1,2,4,H
45.4,31.4,14.0,Média,Fraca,Média vs Fraca,1.84,1.66,0.18000000000000016,1.07,1.05,0.020000000000000018,1585.51,1500.0,85.50999999999999,4x2,4,2,2,6,H
89.0,31.4,57.6,Muito Forte,Fraca,Muito Forte vs Fraca,2.18,1.66,0.5200000000000002,0.58,1.05,-0.4700000000000001,1834.12,1500.0,334.1199999999999,5x0,5,0,5,5,H
31.4,35.0,-3.6000000000000014,Fraca,Fraca,Fraca vs Fraca,1.66,1.67,-0.010000000000000009,1.05,1.26,-0.20999999999999996,1500.0,1532.04,-32.039999999999964,1x4,1,4,-3,5,A
31.4,31.4,0.0,Fraca,Fraca,Fraca vs Fraca,1.66,1.66,0.0,1.05,1.05,0.0,1500.0,1500.0,0.0,4x0,4,0,4,4,H
58.7,95.2,-36.5,Média,Muito Forte,Média vs Muito Forte,1.34,2.06,-0.72,0.82,0.45,0.36999999999999994,1672.62,1873.33,-200.71000000000004,0x1,0,1,-1,1,A
31.4,31.4,0.0,Fraca,Fraca,Fraca vs Fraca,1.66,1.66,0.0,1.05,1.05,0.0,1500.0,1500.0,0.0,7x0,7,0,7,7,H
31.9,31.4,0.5,Fraca,Fraca,Fraca vs Fraca,1.55,1.66,-0.10999999999999988,1.06,1.05,0.010000000000000009,1506.34,1500.0,6.339999999999918,4x0,4,0,4,4,H
36.7,31.4,5.300000000000004,Fraca,Fraca,Fraca vs Fraca,1.4,1.66,-0.26,1.45,1.05,0.3999999999999999,1557.47,1500.0,57.47000000000003,1x1,1,1,0,2,D
31.4,31.4,0.0,Fraca,Fraca,Fraca vs Fraca,1.66,1.66,0.0,1.05,1.05,0.0,1500.0,1500.0,0.0,1x1,1,1,0,2,D
31.4,31.4,0.0,Fraca,Fraca,Fraca vs Fraca,1.66,1.66,0.0,1.05,1.05,0.0,1500.0,1500.0,0.0,0x3,0,3,-3,3,A
31.4,24.6,6.799999999999997,Fraca,Fraca,Fraca vs Fraca,1.66,1.27,0.3899999999999999,1.05,1.13,-0.07999999999999985,1500.0,1470.0,30.0,1x1,1,1,0,2,D
31.4,31.4,0.0,Fraca,Fraca,Fraca vs Fraca,1.66,1.66,0.0,1.05,1.05,0.0,1500.0,1500.0,0.0,1x0,1,0,1,1,H
31.4,63.7,-32.300000000000004,Fraca,Forte,Fraca vs Forte,1.66,1.8,-0.14000000000000012,1.05,0.64,0.41000000000000003,1500.0,1684.86,-184.8599999999999,1x1,1,1,0,2,D
31.4,53.5,-22.1,Fraca,Média,Fraca vs Média,1.66,2.07,-0.4099999999999999,1.05,0.73,0.32000000000000006,1500.0,1617.02,-117.01999999999998,1x2,1,2,-1,3,A
31.4,31.4,0.0,Fraca,Fraca,Fraca vs Fraca,1.66,1.66,0.0,1.05,1.05,0.0,1500.0,1500.0,0.0,1x1,1,1,0,2,D
49.1,31.4,17.700000000000003,Média,Fraca,Média vs Fraca,2.0,1.66,0.3400000000000001,0.93,1.05,-0.12,1599.45,1500.0,99.45000000000005,1x0,1,0,1,1,H
31.4,31.4,0.0,Fraca,Fraca,Fraca vs Fraca,1.66,1.66,0.0,1.05,1.05,0.0,1500.0,1500.0,0.0,1x1,1,1,0,2,D
31.4,61.5,-30.1,Fraca,Forte,Fraca vs Forte,1.66,2.67,-1.01,1.05,0.67,0.38,1500.0,1650.12,-150.1199999999999,0x1,0,1,-1,1,A
45.4,31.4,14.0,Média,Fraca,Média vs Fraca,1.77,1.66,0.1100000000000001,0.75,1.05,-0.30000000000000004,1574.01,1500.0,74.00999999999999,0x0,0,0,0,0,D
28.6,77.0,-48.4,Fraca,Forte,Fraca vs Forte,1.1,2.45,-1.35,1.13,0.8,0.32999999999999985,1500.0,1760.38,-260.3800000000001,0x0,0,0,0,0,D
31.4,31.4,0.0,Fraca,Fraca,Fraca vs Fraca,1.66,1.66,0.0,1.05,1.05,0.0,1500.0,1500.0,0.0,2x0,2,0,2,2,H
31.4,94.9,-63.50000000000001,Fraca,Muito Forte,Fraca vs Muito Forte,1.66,2.33,-0.6700000000000002,1.05,0.79,0.26,1500.0,1877.18,-377.18000000000006,0x1,0,1,-1,1,A
31.4,65.6,-34.199999999999996,Fraca,Forte,Fraca vs Forte,1.66,1.75,-0.09000000000000008,1.05,1.07,-0.020000000000000018,1500.0,1716.88,-216.8800000000001,1x7,1,7,-6,8,A
31.4,31.4,0.0,Fraca,Fraca,Fraca vs Fraca,1.66,1.66,0.0,1.05,1.05,0.0,1500.0,1500.0,0.0,2x2,2,2,0,4,D
67.7,31.4,36.300000000000004,Forte,Fraca,Forte vs Fraca,2.21,1.66,0.55,1.21,1.05,0.15999999999999992,1724.15,1500.0,224.1500000000001,9x0,9,0,9,9,H
31.4,31.4,0.0,Fraca,Fraca,Fraca vs Fraca,1.66,1.66,0.0,1.05,1.05,0.0,1500.0,1500.0,0.0,0x5,0,5,-5,5,A
31.4,31.4,0.0,Fraca,Fraca,Fraca vs Fraca,1.66,1.66,0.0,1.05,1.05,0.0,1500.0,1500.0,0.0,0x0,0,0,0,0,D
45.4,20.9,24.5,Média,Fraca,Média vs Fraca,1.16,0.98,0.17999999999999994,0.8,1.4,-0.5999999999999999,1591.73,1465.22,126.50999999999999,1x0,1,0,1,1,H
27.4,20.8,6.599999999999998,Fraca,Fraca,Fraca vs Fraca,0.87,1.06,-0.19000000000000006,1.2,1.22,-0.020000000000000018,1501.5,1455.0,46.5,0x1,0,1,-1,1,A
21.3,8.1,13.200000000000001,Fraca,Muito Fraca,Fraca vs Muito Fraca,0.89,0.92,-0.030000000000000027,1.15,1.98,-0.8300000000000001,1460.0,1410.0,50.0,3x0,3,0,3,3,H
75.4,63.9,11.500000000000007,Forte,Forte,Forte vs Forte,1.94,1.62,0.31999999999999984,0.74,0.88,-0.14,1760.46,1701.3,59.16000000000008,1x0,1,0,1,1,H
31.4,31.4,0.0,Fraca,Fraca,Fraca vs Fraca,1.66,1.66,0.0,1.05,1.05,0.0,1500.0,1500.0,0.0,0x2,0,2,-2,2,A
31.4,31.4,0.0,Fraca,Fraca,Fraca vs Fraca,1.66,1.66,0.0,1.05,1.05,0.0,1500.0,1500.0,0.0,0x3,0,3,-3,3,A
31.4,8.1,23.299999999999997,Fraca,Muito Fraca,Fraca vs Muito Fraca,1.66,0.92,0.7399999999999999,1.05,1.98,-0.9299999999999999,1500.0,1410.0,90.0,0x1,0,1,-1,1,A
59.0,45.4,13.600000000000001,Média,Média,Média vs Média,1.42,1.16,0.26,0.9,0.8,0.09999999999999998,1675.75,1591.73,84.01999999999998,2x3,2,3,-1,5,A
31.4,31.4,0.0,Fraca,Fraca,Fraca vs Fraca,1.66,1.66,0.0,1.05,1.05,0.0,1500.0,1500.0,0.0,3x0,3,0,3,3,H
8.1,27.4,-19.299999999999997,Muito Fraca,Fraca,Muito Fraca vs Fraca,0.92,0.87,0.050000000000000044,1.98,1.2,0.78,1410.0,1501.5,-91.5,4x0,4,0,4,4,H
63.9,45.4,18.5,Forte,Média,Forte vs Média,1.62,1.16,0.4600000000000002,0.88,0.8,0.07999999999999996,1701.3,1591.73,109.56999999999994,0x0,0,0,0,0,D
95.2,21.3,73.9,Muito Forte,Fraca,Muito Forte vs Fraca,2.06,0.89,1.17,0.45,1.15,-0.7,1873.33,1460.0,413.3299999999999,1x0,1,0,1,1,H
75.4,58.7,16.700000000000003,Forte,Média,Forte vs Média,1.94,1.34,0.5999999999999999,0.74,0.82,-0.07999999999999996,1760.46,1672.62,87.84000000000015,4x1,4,1,3,5,H
20.8,20.9,-0.09999999999999787,Fraca,Fraca,Fraca vs Fraca,1.06,0.98,0.08000000000000007,1.22,1.4,-0.17999999999999994,1455.0,1465.22,-10.220000000000027,3x0,3,0,3,3,H
14.8,19.0,-4.199999999999999,Muito Fraca,Muito Fraca,Muito Fraca vs Muito Fraca,1.15,1.27,-0.1200000000000001,1.35,1.26,0.09000000000000008,1420.0,1440.0,-20.0,0x2,0,2,-2,2,A
62.3,19.3,43.0,Forte,Muito Fraca,Forte vs Muito Fraca,1.95,1.4,0.55,0.86,1.17,-0.30999999999999994,1681.88,1435.0,246.8800000000001,2x1,2,1,1,3,H
42.6,36.3,6.300000000000004,Média,Fraca,Média vs Fraca,1.88,1.61,0.2699999999999998,0.89,1.23,-0.33999999999999997,1559.15,1540.43,18.720000000000027,4x1,4,1,3,5,H
31.4,59.0,-27.6,Fraca,Média,Fraca vs Média,1.66,1.42,0.24,1.05,0.9,0.15000000000000002,1500.0,1675.75,-175.75,0x2,0,2,-2,2,A
31.4,31.4,0.0,Fraca,Fraca,Fraca vs Fraca,1.66,1.66,0.0,1.05,1.05,0.0,1500.0,1500.0,0.0,1x3,1,3,-2,4,A
53.5,49.1,4.399999999999999,Média,Média,Média vs Média,2.07,2.0,0.06999999999999984,0.73,0.93,-0.20000000000000007,1617.02,1599.45,17.569999999999936,1x1,1,1,0,2,D
31.4,31.4,0.0,Fraca,Fraca,Fraca vs Fraca,1.66,1.66,0.0,1.05,1.05,0.0,1500.0,1500.0,0.0,2x3,2,3,-1,5,A
31.4,31.4,0.0,Fraca,Fraca,Fraca vs Fraca,1.66,1.66,0.0,1.05,1.05,0.0,1500.0,1500.0,0.0,2x2,2,2,0,4,D
61.5,45.4,16.1,Forte,Média,Forte vs Média,2.67,1.77,0.8999999999999999,0.67,0.75,-0.07999999999999996,1650.12,1574.01,76.1099999999999,2x1,2,1,1,3,H
31.4,31.4,0.0,Fraca,Fraca,Fraca vs Fraca,1.66,1.66,0.0,1.05,1.05,0.0,1500.0,1500.0,0.0,3x1,3,1,2,4,H
31.4,31.4,0.0,Fraca,Fraca,Fraca vs Fraca,1.66,1.66,0.0,1.05,1.05,0.0,1500.0,1500.0,0.0,3x2,3,2,1,5,H
77.0,31.4,45.6,Forte,Fraca,Forte vs Fraca,2.45,1.66,0.7900000000000003,0.8,1.05,-0.25,1760.38,1500.0,260.3800000000001,5x0,5,0,5,5,H
31.9,31.4,0.5,Fraca,Fraca,Fraca vs Fraca,1.55,1.66,-0.10999999999999988,1.06,1.05,0.010000000000000009,1506.34,1500.0,6.339999999999918,3x1,3,1,2,4,H
31.4,31.4,0.0,Fraca,Fraca,Fraca vs Fraca,1.66,1.66,0.0,1.05,1.05,0.0,1500.0,1500.0,0.0,2x0,2,0,2,2,H
31.4,24.7,6.699999999999999,Fraca,Fraca,Fraca vs Fraca,1.66,1.09,0.5699999999999998,1.05,1.24,-0.18999999999999995,1500.0,1480.0,20.0,2x1,2,1,1,3,H
31.4,55.2,-23.800000000000004,Fraca,Média,Fraca vs Média,1.66,1.77,-0.1100000000000001,1.05,1.18,-0.1299999999999999,1500.0,1654.69,-154.69000000000005,0x4,0,4,-4,4,A
31.4,31.4,0.0,Fraca,Fraca,Fraca vs Fraca,1.66,1.66,0.0,1.05,1.05,0.0,1500.0,1500.0,0.0,0x2,0,2,-2,2,A
36.7,31.4,5.300000000000004,Fraca,Fraca,Fraca vs Fraca,1.4,1.66,-0.26,1.45,1.05,0.3999999999999999,1557.47,1500.0,57.47000000000003,1x1,1,1,0,2,D
31.4,30.2,1.1999999999999993,Fraca,Fraca,Fraca vs Fraca,1.66,1.42,0.24,1.05,1.24,-0.18999999999999995,1500.0,1506.77,-6.769999999999982,0x1,0,1,-1,1,A
51.6,45.4,6.200000000000003,Média,Média,Média vs Média,1.9,1.84,0.05999999999999983,0.9,1.07,-0.17000000000000004,1616.75,1585.51,31.24000000000001,1x0,1,0,1,1,H
31.4,31.4,0.0,Fraca,Fraca,Fraca vs Fraca,1.66,1.66,0.0,1.05,1.05,0.0,1500.0,1500.0,0.0,2x1,2,1,1,3,H
89.0,31.4,57.6,Muito Forte,Fraca,Muito Forte vs Fraca,2.18,1.66,0.5200000000000002,0.58,1.05,-0.4700000000000001,1834.12,1500.0,334.1199999999999,1x1,1,1,0,2,D
31.4,35.0,-3.6000000000000014,Fraca,Fraca,Fraca vs Fraca,1.66,1.67,-0.010000000000000009,1.05,1.26,-0.20999999999999996,1500.0,1532.04,-32.039999999999964,0x1,0,1,-1,1,A
31.4,31.4,0.0,Fraca,Fraca,Fraca vs Fraca,1.66,1.66,0.0,1.05,1.05,0.0,1500.0,1500.0,0.0,0x4,0,4,-4,4,A
31.4,24.6,6.799999999999997,Fraca,Fraca,Fraca vs Fraca,1.66,1.27,0.3899999999999999,1.05,1.13,-0.07999999999999985,1500.0,1470.0,30.0,0x1,0,1,-1,1,A
31.4,31.4,0.0,Fraca,Fraca,Fraca vs Fraca,1.66,1.66,0.0,1.05,1.05,0.0,1500.0,1500.0,0.0,1x0,1,0,1,1,H
31.4,63.7,-32.300000000000004,Fraca,Forte,Fraca vs Forte,1.66,1.8,-0.14000000000000012,1.05,0.64,0.41000000000000003,1500.0,1684.86,-184.8599999999999,1x3,1,3,-2,4,A
31.4,31.4,0.0,Fraca,Fraca,Fraca vs Fraca,1.66,1.66,0.0,1.05,1.05,0.0,1500.0,1500.0,0.0,0x1,0,1,-1,1,A
31.4,31.4,0.0,Fraca,Fraca,Fraca vs Fraca,1.66,1.66,0.0,1.05,1.05,0.0,1500.0,1500.0,0.0,3x0,3,0,3,3,H
28.6,31.4,-2.799999999999997,Fraca,Fraca,Fraca vs Fraca,1.1,1.66,-0.5599999999999998,1.13,1.05,0.07999999999999985,1500.0,1500.0,0.0,4x0,4,0,4,4,H
73.4,31.4,42.00000000000001,Forte,Fraca,Forte vs Fraca,1.98,1.66,0.32000000000000006,0.46,1.05,-0.5900000000000001,1736.56,1500.0,236.55999999999995,4x1,4,1,3,5,H
31.4,31.4,0.0,Fraca,Fraca,Fraca vs Fraca,1.66,1.66,0.0,1.05,1.05,0.0,1500.0,1500.0,0.0,0x2,0,2,-2,2,A
31.4,33.9,-2.5,Fraca,Fraca,Fraca vs Fraca,1.66,1.27,0.3899999999999999,1.05,1.14,-0.08999999999999986,1500.0,1529.71,-29.710000000000036,0x1,0,1,-1,1,A
74.8,31.4,43.4,Forte,Fraca,Forte vs Fraca,2.36,1.66,0.7,0.99,1.05,-0.06000000000000005,1756.27,1500.0,256.27,6x0,6,0,6,6,H
31.4,31.4,0.0,Fraca,Fraca,Fraca vs Fraca,1.66,1.66,0.0,1.05,1.05,0.0,1500.0,1500.0,0.0,2x0,2,0,2,2,H
31.4,31.4,0.0,Fraca,Fraca,Fraca vs Fraca,1.66,1.66,0.0,1.05,1.05,0.0,1500.0,1500.0,0.0,1x2,1,2,-1,3,A
65.6,31.4,34.199999999999996,Forte,Fraca,Forte vs Fraca,1.75,1.66,0.09000000000000008,1.07,1.05,0.020000000000000018,1716.88,1500.0,216.8800000000001,2x2,2,2,0,4,D
31.4,31.4,0.0,Fraca,Fraca,Fraca vs Fraca,1.66,1.66,0.0,1.05,1.05,0.0,1500.0,1500.0,0.0,1x2,1,2,-1,3,A
31.4,31.4,0.0,Fraca,Fraca,Fraca vs Fraca,1.66,1.66,0.0,1.05,1.05,0.0,1500.0,1500.0,0.0,4x0,4,0,4,4,H
31.4,67.7,-36.300000000000004,Fraca,Forte,Fraca vs Forte,1.66,2.21,-0.55,1.05,1.21,-0.15999999999999992,1500.0,1724.15,-224.1500000000001,0x4,0,4,-4,4,A
31.4,31.4,0.0,Fraca,Fraca,Fraca vs Fraca,1.66,1.66,0.0,1.05,1.05,0.0,1500.0,1500.0,0.0,1x0,1,0,1,1,H
31.4,31.4,0.0,Fraca,Fraca,Fraca vs Fraca,1.66,1.66,0.0,1.05,1.05,0.0,1500.0,1500.0,0.0,2x0,2,0,2,2,H
31.4,28.9,2.5,Fraca,Fraca,Fraca vs Fraca,1.66,1.38,0.28,1.05,0.83,0.22000000000000008,1500.0,1482.39,17.6099999999999,0x1,0,1,-1,1,A
31.4,31.4,0.0,Fraca,Fraca,Fraca vs Fraca,1.66,1.66,0.0,1.05,1.05,0.0,1500.0,1500.0,0.0,2x1,2,1,1,3,H
31.4,42.3,-10.899999999999999,Fraca,Média,Fraca vs Média,1.66,1.56,0.09999999999999987,1.05,0.69,0.3600000000000001,1500.0,1556.72,-56.72000000000003,0x3,0,3,-3,3,A
31.4,31.4,0.0,Fraca,Fraca,Fraca vs Fraca,1.66,1.66,0.0,1.05,1.05,0.0,1500.0,1500.0,0.0,0x3,0,3,-3,3,A
19.3,31.4,-12.099999999999998,Muito Fraca,Fraca,Muito Fraca vs Fraca,1.4,1.66,-0.26,1.17,1.05,0.11999999999999988,1435.0,1500.0,-65.0,2x1,2,1,1,3,H
19.0,42.6,-23.6,Muito Fraca,Média,Muito Fraca vs Média,1.27,1.88,-0.6099999999999999,1.26,0.89,0.37,1440.0,1559.15,-119.15000000000009,0x0,0,0,0,0,D
36.3,62.3,-26.0,Fraca,Forte,Fraca vs Forte,1.61,1.95,-0.33999999999999986,1.23,0.86,0.37,1540.43,1681.88,-141.45000000000005,1x0,1,0,1,1,H
59.0,14.8,44.2,Média,Muito Fraca,Média vs Muito Fraca,1.42,1.15,0.27,0.9,1.35,-0.45000000000000007,1675.75,1420.0,255.75,3x0,3,0,3,3,H
31.4,31.4,0.0,Fraca,Fraca,Fraca vs Fraca,1.66,1.66,0.0,1.05,1.05,0.0,1500.0,1500.0,0.0,1x1,1,1,0,2,D
31.4,31.4,0.0,Fraca,Fraca,Fraca vs Fraca,1.66,1.66,0.0,1.05,1.05,0.0,1500.0,1500.0,0.0,0x0,0,0,0,0,D
31.4,44.7,-13.300000000000004,Fraca,Média,Fraca vs Média,1.66,1.56,0.09999999999999987,1.05,0.91,0.14,1500.0,1581.56,-81.55999999999995,0x2,0,2,-2,2,A
31.4,31.4,0.0,Fraca,Fraca,Fraca vs Fraca,1.66,1.66,0.0,1.05,1.05,0.0,1500.0,1500.0,0.0,0x1,0,1,-1,1,A
31.4,31.4,0.0,Fraca,Fraca,Fraca vs Fraca,1.66,1.66,0.0,1.05,1.05,0.0,1500.0,1500.0,0.0,1x0,1,0,1,1,H
8.1,21.3,-13.200000000000001,Muito Fraca,Fraca,Muito Fraca vs Fraca,0.92,0.89,0.030000000000000027,1.98,1.15,0.8300000000000001,1410.0,1460.0,-50.0,1x0,1,0,1,1,H
63.9,75.4,-11.500000000000007,Forte,Forte,Forte vs Forte,1.62,1.94,-0.31999999999999984,0.88,0.74,0.14,1701.3,1760.46,-59.16000000000008,0x0,0,0,0,0,D
20.9,45.4,-24.5,Fraca,Média,Fraca vs Média,0.98,1.16,-0.17999999999999994,1.4,0.8,0.5999999999999999,1465.22,1591.73,-126.50999999999999,2x1,2,1,1,3,H
95.2,58.7,36.5,Muito Forte,Média,Muito Forte vs Média,2.06,1.34,0.72,0.45,0.82,-0.36999999999999994,1873.33,1672.62,200.71000000000004,3x0,3,0,3,3,H
20.8,27.4,-6.599999999999998,Fraca,Fraca,Fraca vs Fraca,1.06,0.87,0.19000000000000006,1.22,1.2,0.020000000000000018,1455.0,1501.5,-46.5,2x0,2,0,2,2,H
31.4,31.4,0.0,Fraca,Fraca,Fraca vs Fraca,1.66,1.66,0.0,1.05,1.05,0.0,1500.0,1500.0,0.0,0x1,0,1,-1,1,A
64.4,70.2,-5.799999999999997,Forte,Forte,Forte vs Forte,1.9,2.11,-0.20999999999999996,0.99,0.93,0.05999999999999994,1702.06,1730.71,-28.65000000000009,2x1,2,1,1,3,H
94.9,92.6,2.3000000000000114,Muito Forte,Muito Forte,Muito Forte vs Muito Forte,2.33,2.17,0.16000000000000014,0.79,0.88,-0.08999999999999997,1877.18,1870.0,7.180000000000064,1x2,1,2,-1,3,A
31.4,28.6,2.799999999999997,Fraca,Fraca,Fraca vs Fraca,1.66,1.1,0.5599999999999998,1.05,1.13,-0.07999999999999985,1500.0,1500.0,0.0,0x3,0,3,-3,3,A
31.4,31.9,-0.5,Fraca,Fraca,Fraca vs Fraca,1.66,1.55,0.10999999999999988,1.05,1.06,-0.010000000000000009,1500.0,1506.34,-6.339999999999918,0x1,0,1,-1,1,A
31.4,31.4,0.0,Fraca,Fraca,Fraca vs Fraca,1.66,1.66,0.0,1.05,1.05,0.0,1500.0,1500.0,0.0,3x0,3,0,3,3,H
31.4,31.4,0.0,Fraca,Fraca,Fraca vs Fraca,1.66,1.66,0.0,1.05,1.05,0.0,1500.0,1500.0,0.0,0x2,0,2,-2,2,A
31.4,31.4,0.0,Fraca,Fraca,Fraca vs Fraca,1.66,1.66,0.0,1.05,1.05,0.0,1500.0,1500.0,0.0,3x1,3,1,2,4,H
55.2,24.7,30.500000000000004,Média,Fraca,Média vs Fraca,1.77,1.09,0.6799999999999999,1.18,1.24,-0.06000000000000005,1654.69,1480.0,174.69000000000005,2x0,2,0,2,2,H
31.4,36.7,-5.300000000000004,Fraca,Fraca,Fraca vs Fraca,1.66,1.4,0.26,1.05,1.45,-0.3999999999999999,1500.0,1557.47,-57.47000000000003,1x2,1,2,-1,3,A
30.2,31.4,-1.1999999999999993,Fraca,Fraca,Fraca vs Fraca,1.42,1.66,-0.24,1.24,1.05,0.18999999999999995,1506.77,1500.0,6.769999999999982,3x2,3,2,1,5,H
31.4,45.4,-14.0,Fraca,Média,Fraca vs Média,1.66,1.84,-0.18000000000000016,1.05,1.07,-0.020000000000000018,1500.0,1585.51,-85.50999999999999,0x2,0,2,-2,2,A
31.4,51.6,-20.200000000000003,Fraca,Média,Fraca vs Média,1.66,1.9,-0.24,1.05,0.9,0.15000000000000002,1500.0,1616.75,-116.75,0x4,0,4,-4,4,A
31.4,89.0,-57.6,Fraca,Muito Forte,Fraca vs Muito Forte,1.66,2.18,-0.5200000000000002,1.05,0.58,0.4700000000000001,1500.0,1834.12,-334.1199999999999,0x5,0,5,-5,5,A
31.4,31.4,0.0,Fraca,Fraca,Fraca vs Fraca,1.66,1.66,0.0,1.05,1.05,0.0,1500.0,1500.0,0.0,0x1,0,1,-1,1,A
35.0,31.4,3.6000000000000014,Fraca,Fraca,Fraca vs Fraca,1.67,1.66,0.010000000000000009,1.26,1.05,0.20999999999999996,1532.04,1500.0,32.039999999999964,5x0,5,0,5,5,H
31.4,31.4,0.0,Fraca,Fraca,Fraca vs Fraca,1.66,1.66,0.0,1.05,1.05,0.0,1500.0,1500.0,0.0,1x3,1,3,-2,4,A
24.6,31.4,-6.799999999999997,Fraca,Fraca,Fraca vs Fraca,1.27,1.66,-0.3899999999999999,1.13,1.05,0.07999999999999985,1470.0,1500.0,-30.0,3x1,3,1,2,4,H
63.7,31.4,32.300000000000004,Forte,Fraca,Forte vs Fraca,1.8,1.66,0.14000000000000012,0.64,1.05,-0.41000000000000003,1684.86,1500.0,184.8599999999999,4x1,4,1,3,5,H
31.4,31.4,0.0,Fraca,Fraca,Fraca vs Fraca,1.66,1.66,0.0,1.05,1.05,0.0,1500.0,1500.0,0.0,1x2,1,2,-1,3,A
77.0,31.4,45.6,Forte,Fraca,Forte vs Fraca,2.45,1.66,0.7900000000000003,0.8,1.05,-0.25,1760.38,1500.0,260.3800000000001,3x0,3,0,3,3,H
31.4,31.4,0.0,Fraca,Fraca,Fraca vs Fraca,1.66,1.66,0.0,1.05,1.05,0.0,1500.0,1500.0,0.0,5x1,5,1,4,6,H
73.4,31.4,42.00000000000001,Forte,Fraca,Forte vs Fraca,1.98,1.66,0.32000000000000006,0.46,1.05,-0.5900000000000001,1736.56,1500.0,236.55999999999995,3x0,3,0,3,3,H
31.4,33.9,-2.5,Fraca,Fraca,Fraca vs Fraca,1.66,1.27,0.3899999999999999,1.05,1.14,-0.08999999999999986,1500.0,1529.71,-29.710000000000036,2x2,2,2,0,4,D
31.4,74.8,-43.4,Fraca,Forte,Fraca vs Forte,1.66,2.36,-0.7,1.05,0.99,0.06000000000000005,1500.0,1756.27,-256.27,0x1,0,1,-1,1,A
31.4,31.4,0.0,Fraca,Fraca,Fraca vs Fraca,1.66,1.66,0.0,1.05,1.05,0.0,1500.0,1500.0,0.0,1x1,1,1,0,2,D
31.4,31.4,0.0,Fraca,Fraca,Fraca vs Fraca,1.66,1.66,0.0,1.05,1.05,0.0,1500.0,1500.0,0.0,0x4,0,4,-4,4,A
31.4,65.6,-34.199999999999996,Fraca,Forte,Fraca vs Forte,1.66,1.75,-0.09000000000000008,1.05,1.07,-0.020000000000000018,1500.0,1716.88,-216.8800000000001,0x3,0,3,-3,3,A
31.4,31.4,0.0,Fraca,Fraca,Fraca vs Fraca,1.66,1.66,0.0,1.05,1.05,0.0,1500.0,1500.0,0.0,1x0,1,0,1,1,H
31.4,31.4,0.0,Fraca,Fraca,Fraca vs Fraca,1.66,1.66,0.0,1.05,1.05,0.0,1500.0,1500.0,0.0,1x1,1,1,0,2,D
67.7,31.4,36.300000000000004,Forte,Fraca,Forte vs Fraca,2.21,1.66,0.55,1.21,1.05,0.15999999999999992,1724.15,1500.0,224.1500000000001,2x1,2,1,1,3,H
31.4,31.4,0.0,Fraca,Fraca,Fraca vs Fraca,1.66,1.66,0.0,1.05,1.05,0.0,1500.0,1500.0,0.0,0x4,0,4,-4,4,A
31.4,31.4,0.0,Fraca,Fraca,Fraca vs Fraca,1.66,1.66,0.0,1.05,1.05,0.0,1500.0,1500.0,0.0,6x1,6,1,5,7,H
31.4,31.4,0.0,Fraca,Fraca,Fraca vs Fraca,1.66,1.66,0.0,1.05,1.05,0.0,1500.0,1500.0,0.0,0x4,0,4,-4,4,A
31.4,31.4,0.0,Fraca,Fraca,Fraca vs Fraca,1.66,1.66,0.0,1.05,1.05,0.0,1500.0,1500.0,0.0,0x3,0,3,-3,3,A
28.9,31.4,-2.5,Fraca,Fraca,Fraca vs Fraca,1.38,1.66,-0.28,0.83,1.05,-0.22000000000000008,1482.39,1500.0,-17.6099999999999,3x1,3,1,2,4,H
42.3,31.4,10.899999999999999,Média,Fraca,Média vs Fraca,1.56,1.66,-0.09999999999999987,0.69,1.05,-0.3600000000000001,1556.72,1500.0,56.72000000000003,1x0,1,0,1,1,H
31.4,31.4,0.0,Fraca,Fraca,Fraca vs Fraca,1.66,1.66,0.0,1.05,1.05,0.0,1500.0,1500.0,0.0,0x0,0,0,0,0,D
49.1,31.4,17.700000000000003,Média,Fraca,Média vs Fraca,2.0,1.66,0.3400000000000001,0.93,1.05,-0.12,1599.45,1500.0,99.45000000000005,2x1,2,1,1,3,H
31.4,53.5,-22.1,Fraca,Média,Fraca vs Média,1.66,2.07,-0.4099999999999999,1.05,0.73,0.32000000000000006,1500.0,1617.02,-117.01999999999998,0x1,0,1,-1,1,A
31.4,61.5,-30.1,Fraca,Forte,Fraca vs Forte,1.66,2.67,-1.01,1.05,0.67,0.38,1500.0,1650.12,-150.1199999999999,1x0,1,0,1,1,H
31.4,31.4,0.0,Fraca,Fraca,Fraca vs Fraca,1.66,1.66,0.0,1.05,1.05,0.0,1500.0,1500.0,0.0,3x2,3,2,1,5,H
45.4,31.4,14.0,Média,Fraca,Média vs Fraca,1.77,1.66,0.1100000000000001,0.75,1.05,-0.30000000000000004,1574.01,1500.0,74.00999999999999,3x1,3,1,2,4,H
14.8,19.3,-4.5,Muito Fraca,Muito Fraca,Muito Fraca vs Muito Fraca,1.15,1.4,-0.25,1.35,1.17,0.18000000000000016,1420.0,1435.0,-15.0,0x0,0,0,0,0,D
62.3,19.0,43.3,Forte,Muito Fraca,Forte vs Muito Fraca,1.95,1.27,0.6799999999999999,0.86,1.26,-0.4,1681.88,1440.0,241.8800000000001,2x0,2,0,2,2,H
31.4,36.3,-4.899999999999999,Fraca,Fraca,Fraca vs Fraca,1.66,1.61,0.04999999999999982,1.05,1.23,-0.17999999999999994,1500.0,1540.43,-40.430000000000064,1x0,1,0,1,1,H
59.0,42.6,16.4,Média,Média,Média vs Média,1.42,1.88,-0.45999999999999996,0.9,0.89,0.010000000000000009,1675.75,1559.15,116.59999999999991,1x1,1,1,0,2,D
31.4,31.4,0.0,Fraca,Fraca,Fraca vs Fraca,1.66,1.66,0.0,1.05,1.05,0.0,1500.0,1500.0,0.0,2x0,2,0,2,2,H
31.4,31.4,0.0,Fraca,Fraca,Fraca vs Fraca,1.66,1.66,0.0,1.05,1.05,0.0,1500.0,1500.0,0.0,3x0,3,0,3,3,H
44.7,31.4,13.300000000000004,Média,Fraca,Média vs Fraca,1.56,1.66,-0.09999999999999987,0.91,1.05,-0.14,1581.56,1500.0,81.55999999999995,0x1,0,1,-1,1,A
31.4,31.4,0.0,Fraca,Fraca,Fraca vs Fraca,1.66,1.66,0.0,1.05,1.05,0.0,1500.0,1500.0,0.0,0x1,0,1,-1,1,A
31.4,31.4,0.0,Fraca,Fraca,Fraca vs Fraca,1.66,1.66,0.0,1.05,1.05,0.0,1500.0,1500.0,0.0,5x0,5,0,5,5,H
45.4,8.1,37.3,Média,Muito Fraca,Média vs Muito Fraca,1.16,0.92,0.23999999999999988,0.8,1.98,-1.18,1591.73,1410.0,181.73000000000002,3x0,3,0,3,3,H
20.9,75.4,-54.50000000000001,Fraca,Forte,Fraca vs Forte,0.98,1.94,-0.96,1.4,0.74,0.6599999999999999,1465.22,1760.46,-295.24,1x3,1,3,-2,4,A
27.4,95.2,-67.80000000000001,Fraca,Muito Forte,Fraca vs Muito Forte,0.87,2.06,-1.19,1.2,0.45,0.75,1501.5,1873.33,-371.8299999999999,0x0,0,0,0,0,D
21.3,20.8,0.5,Fraca,Fraca,Fraca vs Fraca,0.89,1.06,-0.17000000000000004,1.15,1.22,-0.07000000000000006,1460.0,1455.0,5.0,2x0,2,0,2,2,H
58.7,63.9,-5.199999999999996,Média,Forte,Média vs Forte,1.34,1.62,-0.28,0.82,0.88,-0.06000000000000005,1672.62,1701.3,-28.680000000000064,0x0,0,0,0,0,D
31.4,31.4,0.0,Fraca,Fraca,Fraca vs Fraca,1.66,1.66,0.0,1.05,1.05,0.0,1500.0,1500.0,0.0,2x1,2,1,1,3,H
31.4,31.4,0.0,Fraca,Fraca,Fraca vs Fraca,1.66,1.66,0.0,1.05,1.05,0.0,1500.0,1500.0,0.0,0x0,0,0,0,0,D
70.2,92.6,-22.39999999999999,Forte,Muito Forte,Forte vs Muito Forte,2.11,2.17,-0.06000000000000005,0.93,0.88,0.050000000000000044,1730.71,1870.0,-139.28999999999996,2x3,2,3,-1,5,A
73.4,31.4,42.00000000000001,Forte,Fraca,Forte vs Fraca,1.98,1.66,0.32000000000000006,0.46,1.05,-0.5900000000000001,1736.56,1500.0,236.55999999999995,5x0,5,0,5,5,H
31.4,31.4,0.0,Fraca,Fraca,Fraca vs Fraca,1.66,1.66,0.0,1.05,1.05,0.0,1500.0,1500.0,0.0,4x0,4,0,4,4,H
31.4,31.4,0.0,Fraca,Fraca,Fraca vs Fraca,1.66,1.66,0.0,1.05,1.05,0.0,1500.0,1500.0,0.0,4x0,4,0,4,4,H
64.4,94.9,-30.5,Forte,Muito Forte,Forte vs Muito Forte,1.9,2.33,-0.43000000000000016,0.99,0.79,0.19999999999999996,1702.06,1877.18,-175.12000000000012,1x2,1,2,-1,3,A
31.4,31.4,0.0,Fraca,Fraca,Fraca vs Fraca,1.66,1.66,0.0,1.05,1.05,0.0,1500.0,1500.0,0.0,1x1,1,1,0,2,D
42.3,31.4,10.899999999999999,Média,Fraca,Média vs Fraca,1.56,1.66,-0.09999999999999987,0.69,1.05,-0.3600000000000001,1556.72,1500.0,56.72000000000003,2x0,2,0,2,2,H
31.4,31.4,0.0,Fraca,Fraca,Fraca vs Fraca,1.66,1.66,0.0,1.05,1.05,0.0,1500.0,1500.0,0.0,0x2,0,2,-2,2,A
63.9,20.8,43.099999999999994,Forte,Fraca,Forte vs Fraca,1.62,1.06,0.56,0.88,1.22,-0.33999999999999997,1701.3,1455.0,246.29999999999995,3x1,3,1,2,4,H
27.4,20.9,6.5,Fraca,Fraca,Fraca vs Fraca,0.87,0.98,-0.10999999999999999,1.2,1.4,-0.19999999999999996,1501.5,1465.22,36.27999999999997,2x1,2,1,1,3,H
58.7,45.4,13.300000000000004,Média,Média,Média vs Média,1.34,1.16,0.18000000000000016,0.82,0.8,0.019999999999999907,1672.62,1591.73,80.88999999999987,1x0,1,0,1,1,H
95.2,8.1,87.10000000000001,Muito Forte,Muito Fraca,Muito Forte vs Muito Fraca,2.06,0.92,1.1400000000000001,0.45,1.98,-1.53,1873.33,1410.0,463.3299999999999,3x0,3,0,3,3,H
75.4,21.3,54.10000000000001,Forte,Fraca,Forte vs Fraca,1.94,0.89,1.0499999999999998,0.74,1.15,-0.4099999999999999,1760.46,1460.0,300.46000000000004,2x0,2,0,2,2,H
31.4,31.4,0.0,Fraca,Fraca,Fraca vs Fraca,1.66,1.66,0.0,1.05,1.05,0.0,1500.0,1500.0,0.0,4x1,4,1,3,5,H
31.4,36.7,-5.300000000000004,Fraca,Fraca,Fraca vs Fraca,1.66,1.4,0.26,1.05,1.45,-0.3999999999999999,1500.0,1557.47,-57.47000000000003,1x1,1,1,0,2,D
31.4,31.4,0.0,Fraca,Fraca,Fraca vs Fraca,1.66,1.66,0.0,1.05,1.05,0.0,1500.0,1500.0,0.0,2x2,2,2,0,4,D
31.4,94.9,-63.50000000000001,Fraca,Muito Forte,Fraca vs Muito Forte,1.66,2.33,-0.6700000000000002,1.05,0.79,0.26,1500.0,1877.18,-377.18000000000006,0x2,0,2,-2,2,A
31.4,31.4,0.0,Fraca,Fraca,Fraca vs Fraca,1.66,1.66,0.0,1.05,1.05,0.0,1500.0,1500.0,0.0,2x1,2,1,1,3,H
24.7,55.2,-30.500000000000004,Fraca,Média,Fraca vs Média,1.09,1.77,-0.6799999999999999,1.24,1.18,0.06000000000000005,1480.0,1654.69,-174.69000000000005,0x0,0,0,0,0,D
64.4,31.4,33.00000000000001,Forte,Fraca,Forte vs Fraca,1.9,1.66,0.24,0.99,1.05,-0.06000000000000005,1702.06,1500.0,202.05999999999995,5x0,5,0,5,5,H
33.9,31.4,2.5,Fraca,Fraca,Fraca vs Fraca,1.27,1.66,-0.3899999999999999,1.14,1.05,0.08999999999999986,1529.71,1500.0,29.710000000000036,0x0,0,0,0,0,D
31.4,70.2,-38.800000000000004,Fraca,Forte,Fraca vs Forte,1.66,2.11,-0.44999999999999996,1.05,0.93,0.12,1500.0,1730.71,-230.71000000000004,0x1,0,1,-1,1,A
31.4,31.4,0.0,Fraca,Fraca,Fraca vs Fraca,1.66,1.66,0.0,1.05,1.05,0.0,1500.0,1500.0,0.0,5x0,5,0,5,5,H
31.4,31.4,0.0,Fraca,Fraca,Fraca vs Fraca,1.66,1.66,0.0,1.05,1.05,0.0,1500.0,1500.0,0.0,2x1,2,1,1,3,H
35.0,89.0,-54.0,Fraca,Muito Forte,Fraca vs Muito Forte,1.67,2.18,-0.5100000000000002,1.26,0.58,0.68,1532.04,1834.12,-302.0799999999999,1x1,1,1,0,2,D
31.4,67.7,-36.300000000000004,Fraca,Forte,Fraca vs Forte,1.66,2.21,-0.55,1.05,1.21,-0.15999999999999992,1500.0,1724.15,-224.1500000000001,0x4,0,4,-4,4,A
31.4,31.4,0.0,Fraca,Fraca,Fraca vs Fraca,1.66,1.66,0.0,1.05,1.05,0.0,1500.0,1500.0,0.0,0x0,0,0,0,0,D
19.3,19.0,0.3000000000000007,Muito Fraca,Muito Fraca,Muito Fraca vs Muito Fraca,1.4,1.27,0.1299999999999999,1.17,1.26,-0.09000000000000008,1435.0,1440.0,-5.0,1x1,1,1,0,2,D
36.3,59.0,-22.700000000000003,Fraca,Média,Fraca vs Média,1.61,1.42,0.19000000000000017,1.23,0.9,0.32999999999999996,1540.43,1675.75,-135.31999999999994,1x1,1,1,0,2,D
42.6,31.4,11.200000000000003,Média,Fraca,Média vs Fraca,1.88,1.66,0.21999999999999997,0.89,1.05,-0.16000000000000003,1559.15,1500.0,59.15000000000009,3x0,3,0,3,3,H
14.8,62.3,-47.5,Muito Fraca,Forte,Muito Fraca vs Forte,1.15,1.95,-0.8,1.35,0.86,0.4900000000000001,1420.0,1681.88,-261.8800000000001,1x4,1,4,-3,5,A
31.4,31.4,0.0,Fraca,Fraca,Fraca vs Fraca,1.66,1.66,0.0,1.05,1.05,0.0,1500.0,1500.0,0.0,1x2,1,2,-1,3,A
31.4,31.4,0.0,Fraca,Fraca,Fraca vs Fraca,1.66,1.66,0.0,1.05,1.05,0.0,1500.0,1500.0,0.0,1x1,1,1,0,2,D
31.4,31.4,0.0,Fraca,Fraca,Fraca vs Fraca,1.66,1.66,0.0,1.05,1.05,0.0,1500.0,1500.0,0.0,1x1,1,1,0,2,D
31.4,31.4,0.0,Fraca,Fraca,Fraca vs Fraca,1.66,1.66,0.0,1.05,1.05,0.0,1500.0,1500.0,0.0,0x2,0,2,-2,2,A
31.4,44.7,-13.300000000000004,Fraca,Média,Fraca vs Média,1.66,1.56,0.09999999999999987,1.05,0.91,0.14,1500.0,1581.56,-81.55999999999995,1x2,1,2,-1,3,A
31.4,63.7,-32.300000000000004,Fraca,Forte,Fraca vs Forte,1.66,1.8,-0.14000000000000012,1.05,0.64,0.41000000000000003,1500.0,1684.86,-184.8599999999999,1x3,1,3,-2,4,A
31.4,31.4,0.0,Fraca,Fraca,Fraca vs Fraca,1.66,1.66,0.0,1.05,1.05,0.0,1500.0,1500.0,0.0,1x1,1,1,0,2,D
49.1,31.4,17.700000000000003,Média,Fraca,Média vs Fraca,2.0,1.66,0.3400000000000001,0.93,1.05,-0.12,1599.45,1500.0,99.45000000000005,1x0,1,0,1,1,H
31.4,53.5,-22.1,Fraca,Média,Fraca vs Média,1.66,2.07,-0.4099999999999999,1.05,0.73,0.32000000000000006,1500.0,1617.02,-117.01999999999998,0x3,0,3,-3,3,A
31.4,61.5,-30.1,Fraca,Forte,Fraca vs Forte,1.66,2.67,-1.01,1.05,0.67,0.38,1500.0,1650.12,-150.1199999999999,0x1,0,1,-1,1,A
31.4,45.4,-14.0,Fraca,Média,Fraca vs Média,1.66,1.77,-0.1100000000000001,1.05,0.75,0.30000000000000004,1500.0,1574.01,-74.00999999999999,0x1,0,1,-1,1,A
31.4,31.4,0.0,Fraca,Fraca,Fraca vs Fraca,1.66,1.66,0.0,1.05,1.05,0.0,1500.0,1500.0,0.0,0x1,0,1,-1,1,A
28.6,31.9,-3.299999999999997,Fraca,Fraca,Fraca vs Fraca,1.1,1.55,-0.44999999999999996,1.13,1.06,0.06999999999999984,1500.0,1506.34,-6.339999999999918,1x1,1,1,0,2,D
31.4,77.0,-45.6,Fraca,Forte,Fraca vs Forte,1.66,2.45,-0.7900000000000003,1.05,0.8,0.25,1500.0,1760.38,-260.3800000000001,0x3,0,3,-3,3,A
92.6,31.4,61.199999999999996,Muito Forte,Fraca,Muito Forte vs Fraca,2.17,1.66,0.51,0.88,1.05,-0.17000000000000004,1870.0,1500.0,370.0,2x0,2,0,2,2,H
45.4,30.2,15.2,Média,Fraca,Média vs Fraca,1.84,1.42,0.42000000000000015,1.07,1.24,-0.16999999999999993,1585.51,1506.77,78.74000000000001,0x1,0,1,-1,1,A
51.6,31.4,20.200000000000003,Média,Fraca,Média vs Fraca,1.9,1.66,0.24,0.9,1.05,-0.15000000000000002,1616.75,1500.0,116.75,5x0,5,0,5,5,H
74.8,31.4,43.4,Forte,Fraca,Forte vs Fraca,2.36,1.66,0.7,0.99,1.05,-0.06000000000000005,1756.27,1500.0,256.27,6x1,6,1,5,7,H
31.4,31.4,0.0,Fraca,Fraca,Fraca vs Fraca,1.66,1.66,0.0,1.05,1.05,0.0,1500.0,1500.0,0.0,5x1,5,1,4,6,H
65.6,31.4,34.199999999999996,Forte,Fraca,Forte vs Fraca,1.75,1.66,0.09000000000000008,1.07,1.05,0.020000000000000018,1716.88,1500.0,216.8800000000001,3x0,3,0,3,3,H
31.4,31.4,0.0,Fraca,Fraca,Fraca vs Fraca,1.66,1.66,0.0,1.05,1.05,0.0,1500.0,1500.0,0.0,2x0,2,0,2,2,H
31.4,28.9,2.5,Fraca,Fraca,Fraca vs Fraca,1.66,1.38,0.28,1.05,0.83,0.22000000000000008,1500.0,1482.39,17.6099999999999,2x1,2,1,1,3,H
31.4,31.4,0.0,Fraca,Fraca,Fraca vs Fraca,1.66,1.66,0.0,1.05,1.05,0.0,1500.0,1500.0,0.0,0x0,0,0,0,0,D
31.4,24.6,6.799999999999997,Fraca,Fraca,Fraca vs Fraca,1.66,1.27,0.3899999999999999,1.05,1.13,-0.07999999999999985,1500.0,1470.0,30.0,1x0,1,0,1,1,H
31.4,24.7,6.699999999999999,Fraca,Fraca,Fraca vs Fraca,1.66,1.09,0.5699999999999998,1.05,1.24,-0.18999999999999995,1500.0,1480.0,20.0,0x1,0,1,-1,1,A
31.4,31.4,0.0,Fraca,Fraca,Fraca vs Fraca,1.66,1.66,0.0,1.05,1.05,0.0,1500.0,1500.0,0.0,1x2,1,2,-1,3,A
31.4,31.4,0.0,Fraca,Fraca,Fraca vs Fraca,1.66,1.66,0.0,1.05,1.05,0.0,1500.0,1500.0,0.0,2x1,2,1,1,3,H
31.4,31.4,0.0,Fraca,Fraca,Fraca vs Fraca,1.66,1.66,0.0,1.05,1.05,0.0,1500.0,1500.0,0.0,1x1,1,1,0,2,D
31.4,42.3,-10.899999999999999,Fraca,Média,Fraca vs Média,1.66,1.56,0.09999999999999987,1.05,0.69,0.3600000000000001,1500.0,1556.72,-56.72000000000003,1x1,1,1,0,2,D
31.4,31.4,0.0,Fraca,Fraca,Fraca vs Fraca,1.66,1.66,0.0,1.05,1.05,0.0,1500.0,1500.0,0.0,1x1,1,1,0,2,D
94.9,31.4,63.50000000000001,Muito Forte,Fraca,Muito Forte vs Fraca,2.33,1.66,0.6700000000000002,0.79,1.05,-0.26,1877.18,1500.0,377.18000000000006,4x0,4,0,4,4,H
31.4,31.4,0.0,Fraca,Fraca,Fraca vs Fraca,1.66,1.66,0.0,1.05,1.05,0.0,1500.0,1500.0,0.0,1x0,1,0,1,1,H
55.2,64.4,-9.200000000000003,Média,Forte,Média vs Forte,1.77,1.9,-0.1299999999999999,1.18,0.99,0.18999999999999995,1654.69,1702.06,-47.36999999999989,0x0,0,0,0,0,D
31.4,33.9,-2.5,Fraca,Fraca,Fraca vs Fraca,1.66,1.27,0.3899999999999999,1.05,1.14,-0.08999999999999986,1500.0,1529.71,-29.710000000000036,2x3,2,3,-1,5,A
70.2,31.4,38.800000000000004,Forte,Fraca,Forte vs Fraca,2.11,1.66,0.44999999999999996,0.93,1.05,-0.12,1730.71,1500.0,230.71000000000004,3x0,3,0,3,3,H
89.0,31.4,57.6,Muito Forte,Fraca,Muito Forte vs Fraca,2.18,1.66,0.5200000000000002,0.58,1.05,-0.4700000000000001,1834.12,1500.0,334.1199999999999,4x0,4,0,4,4,H
31.4,31.4,0.0,Fraca,Fraca,Fraca vs Fraca,1.66,1.66,0.0,1.05,1.05,0.0,1500.0,1500.0,0.0,1x0,1,0,1,1,H
31.4,35.0,-3.6000000000000014,Fraca,Fraca,Fraca vs Fraca,1.66,1.67,-0.010000000000000009,1.05,1.26,-0.20999999999999996,1500.0,1532.04,-32.039999999999964,1x7,1,7,-6,8,A
31.4,31.4,0.0,Fraca,Fraca,Fraca vs Fraca,1.66,1.66,0.0,1.05,1.05,0.0,1500.0,1500.0,0.0,2x2,2,2,0,4,D
67.7,31.4,36.300000000000004,Forte,Fraca,Forte vs Fraca,2.21,1.66,0.55,1.21,1.05,0.15999999999999992,1724.15,1500.0,224.1500000000001,6x0,6,0,6,6,H
31.4,31.4,0.0,Fraca,Fraca,Fraca vs Fraca,1.66,1.66,0.0,1.05,1.05,0.0,1500.0,1500.0,0.0,2x0,2,0,2,2,H
45.4,20.8,24.599999999999998,Média,Fraca,Média vs Fraca,1.16,1.06,0.09999999999999987,0.8,1.22,-0.41999999999999993,1591.73,1455.0,136.73000000000002,0x0,0,0,0,0,D
27.4,63.9,-36.5,Fraca,Forte,Fraca vs Forte,0.87,1.62,-0.7500000000000001,1.2,0.88,0.31999999999999995,1501.5,1701.3,-199.79999999999995,1x1,1,1,0,2,D
58.7,8.1,50.6,Média,Muito Fraca,Média vs Muito Fraca,1.34,0.92,0.42000000000000004,0.82,1.98,-1.1600000000000001,1672.62,1410.0,262.6199999999999,4x2,4,2,2,6,H
21.3,20.9,0.40000000000000213,Fraca,Fraca,Fraca vs Fraca,0.89,0.98,-0.08999999999999997,1.15,1.4,-0.25,1460.0,1465.22,-5.220000000000027,1x0,1,0,1,1,H
19.3,59.0,-39.7,Muito Fraca,Média,Muito Fraca vs Média,1.4,1.42,-0.020000000000000018,1.17,0.9,0.2699999999999999,1435.0,1675.75,-240.75,0x1,0,1,-1,1,A
31.4,14.8,16.599999999999998,Fraca,Muito Fraca,Fraca vs Muito Fraca,1.66,1.15,0.51,1.05,1.35,-0.30000000000000004,1500.0,1420.0,80.0,0x0,0,0,0,0,D
19.0,36.3,-17.299999999999997,Muito Fraca,Fraca,Muito Fraca vs Fraca,1.27,1.61,-0.3400000000000001,1.26,1.23,0.030000000000000027,1440.0,1540.43,-100.43000000000006,0x3,0,3,-3,3,A
62.3,42.6,19.699999999999996,Forte,Média,Forte vs Média,1.95,1.88,0.07000000000000006,0.86,0.89,-0.030000000000000027,1681.88,1559.15,122.73000000000002,1x1,1,1,0,2,D
14.3,31.4,-17.099999999999998,Muito Fraca,Fraca,Muito Fraca vs Fraca,2.45,1.66,0.7900000000000003,1.26,1.05,0.20999999999999996,1380.0,1500.0,-120.0,2x0,2,0,2,2,H
31.4,77.0,-45.6,Fraca,Forte,Fraca vs Forte,1.66,2.45,-0.7900000000000003,1.05,0.8,0.25,1500.0,1760.38,-260.3800000000001,1x3,1,3,-2,4,A
28.6,31.4,-2.799999999999997,Fraca,Fraca,Fraca vs Fraca,1.1,1.66,-0.5599999999999998,1.13,1.05,0.07999999999999985,1500.0,1500.0,0.0,1x1,1,1,0,2,D
31.9,31.4,0.5,Fraca,Fraca,Fraca vs Fraca,1.55,1.66,-0.10999999999999988,1.06,1.05,0.010000000000000009,1506.34,1500.0,6.339999999999918,4x1,4,1,3,5,H
31.4,31.4,0.0,Fraca,Fraca,Fraca vs Fraca,1.66,1.66,0.0,1.05,1.05,0.0,1500.0,1500.0,0.0,1x0,1,0,1,1,H
36.7,92.6,-55.89999999999999,Fraca,Muito Forte,Fraca vs Muito Forte,1.4,2.17,-0.77,1.45,0.88,0.57,1557.47,1870.0,-312.53,1x1,1,1,0,2,D
31.4,51.6,-20.200000000000003,Fraca,Média,Fraca vs Média,1.66,1.9,-0.24,1.05,0.9,0.15000000000000002,1500.0,1616.75,-116.75,0x1,0,1,-1,1,A
30.2,31.4,-1.1999999999999993,Fraca,Fraca,Fraca vs Fraca,1.42,1.66,-0.24,1.24,1.05,0.18999999999999995,1506.77,1500.0,6.769999999999982,1x0,1,0,1,1,H
31.4,45.4,-14.0,Fraca,Média,Fraca vs Média,1.66,1.84,-0.18000000000000016,1.05,1.07,-0.020000000000000018,1500.0,1585.51,-85.50999999999999,5x2,5,2,3,7,H
31.4,31.4,0.0,Fraca,Fraca,Fraca vs Fraca,1.66,1.66,0.0,1.05,1.05,0.0,1500.0,1500.0,0.0,0x2,0,2,-2,2,A
31.4,31.4,0.0,Fraca,Fraca,Fraca vs Fraca,1.66,1.66,0.0,1.05,1.05,0.0,1500.0,1500.0,0.0,0x3,0,3,-3,3,A
74.8,31.4,43.4,Forte,Fraca,Forte vs Fraca,2.36,1.66,0.7,0.99,1.05,-0.06000000000000005,1756.27,1500.0,256.27,4x0,4,0,4,4,H
31.4,31.4,0.0,Fraca,Fraca,Fraca vs Fraca,1.66,1.66,0.0,1.05,1.05,0.0,1500.0,1500.0,0.0,1x0,1,0,1,1,H
31.4,65.6,-34.199999999999996,Fraca,Forte,Fraca vs Forte,1.66,1.75,-0.09000000000000008,1.05,1.07,-0.020000000000000018,1500.0,1716.88,-216.8800000000001,0x1,0,1,-1,1,A
31.4,31.4,0.0,Fraca,Fraca,Fraca vs Fraca,1.66,1.66,0.0,1.05,1.05,0.0,1500.0,1500.0,0.0,1x2,1,2,-1,3,A
31.4,31.4,0.0,Fraca,Fraca,Fraca vs Fraca,1.66,1.66,0.0,1.05,1.05,0.0,1500.0,1500.0,0.0,3x0,3,0,3,3,H
44.7,31.4,13.300000000000004,Média,Fraca,Média vs Fraca,1.56,1.66,-0.09999999999999987,0.91,1.05,-0.14,1581.56,1500.0,81.55999999999995,2x0,2,0,2,2,H
31.4,31.4,0.0,Fraca,Fraca,Fraca vs Fraca,1.66,1.66,0.0,1.05,1.05,0.0,1500.0,1500.0,0.0,0x0,0,0,0,0,D
28.9,31.4,-2.5,Fraca,Fraca,Fraca vs Fraca,1.38,1.66,-0.28,0.83,1.05,-0.22000000000000008,1482.39,1500.0,-17.6099999999999,2x0,2,0,2,2,H
31.4,31.4,0.0,Fraca,Fraca,Fraca vs Fraca,1.66,1.66,0.0,1.05,1.05,0.0,1500.0,1500.0,0.0,0x0,0,0,0,0,D
24.6,31.4,-6.799999999999997,Fraca,Fraca,Fraca vs Fraca,1.27,1.66,-0.3899999999999999,1.13,1.05,0.07999999999999985,1470.0,1500.0,-30.0,1x0,1,0,1,1,H
31.4,31.4,0.0,Fraca,Fraca,Fraca vs Fraca,1.66,1.66,0.0,1.05,1.05,0.0,1500.0,1500.0,0.0,1x1,1,1,0,2,D
31.4,31.4,0.0,Fraca,Fraca,Fraca vs Fraca,1.66,1.66,0.0,1.05,1.05,0.0,1500.0,1500.0,0.0,0x2,0,2,-2,2,A
31.4,31.4,0.0,Fraca,Fraca,Fraca vs Fraca,1.66,1.66,0.0,1.05,1.05,0.0,1500.0,1500.0,0.0,8x0,8,0,8,8,H
31.4,31.4,0.0,Fraca,Fraca,Fraca vs Fraca,1.66,1.66,0.0,1.05,1.05,0.0,1500.0,1500.0,0.0,0x0,0,0,0,0,D
73.4,31.4,42.00000000000001,Forte,Fraca,Forte vs Fraca,1.98,1.66,0.32000000000000006,0.46,1.05,-0.5900000000000001,1736.56,1500.0,236.55999999999995,2x0,2,0,2,2,H
49.1,31.4,17.700000000000003,Média,Fraca,Média vs Fraca,2.0,1.66,0.3400000000000001,0.93,1.05,-0.12,1599.45,1500.0,99.45000000000005,0x0,0,0,0,0,D
53.5,31.4,22.1,Média,Fraca,Média vs Fraca,2.07,1.66,0.4099999999999999,0.73,1.05,-0.32000000000000006,1617.02,1500.0,117.01999999999998,1x0,1,0,1,1,H
31.4,31.4,0.0,Fraca,Fraca,Fraca vs Fraca,1.66,1.66,0.0,1.05,1.05,0.0,1500.0,1500.0,0.0,0x0,0,0,0,0,D
61.5,31.4,30.1,Forte,Fraca,Forte vs Fraca,2.67,1.66,1.01,0.67,1.05,-0.38,1650.12,1500.0,150.1199999999999,0x1,0,1,-1,1,A
45.4,31.4,14.0,Média,Fraca,Média vs Fraca,1.77,1.66,0.1100000000000001,0.75,1.05,-0.30000000000000004,1574.01,1500.0,74.00999999999999,3x0,3,0,3,3,H
31.4,31.4,0.0,Fraca,Fraca,Fraca vs Fraca,1.66,1.66,0.0,1.05,1.05,0.0,1500.0,1500.0,0.0,3x1,3,1,2,4,H
31.4,94.9,-63.50000000000001,Fraca,Muito Forte,Fraca vs Muito Forte,1.66,2.33,-0.6700000000000002,1.05,0.79,0.26,1500.0,1877.18,-377.18000000000006,2x1,2,1,1,3,H
64.4,31.4,33.00000000000001,Forte,Fraca,Forte vs Fraca,1.9,1.66,0.24,0.99,1.05,-0.06000000000000005,1702.06,1500.0,202.05999999999995,1x1,1,1,0,2,D
31.4,24.7,6.699999999999999,Fraca,Fraca,Fraca vs Fraca,1.66,1.09,0.5699999999999998,1.05,1.24,-0.18999999999999995,1500.0,1480.0,20.0,1x4,1,4,-3,5,A
31.4,31.4,0.0,Fraca,Fraca,Fraca vs Fraca,1.66,1.66,0.0,1.05,1.05,0.0,1500.0,1500.0,0.0,1x0,1,0,1,1,H
31.4,70.2,-38.800000000000004,Fraca,Forte,Fraca vs Forte,1.66,2.11,-0.44999999999999996,1.05,0.93,0.12,1500.0,1730.71,-230.71000000000004,2x5,2,5,-3,7,A
31.4,89.0,-57.6,Fraca,Muito Forte,Fraca vs Muito Forte,1.66,2.18,-0.5200000000000002,1.05,0.58,0.4700000000000001,1500.0,1834.12,-334.1199999999999,0x4,0,4,-4,4,A
35.0,31.4,3.6000000000000014,Fraca,Fraca,Fraca vs Fraca,1.67,1.66,0.010000000000000009,1.26,1.05,0.20999999999999996,1532.04,1500.0,32.039999999999964,4x1,4,1,3,5,H
31.4,31.4,0.0,Fraca,Fraca,Fraca vs Fraca,1.66,1.66,0.0,1.05,1.05,0.0,1500.0,1500.0,0.0,0x2,0,2,-2,2,A
31.4,67.7,-36.300000000000004,Fraca,Forte,Fraca vs Forte,1.66,2.21,-0.55,1.05,1.21,-0.15999999999999992,1500.0,1724.15,-224.1500000000001,0x2,0,2,-2,2,A
31.4,31.4,0.0,Fraca,Fraca,Fraca vs Fraca,1.66,1.66,0.0,1.05,1.05,0.0,1500.0,1500.0,0.0,0x0,0,0,0,0,D
8.1,63.9,-55.8,Muito Fraca,Forte,Muito Fraca vs Forte,0.92,1.62,-0.7000000000000001,1.98,0.88,1.1,1410.0,1701.3,-291.29999999999995,1x1,1,1,0,2,D
45.4,27.4,18.0,Média,Fraca,Média vs Fraca,1.16,0.87,0.2899999999999999,0.8,1.2,-0.3999999999999999,1591.73,1501.5,90.23000000000002,2x0,2,0,2,2,H
21.3,58.7,-37.400000000000006,Fraca,Média,Fraca vs Média,0.89,1.34,-0.45000000000000007,1.15,0.82,0.32999999999999996,1460.0,1672.62,-212.6199999999999,1x1,1,1,0,2,D
20.9,95.2,-74.30000000000001,Fraca,Muito Forte,Fraca vs Muito Forte,0.98,2.06,-1.08,1.4,0.45,0.95,1465.22,1873.33,-408.1099999999999,1x3,1,3,-2,4,A
20.8,75.4,-54.60000000000001,Fraca,Forte,Fraca vs Forte,1.06,1.94,-0.8799999999999999,1.22,0.74,0.48,1455.0,1760.46,-305.46000000000004,0x1,0,1,-1,1,A
42.6,14.8,27.8,Média,Muito Fraca,Média vs Muito Fraca,1.88,1.15,0.73,0.89,1.35,-0.4600000000000001,1559.15,1420.0,139.1500000000001,1x1,1,1,0,2,D
31.4,62.3,-30.9,Fraca,Forte,Fraca vs Forte,1.66,1.95,-0.29000000000000004,1.05,0.86,0.19000000000000006,1500.0,1681.88,-181.8800000000001,0x0,0,0,0,0,D
36.3,19.3,16.999999999999996,Fraca,Muito Fraca,Fraca vs Muito Fraca,1.61,1.4,0.2100000000000002,1.23,1.17,0.06000000000000005,1540.43,1435.0,105.43000000000006,0x0,0,0,0,0,D
59.0,19.0,40.0,Média,Muito Fraca,Média vs Muito Fraca,1.42,1.27,0.1499999999999999,0.9,1.26,-0.36,1675.75,1440.0,235.75,2x1,2,1,1,3,H
31.4,14.3,17.099999999999998,Fraca,Muito Fraca,Fraca vs Muito Fraca,1.66,2.45,-0.7900000000000003,1.05,1.26,-0.20999999999999996,1500.0,1380.0,120.0,6x1,6,1,5,7,H
31.4,33.9,-2.5,Fraca,Fraca,Fraca vs Fraca,1.66,1.27,0.3899999999999999,1.05,1.14,-0.08999999999999986,1500.0,1529.71,-29.710000000000036,0x0,0,0,0,0,D
31.4,31.9,-0.5,Fraca,Fraca,Fraca vs Fraca,1.66,1.55,0.10999999999999988,1.05,1.06,-0.010000000000000009,1500.0,1506.34,-6.339999999999918,0x4,0,4,-4,4,A
55.2,31.4,23.800000000000004,Média,Fraca,Média vs Fraca,1.77,1.66,0.1100000000000001,1.18,1.05,0.1299999999999999,1654.69,1500.0,154.69000000000005,2x1,2,1,1,3,H
31.4,31.4,0.0,Fraca,Fraca,Fraca vs Fraca,1.66,1.66,0.0,1.05,1.05,0.0,1500.0,1500.0,0.0,1x0,1,0,1,1,H
42.3,31.4,10.899999999999999,Média,Fraca,Média vs Fraca,1.56,1.66,-0.09999999999999987,0.69,1.05,-0.3600000000000001,1556.72,1500.0,56.72000000000003,1x0,1,0,1,1,H
63.7,31.4,32.300000000000004,Forte,Fraca,Forte vs Fraca,1.8,1.66,0.14000000000000012,0.64,1.05,-0.41000000000000003,1684.86,1500.0,184.8599999999999,2x0,2,0,2,2,H
77.0,28.6,48.4,Forte,Fraca,Forte vs Fraca,2.45,1.1,1.35,0.8,1.13,-0.32999999999999985,1760.38,1500.0,260.3800000000001,2x1,2,1,1,3,H
31.4,36.7,-5.300000000000004,Fraca,Fraca,Fraca vs Fraca,1.66,1.4,0.26,1.05,1.45,-0.3999999999999999,1500.0,1557.47,-57.47000000000003,2x2,2,2,0,4,D
92.6,31.4,61.199999999999996,Muito Forte,Fraca,Muito Forte vs Fraca,2.17,1.66,0.51,0.88,1.05,-0.17000000000000004,1870.0,1500.0,370.0,1x1,1,1,0,2,D
31.4,31.4,0.0,Fraca,Fraca,Fraca vs Fraca,1.66,1.66,0.0,1.05,1.05,0.0,1500.0,1500.0,0.0,0x4,0,4,-4,4,A
51.6,30.2,21.400000000000002,Média,Fraca,Média vs Fraca,1.9,1.42,0.48,0.9,1.24,-0.33999999999999997,1616.75,1506.77,109.98000000000002,2x0,2,0,2,2,H
31.4,45.4,-14.0,Fraca,Média,Fraca vs Média,1.66,1.84,-0.18000000000000016,1.05,1.07,-0.020000000000000018,1500.0,1585.51,-85.50999999999999,0x2,0,2,-2,2,A
31.4,74.8,-43.4,Fraca,Forte,Fraca vs Forte,1.66,2.36,-0.7,1.05,0.99,0.06000000000000005,1500.0,1756.27,-256.27,1x1,1,1,0,2,D
31.4,31.4,0.0,Fraca,Fraca,Fraca vs Fraca,1.66,1.66,0.0,1.05,1.05,0.0,1500.0,1500.0,0.0,2x2,2,2,0,4,D
31.4,31.4,0.0,Fraca,Fraca,Fraca vs Fraca,1.66,1.66,0.0,1.05,1.05,0.0,1500.0,1500.0,0.0,1x1,1,1,0,2,D
31.4,65.6,-34.199999999999996,Fraca,Forte,Fraca vs Forte,1.66,1.75,-0.09000000000000008,1.05,1.07,-0.020000000000000018,1500.0,1716.88,-216.8800000000001,0x0,0,0,0,0,D
31.4,31.4,0.0,Fraca,Fraca,Fraca vs Fraca,1.66,1.66,0.0,1.05,1.05,0.0,1500.0,1500.0,0.0,2x1,2,1,1,3,H
31.4,19.3,12.099999999999998,Fraca,Muito Fraca,Fraca vs Muito Fraca,1.66,1.4,0.26,1.05,1.17,-0.11999999999999988,1500.0,1435.0,65.0,0x0,0,0,0,0,D
62.3,59.0,3.299999999999997,Forte,Média,Forte vs Média,1.95,1.42,0.53,0.86,0.9,-0.040000000000000036,1681.88,1675.75,6.130000000000109,1x0,1,0,1,1,H
59.0,42.6,16.4,Média,Média,Média vs Média,1.42,1.88,-0.45999999999999996,0.9,0.89,0.010000000000000009,1675.75,1559.15,116.59999999999991,2x1,2,1,1,3,H
62.3,31.4,30.9,Forte,Fraca,Forte vs Fraca,1.95,1.66,0.29000000000000004,0.86,1.05,-0.19000000000000006,1681.88,1500.0,181.8800000000001,1x0,1,0,1,1,H
19.3,42.6,-23.3,Muito Fraca,Média,Muito Fraca vs Média,1.4,1.88,-0.48,1.17,0.89,0.2799999999999999,1435.0,1559.15,-124.15000000000009,0x2,0,2,-2,2,A
62.3,19.0,43.3,Forte,Muito Fraca,Forte vs Muito Fraca,1.95,1.27,0.6799999999999999,0.86,1.26,-0.4,1681.88,1440.0,241.8800000000001,1x0,1,0,1,1,H
59.0,14.8,44.2,Média,Muito Fraca,Média vs Muito Fraca,1.42,1.15,0.27,0.9,1.35,-0.45000000000000007,1675.75,1420.0,255.75,3x0,3,0,3,3,H
31.4,31.4,0.0,Fraca,Fraca,Fraca vs Fraca,1.66,1.66,0.0,1.05,1.05,0.0,1500.0,1500.0,0.0,3x2,3,2,1,5,H
19.3,19.0,0.3000000000000007,Muito Fraca,Muito Fraca,Muito Fraca vs Muito Fraca,1.4,1.27,0.1299999999999999,1.17,1.26,-0.09000000000000008,1435.0,1440.0,-5.0,1x0,1,0,1,1,H
36.3,31.4,4.899999999999999,Fraca,Fraca,Fraca vs Fraca,1.61,1.66,-0.04999999999999982,1.23,1.05,0.17999999999999994,1540.43,1500.0,40.430000000000064,3x1,3,1,2,4,H
14.8,31.4,-16.599999999999998,Muito Fraca,Fraca,Muito Fraca vs Fraca,1.15,1.66,-0.51,1.35,1.05,0.30000000000000004,1420.0,1500.0,-80.0,0x2,0,2,-2,2,A
31.4,63.7,-32.300000000000004,Fraca,Forte,Fraca vs Forte,1.66,1.8,-0.14000000000000012,1.05,0.64,0.41000000000000003,1500.0,1684.86,-184.8599999999999,0x0,0,0,0,0,D
31.4,8.1,23.299999999999997,Fraca,Muito Fraca,Fraca vs Muito Fraca,1.66,1.59,0.06999999999999984,1.05,1.44,-0.3899999999999999,1500.0,1370.0,130.0,1x1,1,1,0,2,D
59.0,31.4,27.6,Média,Fraca,Média vs Fraca,1.42,1.66,-0.24,0.9,1.05,-0.15000000000000002,1675.75,1500.0,175.75,1x0,1,0,1,1,H
31.4,14.3,17.099999999999998,Fraca,Muito Fraca,Fraca vs Muito Fraca,1.66,2.45,-0.7900000000000003,1.05,1.26,-0.20999999999999996,1500.0,1380.0,120.0,1x2,1,2,-1,3,A
62.3,42.6,19.699999999999996,Forte,Média,Forte vs Média,1.95,1.88,0.07000000000000006,0.86,0.89,-0.030000000000000027,1681.88,1559.15,122.73000000000002,1x0,1,0,1,1,H
31.4,31.4,0.0,Fraca,Fraca,Fraca vs Fraca,1.66,1.66,0.0,1.05,1.05,0.0,1500.0,1500.0,0.0,0x4,0,4,-4,4,A
36.3,14.8,21.499999999999996,Fraca,Muito Fraca,Fraca vs Muito Fraca,1.61,1.15,0.4600000000000002,1.23,1.35,-0.1200000000000001,1540.43,1420.0,120.43000000000006,2x3,2,3,-1,5,A
63.7,31.4,32.300000000000004,Forte,Fraca,Forte vs Fraca,1.8,1.66,0.14000000000000012,0.64,1.05,-0.41000000000000003,1684.86,1500.0,184.8599999999999,2x2,2,2,0,4,D
31.4,31.4,0.0,Fraca,Fraca,Fraca vs Fraca,1.66,1.66,0.0,1.05,1.05,0.0,1500.0,1500.0,0.0,3x0,3,0,3,3,H
31.4,19.0,12.399999999999999,Fraca,Muito Fraca,Fraca vs Muito Fraca,1.66,1.27,0.3899999999999999,1.05,1.26,-0.20999999999999996,1500.0,1440.0,60.0,1x2,1,2,-1,3,A
31.4,19.3,12.099999999999998,Fraca,Muito Fraca,Fraca vs Muito Fraca,1.66,1.4,0.26,1.05,1.17,-0.11999999999999988,1500.0,1435.0,65.0,1x2,1,2,-1,3,A
14.3,42.6,-28.3,Muito Fraca,Média,Muito Fraca vs Média,2.45,1.88,0.5700000000000003,1.26,0.89,0.37,1380.0,1559.15,-179.1500000000001,1x4,1,4,-3,5,A
62.3,31.4,30.9,Forte,Fraca,Forte vs Fraca,1.95,1.66,0.29000000000000004,0.86,1.05,-0.19000000000000006,1681.88,1500.0,181.8800000000001,6x1,6,1,5,7,H
31.4,31.4,0.0,Fraca,Fraca,Fraca vs Fraca,1.66,1.66,0.0,1.05,1.05,0.0,1500.0,1500.0,0.0,0x0,0,0,0,0,D
63.7,31.4,32.300000000000004,Forte,Fraca,Forte vs Fraca,1.8,1.66,0.14000000000000012,0.64,1.05,-0.41000000000000003,1684.86,1500.0,184.8599999999999,2x1,2,1,1,3,H
8.1,31.4,-23.299999999999997,Muito Fraca,Fraca,Muito Fraca vs Fraca,1.59,1.66,-0.06999999999999984,1.44,1.05,0.3899999999999999,1370.0,1500.0,-130.0,0x2,0,2,-2,2,A
31.4,59.0,-27.6,Fraca,Média,Fraca vs Média,1.66,1.42,0.24,1.05,0.9,0.15000000000000002,1500.0,1675.75,-175.75,0x3,0,3,-3,3,A
31.4,31.4,0.0,Fraca,Fraca,Fraca vs Fraca,1.66,1.66,0.0,1.05,1.05,0.0,1500.0,1500.0,0.0,1x2,1,2,-1,3,A
31.4,31.4,0.0,Fraca,Fraca,Fraca vs Fraca,1.66,1.66,0.0,1.05,1.05,0.0,1500.0,1500.0,0.0,4x0,4,0,4,4,H
63.7,31.4,32.300000000000004,Forte,Fraca,Forte vs Fraca,1.8,1.66,0.14000000000000012,0.64,1.05,-0.41000000000000003,1684.86,1500.0,184.8599999999999,2x1,2,1,1,3,H
31.4,36.3,-4.899999999999999,Fraca,Fraca,Fraca vs Fraca,1.66,1.61,0.04999999999999982,1.05,1.23,-0.17999999999999994,1500.0,1540.43,-40.430000000000064,3x3,3,3,0,6,D
14.8,31.4,-16.599999999999998,Muito Fraca,Fraca,Muito Fraca vs Fraca,1.15,1.66,-0.51,1.35,1.05,0.30000000000000004,1420.0,1500.0,-80.0,4x0,4,0,4,4,H
19.0,31.4,-12.399999999999999,Muito Fraca,Fraca,Muito Fraca vs Fraca,1.27,1.66,-0.3899999999999999,1.26,1.05,0.20999999999999996,1440.0,1500.0,-60.0,2x0,2,0,2,2,H
19.3,31.4,-12.099999999999998,Muito Fraca,Fraca,Muito Fraca vs Fraca,1.4,1.66,-0.26,1.17,1.05,0.11999999999999988,1435.0,1500.0,-65.0,3x1,3,1,2,4,H
89.0,64.4,24.599999999999994,Muito Forte,Forte,Muito Forte vs Forte,2.18,1.9,0.28000000000000025,0.58,0.99,-0.41000000000000003,1834.12,1702.06,132.05999999999995,1x1,1,1,0,2,D
31.4,31.4,0.0,Fraca,Fraca,Fraca vs Fraca,1.66,1.66,0.0,1.05,1.05,0.0,1500.0,1500.0,0.0,2x0,2,0,2,2,H
42.6,31.4,11.200000000000003,Média,Fraca,Média vs Fraca,1.88,1.66,0.21999999999999997,0.89,1.05,-0.16000000000000003,1559.15,1500.0,59.15000000000009,4x1,4,1,3,5,H
62.3,14.3,48.0,Forte,Muito Fraca,Forte vs Muito Fraca,1.95,2.45,-0.5000000000000002,0.86,1.26,-0.4,1681.88,1380.0,301.8800000000001,1x0,1,0,1,1,H
75.4,95.2,-19.799999999999997,Forte,Muito Forte,Forte vs Muito Forte,1.94,2.06,-0.1200000000000001,0.74,0.45,0.29,1760.46,1873.33,-112.86999999999989,0x1,0,1,-1,1,A
31.4,31.4,0.0,Fraca,Fraca,Fraca vs Fraca,1.66,1.66,0.0,1.05,1.05,0.0,1500.0,1500.0,0.0,0x1,0,1,-1,1,A
59.0,8.1,50.9,Média,Muito Fraca,Média vs Muito Fraca,1.42,1.59,-0.17000000000000015,0.9,1.44,-0.5399999999999999,1675.75,1370.0,305.75,0x0,0,0,0,0,D
21.3,63.9,-42.599999999999994,Fraca,Forte,Fraca vs Forte,0.89,1.62,-0.7300000000000001,1.15,0.88,0.2699999999999999,1460.0,1701.3,-241.29999999999995,2x3,2,3,-1,5,A
63.7,31.4,32.300000000000004,Forte,Fraca,Forte vs Fraca,1.8,1.66,0.14000000000000012,0.64,1.05,-0.41000000000000003,1684.86,1500.0,184.8599999999999,1x0,1,0,1,1,H
31.4,31.4,0.0,Fraca,Fraca,Fraca vs Fraca,1.66,1.66,0.0,1.05,1.05,0.0,1500.0,1500.0,0.0,1x2,1,2,-1,3,A
31.4,31.4,0.0,Fraca,Fraca,Fraca vs Fraca,1.66,1.66,0.0,1.05,1.05,0.0,1500.0,1500.0,0.0,1x0,1,0,1,1,H
89.0,51.6,37.4,Muito Forte,Média,Muito Forte vs Média,2.18,1.9,0.28000000000000025,0.58,0.9,-0.32000000000000006,1834.12,1616.75,217.3699999999999,2x1,2,1,1,3,H
63.7,31.4,32.300000000000004,Forte,Fraca,Forte vs Fraca,1.8,1.66,0.14000000000000012,0.64,1.05,-0.41000000000000003,1684.86,1500.0,184.8599999999999,1x2,1,2,-1,3,A
95.2,63.9,31.300000000000004,Muito Forte,Forte,Muito Forte vs Forte,2.06,1.62,0.43999999999999995,0.45,0.88,-0.43,1873.33,1701.3,172.02999999999997,1x1,1,1,0,2,D
64.4,94.9,-30.5,Forte,Muito Forte,Forte vs Muito Forte,1.9,2.33,-0.43000000000000016,0.99,0.79,0.19999999999999996,1702.06,1877.18,-175.12000000000012,1x1,1,1,0,2,D
14.3,31.4,-17.099999999999998,Muito Fraca,Fraca,Muito Fraca vs Fraca,2.45,1.66,0.7900000000000003,1.26,1.05,0.20999999999999996,1380.0,1500.0,-120.0,4x1,4,1,3,5,H
31.4,31.4,0.0,Fraca,Fraca,Fraca vs Fraca,1.66,1.66,0.0,1.05,1.05,0.0,1500.0,1500.0,0.0,1x1,1,1,0,2,D
8.1,31.4,-23.299999999999997,Muito Fraca,Fraca,Muito Fraca vs Fraca,1.59,1.66,-0.06999999999999984,1.44,1.05,0.3899999999999999,1370.0,1500.0,-130.0,1x1,1,1,0,2,D
31.4,31.4,0.0,Fraca,Fraca,Fraca vs Fraca,1.66,1.66,0.0,1.05,1.05,0.0,1500.0,1500.0,0.0,1x0,1,0,1,1,H
75.4,21.3,54.10000000000001,Forte,Fraca,Forte vs Fraca,1.94,0.89,1.0499999999999998,0.74,1.15,-0.4099999999999999,1760.46,1460.0,300.46000000000004,1x0,1,0,1,1,H
31.4,31.4,0.0,Fraca,Fraca,Fraca vs Fraca,1.66,1.66,0.0,1.05,1.05,0.0,1500.0,1500.0,0.0,1x0,1,0,1,1,H
31.4,51.6,-20.200000000000003,Fraca,Média,Fraca vs Média,1.66,1.9,-0.24,1.05,0.9,0.15000000000000002,1500.0,1616.75,-116.75,1x2,1,2,-1,3,A
36.7,89.0,-52.3,Fraca,Muito Forte,Fraca vs Muito Forte,1.4,2.18,-0.7800000000000002,1.45,0.58,0.87,1557.47,1834.12,-276.64999999999986,0x4,0,4,-4,4,A
59.0,44.7,14.299999999999997,Média,Média,Média vs Média,1.42,1.56,-0.14000000000000012,0.9,0.91,-0.010000000000000009,1675.75,1581.56,94.19000000000005,4x0,4,0,4,4,H
58.7,63.9,-5.199999999999996,Média,Forte,Média vs Forte,1.34,1.62,-0.28,0.82,0.88,-0.06000000000000005,1672.62,1701.3,-28.680000000000064,0x0,0,0,0,0,D
95.2,45.4,49.800000000000004,Muito Forte,Média,Muito Forte vs Média,2.06,1.16,0.9000000000000001,0.45,0.8,-0.35000000000000003,1873.33,1591.73,281.5999999999999,3x0,3,0,3,3,H
31.4,31.4,0.0,Fraca,Fraca,Fraca vs Fraca,1.66,1.66,0.0,1.05,1.05,0.0,1500.0,1500.0,0.0,4x0,4,0,4,4,H
31.4,31.4,0.0,Fraca,Fraca,Fraca vs Fraca,1.66,1.66,0.0,1.05,1.05,0.0,1500.0,1500.0,0.0,0x3,0,3,-3,3,A
55.2,94.9,-39.7,Média,Muito Forte,Média vs Muito Forte,1.77,2.33,-0.56,1.18,0.79,0.3899999999999999,1654.69,1877.18,-222.49,1x1,1,1,0,2,D
70.2,64.4,5.799999999999997,Forte,Forte,Forte vs Forte,2.11,1.9,0.20999999999999996,0.93,0.99,-0.05999999999999994,1730.71,1702.06,28.65000000000009,1x2,1,2,-1,3,A
21.3,27.4,-6.099999999999998,Fraca,Fraca,Fraca vs Fraca,0.89,0.87,0.020000000000000018,1.15,1.2,-0.050000000000000044,1460.0,1501.5,-41.5,3x3,3,3,0,6,D
75.4,20.8,54.60000000000001,Forte,Fraca,Forte vs Fraca,1.94,1.06,0.8799999999999999,0.74,1.22,-0.48,1760.46,1455.0,305.46000000000004,1x0,1,0,1,1,H
14.3,31.4,-17.099999999999998,Muito Fraca,Fraca,Muito Fraca vs Fraca,2.45,1.66,0.7900000000000003,1.26,1.05,0.20999999999999996,1380.0,1500.0,-120.0,6x1,6,1,5,7,H
8.1,31.4,-23.299999999999997,Muito Fraca,Fraca,Muito Fraca vs Fraca,1.59,1.66,-0.06999999999999984,1.44,1.05,0.3899999999999999,1370.0,1500.0,-130.0,6x1,6,1,5,7,H
59.0,36.3,22.700000000000003,Média,Fraca,Média vs Fraca,1.42,1.61,-0.19000000000000017,0.9,1.23,-0.32999999999999996,1675.75,1540.43,135.31999999999994,3x0,3,0,3,3,H
89.0,67.7,21.299999999999997,Muito Forte,Forte,Muito Forte vs Forte,2.18,2.21,-0.029999999999999805,0.58,1.21,-0.63,1834.12,1724.15,109.9699999999998,2x0,2,0,2,2,H
31.4,36.7,-5.300000000000004,Fraca,Fraca,Fraca vs Fraca,1.66,1.4,0.26,1.05,1.45,-0.3999999999999999,1500.0,1557.47,-57.47000000000003,1x2,1,2,-1,3,A
65.6,94.9,-29.30000000000001,Forte,Muito Forte,Forte vs Muito Forte,1.75,2.33,-0.5800000000000001,1.07,0.79,0.28,1716.88,1877.18,-160.29999999999995,3x5,3,5,-2,8,A
92.6,55.2,37.39999999999999,Muito Forte,Média,Muito Forte vs Média,2.17,1.77,0.3999999999999999,0.88,1.18,-0.29999999999999993,1870.0,1654.69,215.30999999999995,3x3,3,3,0,6,D
95.2,8.1,87.10000000000001,Muito Forte,Muito Fraca,Muito Forte vs Muito Fraca,2.06,0.92,1.1400000000000001,0.45,1.98,-1.53,1873.33,1410.0,463.3299999999999,4x1,4,1,3,5,H
58.7,27.4,31.300000000000004,Média,Fraca,Média vs Fraca,1.34,0.87,0.4700000000000001,0.82,1.2,-0.38,1672.62,1501.5,171.1199999999999,1x0,1,0,1,1,H
74.8,31.4,43.4,Forte,Fraca,Forte vs Fraca,2.36,1.66,0.7,0.99,1.05,-0.06000000000000005,1756.27,1500.0,256.27,0x2,0,2,-2,2,A
70.2,77.0,-6.799999999999997,Forte,Forte,Forte vs Forte,2.11,2.45,-0.3400000000000003,0.93,0.8,0.13,1730.71,1760.38,-29.670000000000073,1x0,1,0,1,1,H
75.4,45.4,30.000000000000007,Forte,Média,Forte vs Média,1.94,1.16,0.78,0.74,0.8,-0.06000000000000005,1760.46,1591.73,168.73000000000002,1x1,1,1,0,2,D
20.9,21.3,-0.40000000000000213,Fraca,Fraca,Fraca vs Fraca,0.98,0.89,0.08999999999999997,1.4,1.15,0.25,1465.22,1460.0,5.220000000000027,0x1,0,1,-1,1,A
31.4,31.4,0.0,Fraca,Fraca,Fraca vs Fraca,1.66,1.66,0.0,1.05,1.05,0.0,1500.0,1500.0,0.0,0x0,0,0,0,0,D
64.4,45.4,19.000000000000007,Forte,Média,Forte vs Média,1.9,1.84,0.05999999999999983,0.99,1.07,-0.08000000000000007,1702.06,1585.51,116.54999999999995,2x1,2,1,1,3,H
33.9,51.6,-17.700000000000003,Fraca,Média,Fraca vs Média,1.27,1.9,-0.6299999999999999,1.14,0.9,0.23999999999999988,1529.71,1616.75,-87.03999999999996,0x4,0,4,-4,4,A
8.1,58.7,-50.6,Muito Fraca,Média,Muito Fraca vs Média,0.92,1.34,-0.42000000000000004,1.98,0.82,1.1600000000000001,1410.0,1672.62,-262.6199999999999,0x2,0,2,-2,2,A
20.8,27.4,-6.599999999999998,Fraca,Fraca,Fraca vs Fraca,1.06,0.87,0.19000000000000006,1.22,1.2,0.020000000000000018,1455.0,1501.5,-46.5,0x2,0,2,-2,2,A
94.9,31.4,63.50000000000001,Muito Forte,Fraca,Muito Forte vs Fraca,2.33,1.66,0.6700000000000002,0.79,1.05,-0.26,1877.18,1500.0,377.18000000000006,5x0,5,0,5,5,H
31.4,35.0,-3.6000000000000014,Fraca,Fraca,Fraca vs Fraca,1.66,1.67,-0.010000000000000009,1.05,1.26,-0.20999999999999996,1500.0,1532.04,-32.039999999999964,3x2,3,2,1,5,H
67.7,31.4,36.300000000000004,Forte,Fraca,Forte vs Fraca,2.21,1.66,0.55,1.21,1.05,0.15999999999999992,1724.15,1500.0,224.1500000000001,2x2,2,2,0,4,D
77.0,92.6,-15.599999999999994,Forte,Muito Forte,Forte vs Muito Forte,2.45,2.17,0.28000000000000025,0.8,0.88,-0.07999999999999996,1760.38,1870.0,-109.61999999999989,2x2,2,2,0,4,D
45.4,21.3,24.099999999999998,Média,Fraca,Média vs Fraca,1.16,0.89,0.2699999999999999,0.8,1.15,-0.34999999999999987,1591.73,1460.0,131.73000000000002,2x2,2,2,0,4,D
75.4,63.9,11.500000000000007,Forte,Forte,Forte vs Forte,1.94,1.62,0.31999999999999984,0.74,0.88,-0.14,1760.46,1701.3,59.16000000000008,2x1,2,1,1,3,H
31.4,31.4,0.0,Fraca,Fraca,Fraca vs Fraca,1.66,1.66,0.0,1.05,1.05,0.0,1500.0,1500.0,0.0,1x0,1,0,1,1,H
30.2,65.6,-35.39999999999999,Fraca,Forte,Fraca vs Forte,1.42,1.75,-0.33000000000000007,1.24,1.07,0.16999999999999993,1506.77,1716.88,-210.11000000000013,1x3,1,3,-2,4,A
89.0,31.4,57.6,Muito Forte,Fraca,Muito Forte vs Fraca,2.18,1.66,0.5200000000000002,0.58,1.05,-0.4700000000000001,1834.12,1500.0,334.1199999999999,1x0,1,0,1,1,H
51.6,31.4,20.200000000000003,Média,Fraca,Média vs Fraca,1.9,1.66,0.24,0.9,1.05,-0.15000000000000002,1616.75,1500.0,116.75,4x1,4,1,3,5,H
31.4,70.2,-38.800000000000004,Fraca,Forte,Fraca vs Forte,1.66,2.11,-0.44999999999999996,1.05,0.93,0.12,1500.0,1730.71,-230.71000000000004,0x2,0,2,-2,2,A
74.8,31.4,43.4,Forte,Fraca,Forte vs Fraca,2.36,1.66,0.7,0.99,1.05,-0.06000000000000005,1756.27,1500.0,256.27,3x0,3,0,3,3,H
36.7,45.4,-8.699999999999996,Fraca,Média,Fraca vs Média,1.4,1.84,-0.44000000000000017,1.45,1.07,0.3799999999999999,1557.47,1585.51,-28.039999999999964,0x1,0,1,-1,1,A
58.7,20.8,37.900000000000006,Média,Fraca,Média vs Fraca,1.34,1.06,0.28,0.82,1.22,-0.4,1672.62,1455.0,217.6199999999999,1x1,1,1,0,2,D
95.2,27.4,67.80000000000001,Muito Forte,Fraca,Muito Forte vs Fraca,2.06,0.87,1.19,0.45,1.2,-0.75,1873.33,1501.5,371.8299999999999,1x0,1,0,1,1,H
64.4,33.9,30.500000000000007,Forte,Fraca,Forte vs Fraca,1.9,1.27,0.6299999999999999,0.99,1.14,-0.1499999999999999,1702.06,1529.71,172.3499999999999,1x0,1,0,1,1,H
55.2,31.4,23.800000000000004,Média,Fraca,Média vs Fraca,1.77,1.66,0.1100000000000001,1.18,1.05,0.1299999999999999,1654.69,1500.0,154.69000000000005,3x1,3,1,2,4,H
20.9,45.4,-24.5,Fraca,Média,Fraca vs Média,0.98,1.16,-0.17999999999999994,1.4,0.8,0.5999999999999999,1465.22,1591.73,-126.50999999999999,2x2,2,2,0,4,D
63.9,21.3,42.599999999999994,Forte,Fraca,Forte vs Fraca,1.62,0.89,0.7300000000000001,0.88,1.15,-0.2699999999999999,1701.3,1460.0,241.29999999999995,1x2,1,2,-1,3,A
31.4,31.4,0.0,Fraca,Fraca,Fraca vs Fraca,1.66,1.66,0.0,1.05,1.05,0.0,1500.0,1500.0,0.0,2x1,2,1,1,3,H
94.9,35.0,59.900000000000006,Muito Forte,Fraca,Muito Forte vs Fraca,2.33,1.67,0.6600000000000001,0.79,1.26,-0.47,1877.18,1532.04,345.1400000000001,1x1,1,1,0,2,D
31.4,92.6,-61.199999999999996,Fraca,Muito Forte,Fraca vs Muito Forte,1.66,2.17,-0.51,1.05,0.88,0.17000000000000004,1500.0,1870.0,-370.0,1x1,1,1,0,2,D
67.7,77.0,-9.299999999999997,Forte,Forte,Forte vs Forte,2.21,2.45,-0.2400000000000002,1.21,0.8,0.4099999999999999,1724.15,1760.38,-36.23000000000002,4x2,4,2,2,6,H
65.6,31.4,34.199999999999996,Forte,Fraca,Forte vs Fraca,1.75,1.66,0.09000000000000008,1.07,1.05,0.020000000000000018,1716.88,1500.0,216.8800000000001,1x1,1,1,0,2,D
89.0,30.2,58.8,Muito Forte,Fraca,Muito Forte vs Fraca,2.18,1.42,0.7600000000000002,0.58,1.24,-0.66,1834.12,1506.77,327.3499999999999,0x0,0,0,0,0,D
31.4,31.4,0.0,Fraca,Fraca,Fraca vs Fraca,1.66,1.66,0.0,1.05,1.05,0.0,1500.0,1500.0,0.0,1x0,1,0,1,1,H
20.8,8.1,12.700000000000001,Fraca,Muito Fraca,Fraca vs Muito Fraca,1.06,0.92,0.14,1.22,1.98,-0.76,1455.0,1410.0,45.0,1x0,1,0,1,1,H
95.2,58.7,36.5,Muito Forte,Média,Muito Forte vs Média,2.06,1.34,0.72,0.45,0.82,-0.36999999999999994,1873.33,1672.62,200.71000000000004,1x0,1,0,1,1,H
51.6,70.2,-18.6,Média,Forte,Média vs Forte,1.9,2.11,-0.20999999999999996,0.9,0.93,-0.030000000000000027,1616.75,1730.71,-113.96000000000004,1x2,1,2,-1,3,A
36.7,31.4,5.300000000000004,Fraca,Fraca,Fraca vs Fraca,1.4,1.66,-0.26,1.45,1.05,0.3999999999999999,1557.47,1500.0,57.47000000000003,2x1,2,1,1,3,H
74.8,45.4,29.4,Forte,Média,Forte vs Média,2.36,1.84,0.5199999999999998,0.99,1.07,-0.08000000000000007,1756.27,1585.51,170.76,2x0,2,0,2,2,H
63.9,20.9,43.0,Forte,Fraca,Forte vs Fraca,1.62,0.98,0.6400000000000001,0.88,1.4,-0.5199999999999999,1701.3,1465.22,236.07999999999993,0x0,0,0,0,0,D
75.4,21.3,54.10000000000001,Forte,Fraca,Forte vs Fraca,1.94,0.89,1.0499999999999998,0.74,1.15,-0.4099999999999999,1760.46,1460.0,300.46000000000004,4x0,4,0,4,4,H
31.4,31.4,0.0,Fraca,Fraca,Fraca vs Fraca,1.66,1.66,0.0,1.05,1.05,0.0,1500.0,1500.0,0.0,5x1,5,1,4,6,H
31.4,33.9,-2.5,Fraca,Fraca,Fraca vs Fraca,1.66,1.27,0.3899999999999999,1.05,1.14,-0.08999999999999986,1500.0,1529.71,-29.710000000000036,0x2,0,2,-2,2,A
64.4,55.2,9.200000000000003,Forte,Média,Forte vs Média,1.9,1.77,0.1299999999999999,0.99,1.18,-0.18999999999999995,1702.06,1654.69,47.36999999999989,3x0,3,0,3,3,H
31.4,31.4,0.0,Fraca,Fraca,Fraca vs Fraca,1.66,1.66,0.0,1.05,1.05,0.0,1500.0,1500.0,0.0,1x0,1,0,1,1,H
31.4,31.4,0.0,Fraca,Fraca,Fraca vs Fraca,1.66,1.66,0.0,1.05,1.05,0.0,1500.0,1500.0,0.0,1x1,1,1,0,2,D
31.4,31.4,0.0,Fraca,Fraca,Fraca vs Fraca,1.66,1.66,0.0,1.05,1.05,0.0,1500.0,1500.0,0.0,3x1,3,1,2,4,H
45.4,31.4,14.0,Média,Fraca,Média vs Fraca,1.77,1.66,0.1100000000000001,0.75,1.05,-0.30000000000000004,1574.01,1500.0,74.00999999999999,1x0,1,0,1,1,H
53.5,31.4,22.1,Média,Fraca,Média vs Fraca,2.07,1.66,0.4099999999999999,0.73,1.05,-0.32000000000000006,1617.02,1500.0,117.01999999999998,1x0,1,0,1,1,H
31.4,31.4,0.0,Fraca,Fraca,Fraca vs Fraca,1.66,1.66,0.0,1.05,1.05,0.0,1500.0,1500.0,0.0,3x0,3,0,3,3,H
31.4,31.4,0.0,Fraca,Fraca,Fraca vs Fraca,1.66,1.66,0.0,1.05,1.05,0.0,1500.0,1500.0,0.0,0x3,0,3,-3,3,A
31.4,31.4,0.0,Fraca,Fraca,Fraca vs Fraca,1.66,1.66,0.0,1.05,1.05,0.0,1500.0,1500.0,0.0,1x1,1,1,0,2,D
61.5,31.4,30.1,Forte,Fraca,Forte vs Fraca,2.67,1.66,1.01,0.67,1.05,-0.38,1650.12,1500.0,150.1199999999999,5x1,5,1,4,6,H
31.4,31.4,0.0,Fraca,Fraca,Fraca vs Fraca,1.66,1.66,0.0,1.05,1.05,0.0,1500.0,1500.0,0.0,0x1,0,1,-1,1,A
31.4,31.4,0.0,Fraca,Fraca,Fraca vs Fraca,1.66,1.66,0.0,1.05,1.05,0.0,1500.0,1500.0,0.0,3x2,3,2,1,5,H
42.6,14.3,28.3,Média,Muito Fraca,Média vs Muito Fraca,1.88,2.45,-0.5700000000000003,0.89,1.26,-0.37,1559.15,1380.0,179.1500000000001,3x0,3,0,3,3,H
31.4,36.3,-4.899999999999999,Fraca,Fraca,Fraca vs Fraca,1.66,1.61,0.04999999999999982,1.05,1.23,-0.17999999999999994,1500.0,1540.43,-40.430000000000064,0x0,0,0,0,0,D
31.4,31.4,0.0,Fraca,Fraca,Fraca vs Fraca,1.66,1.66,0.0,1.05,1.05,0.0,1500.0,1500.0,0.0,2x0,2,0,2,2,H
31.4,31.4,0.0,Fraca,Fraca,Fraca vs Fraca,1.66,1.66,0.0,1.05,1.05,0.0,1500.0,1500.0,0.0,1x0,1,0,1,1,H
31.4,77.0,-45.6,Fraca,Forte,Fraca vs Forte,1.66,2.45,-0.7900000000000003,1.05,0.8,0.25,1500.0,1760.38,-260.3800000000001,0x3,0,3,-3,3,A
67.7,92.6,-24.89999999999999,Forte,Muito Forte,Forte vs Muito Forte,2.21,2.17,0.040000000000000036,1.21,0.88,0.32999999999999996,1724.15,1870.0,-145.8499999999999,0x1,0,1,-1,1,A
30.2,31.4,-1.1999999999999993,Fraca,Fraca,Fraca vs Fraca,1.42,1.66,-0.24,1.24,1.05,0.18999999999999995,1506.77,1500.0,6.769999999999982,0x2,0,2,-2,2,A
35.0,31.4,3.6000000000000014,Fraca,Fraca,Fraca vs Fraca,1.67,1.66,0.010000000000000009,1.26,1.05,0.20999999999999996,1532.04,1500.0,32.039999999999964,1x2,1,2,-1,3,A
94.9,31.4,63.50000000000001,Muito Forte,Fraca,Muito Forte vs Fraca,2.33,1.66,0.6700000000000002,0.79,1.05,-0.26,1877.18,1500.0,377.18000000000006,0x0,0,0,0,0,D
95.2,20.8,74.4,Muito Forte,Fraca,Muito Forte vs Fraca,2.06,1.06,1.0,0.45,1.22,-0.77,1873.33,1455.0,418.3299999999999,1x1,1,1,0,2,D
27.4,8.1,19.299999999999997,Fraca,Muito Fraca,Fraca vs Muito Fraca,0.87,0.92,-0.050000000000000044,1.2,1.98,-0.78,1501.5,1410.0,91.5,3x1,3,1,2,4,H
49.1,31.4,17.700000000000003,Média,Fraca,Média vs Fraca,2.0,1.66,0.3400000000000001,0.93,1.05,-0.12,1599.45,1500.0,99.45000000000005,2x1,2,1,1,3,H
31.4,31.4,0.0,Fraca,Fraca,Fraca vs Fraca,1.66,1.66,0.0,1.05,1.05,0.0,1500.0,1500.0,0.0,0x1,0,1,-1,1,A
45.4,31.4,14.0,Média,Fraca,Média vs Fraca,1.84,1.66,0.18000000000000016,1.07,1.05,0.020000000000000018,1585.51,1500.0,85.50999999999999,3x1,3,1,2,4,H
74.8,36.7,38.099999999999994,Forte,Fraca,Forte vs Fraca,2.36,1.4,0.96,0.99,1.45,-0.45999999999999996,1756.27,1557.47,198.79999999999995,3x2,3,2,1,5,H
89.0,65.6,23.400000000000006,Muito Forte,Forte,Muito Forte vs Forte,2.18,1.75,0.43000000000000016,0.58,1.07,-0.4900000000000001,1834.12,1716.88,117.23999999999978,1x0,1,0,1,1,H
75.4,20.9,54.50000000000001,Forte,Fraca,Forte vs Fraca,1.94,0.98,0.96,0.74,1.4,-0.6599999999999999,1760.46,1465.22,295.24,3x0,3,0,3,3,H
63.9,45.4,18.5,Forte,Média,Forte vs Média,1.62,1.16,0.4600000000000002,0.88,0.8,0.07999999999999996,1701.3,1591.73,109.56999999999994,1x0,1,0,1,1,H
14.3,42.6,-28.3,Muito Fraca,Média,Muito Fraca vs Média,2.45,1.88,0.5700000000000003,1.26,0.89,0.37,1380.0,1559.15,-179.1500000000001,0x1,0,1,-1,1,A
36.3,31.4,4.899999999999999,Fraca,Fraca,Fraca vs Fraca,1.61,1.66,-0.04999999999999982,1.23,1.05,0.17999999999999994,1540.43,1500.0,40.430000000000064,2x1,2,1,1,3,H
31.4,31.4,0.0,Fraca,Fraca,Fraca vs Fraca,1.66,1.66,0.0,1.05,1.05,0.0,1500.0,1500.0,0.0,0x4,0,4,-4,4,A
24.6,31.4,-6.799999999999997,Fraca,Fraca,Fraca vs Fraca,1.27,1.66,-0.3899999999999999,1.13,1.05,0.07999999999999985,1470.0,1500.0,-30.0,0x0,0,0,0,0,D
59.0,14.8,44.2,Média,Muito Fraca,Média vs Muito Fraca,1.42,1.15,0.27,0.9,1.35,-0.45000000000000007,1675.75,1420.0,255.75,0x0,0,0,0,0,D
73.4,31.4,42.00000000000001,Forte,Fraca,Forte vs Fraca,1.98,1.66,0.32000000000000006,0.46,1.05,-0.5900000000000001,1736.56,1500.0,236.55999999999995,1x0,1,0,1,1,H
33.9,55.2,-21.300000000000004,Fraca,Média,Fraca vs Média,1.27,1.77,-0.5,1.14,1.18,-0.040000000000000036,1529.71,1654.69,-124.98000000000002,1x1,1,1,0,2,D
51.6,31.4,20.200000000000003,Média,Fraca,Média vs Fraca,1.9,1.66,0.24,0.9,1.05,-0.15000000000000002,1616.75,1500.0,116.75,0x1,0,1,-1,1,A
31.4,70.2,-38.800000000000004,Fraca,Forte,Fraca vs Forte,1.66,2.11,-0.44999999999999996,1.05,0.93,0.12,1500.0,1730.71,-230.71000000000004,0x3,0,3,-3,3,A
31.4,31.4,0.0,Fraca,Fraca,Fraca vs Fraca,1.66,1.66,0.0,1.05,1.05,0.0,1500.0,1500.0,0.0,3x0,3,0,3,3,H
31.4,31.4,0.0,Fraca,Fraca,Fraca vs Fraca,1.66,1.66,0.0,1.05,1.05,0.0,1500.0,1500.0,0.0,5x0,5,0,5,5,H
31.4,45.4,-14.0,Fraca,Média,Fraca vs Média,1.66,1.77,-0.1100000000000001,1.05,0.75,0.30000000000000004,1500.0,1574.01,-74.00999999999999,0x3,0,3,-3,3,A
31.4,31.4,0.0,Fraca,Fraca,Fraca vs Fraca,1.66,1.66,0.0,1.05,1.05,0.0,1500.0,1500.0,0.0,0x0,0,0,0,0,D
31.4,53.5,-22.1,Fraca,Média,Fraca vs Média,1.66,2.07,-0.4099999999999999,1.05,0.73,0.32000000000000006,1500.0,1617.02,-117.01999999999998,0x10,0,10,-10,10,A
31.4,31.4,0.0,Fraca,Fraca,Fraca vs Fraca,1.66,1.66,0.0,1.05,1.05,0.0,1500.0,1500.0,0.0,0x1,0,1,-1,1,A
31.4,31.4,0.0,Fraca,Fraca,Fraca vs Fraca,1.66,1.66,0.0,1.05,1.05,0.0,1500.0,1500.0,0.0,0x1,0,1,-1,1,A
31.4,31.4,0.0,Fraca,Fraca,Fraca vs Fraca,1.66,1.66,0.0,1.05,1.05,0.0,1500.0,1500.0,0.0,1x2,1,2,-1,3,A
31.4,31.4,0.0,Fraca,Fraca,Fraca vs Fraca,1.66,1.66,0.0,1.05,1.05,0.0,1500.0,1500.0,0.0,1x2,1,2,-1,3,A
61.5,31.9,29.6,Forte,Fraca,Forte vs Fraca,2.67,1.55,1.1199999999999999,0.67,1.06,-0.39,1650.12,1506.34,143.77999999999997,1x0,1,0,1,1,H
31.4,31.4,0.0,Fraca,Fraca,Fraca vs Fraca,1.66,1.66,0.0,1.05,1.05,0.0,1500.0,1500.0,0.0,1x1,1,1,0,2,D
31.4,31.4,0.0,Fraca,Fraca,Fraca vs Fraca,1.66,1.66,0.0,1.05,1.05,0.0,1500.0,1500.0,0.0,0x2,0,2,-2,2,A
64.4,31.4,33.00000000000001,Forte,Fraca,Forte vs Fraca,1.9,1.66,0.24,0.99,1.05,-0.06000000000000005,1702.06,1500.0,202.05999999999995,3x0,3,0,3,3,H
31.4,31.4,0.0,Fraca,Fraca,Fraca vs Fraca,1.66,1.66,0.0,1.05,1.05,0.0,1500.0,1500.0,0.0,3x0,3,0,3,3,H
31.4,31.4,0.0,Fraca,Fraca,Fraca vs Fraca,1.66,1.66,0.0,1.05,1.05,0.0,1500.0,1500.0,0.0,5x0,5,0,5,5,H
31.4,31.4,0.0,Fraca,Fraca,Fraca vs Fraca,1.66,1.66,0.0,1.05,1.05,0.0,1500.0,1500.0,0.0,3x2,3,2,1,5,H
31.4,31.4,0.0,Fraca,Fraca,Fraca vs Fraca,1.66,1.66,0.0,1.05,1.05,0.0,1500.0,1500.0,0.0,3x2,3,2,1,5,H
77.0,31.4,45.6,Forte,Fraca,Forte vs Fraca,2.45,1.66,0.7900000000000003,0.8,1.05,-0.25,1760.38,1500.0,260.3800000000001,4x0,4,0,4,4,H
62.3,19.3,43.0,Forte,Muito Fraca,Forte vs Muito Fraca,1.95,1.4,0.55,0.86,1.17,-0.30999999999999994,1681.88,1435.0,246.8800000000001,4x0,4,0,4,4,H
49.1,31.4,17.700000000000003,Média,Fraca,Média vs Fraca,2.0,1.66,0.3400000000000001,0.93,1.05,-0.12,1599.45,1500.0,99.45000000000005,5x0,5,0,5,5,H
31.4,31.4,0.0,Fraca,Fraca,Fraca vs Fraca,1.66,1.66,0.0,1.05,1.05,0.0,1500.0,1500.0,0.0,2x2,2,2,0,4,D
28.9,44.7,-15.800000000000004,Fraca,Média,Fraca vs Média,1.38,1.56,-0.18000000000000016,0.83,0.91,-0.08000000000000007,1482.39,1581.56,-99.16999999999985,0x0,0,0,0,0,D
31.4,31.4,0.0,Fraca,Fraca,Fraca vs Fraca,1.66,1.66,0.0,1.05,1.05,0.0,1500.0,1500.0,0.0,3x1,3,1,2,4,H
92.6,31.4,61.199999999999996,Muito Forte,Fraca,Muito Forte vs Fraca,2.17,1.66,0.51,0.88,1.05,-0.17000000000000004,1870.0,1500.0,370.0,3x0,3,0,3,3,H
31.4,28.6,2.799999999999997,Fraca,Fraca,Fraca vs Fraca,1.66,1.1,0.5599999999999998,1.05,1.13,-0.07999999999999985,1500.0,1500.0,0.0,0x0,0,0,0,0,D
73.4,24.6,48.800000000000004,Forte,Fraca,Forte vs Fraca,1.98,1.27,0.71,0.46,1.13,-0.6699999999999999,1736.56,1470.0,266.55999999999995,1x0,1,0,1,1,H
35.0,31.4,3.6000000000000014,Fraca,Fraca,Fraca vs Fraca,1.67,1.66,0.010000000000000009,1.26,1.05,0.20999999999999996,1532.04,1500.0,32.039999999999964,2x2,2,2,0,4,D
63.7,31.4,32.300000000000004,Forte,Fraca,Forte vs Fraca,1.8,1.66,0.14000000000000012,0.64,1.05,-0.41000000000000003,1684.86,1500.0,184.8599999999999,2x0,2,0,2,2,H
94.9,31.4,63.50000000000001,Muito Forte,Fraca,Muito Forte vs Fraca,2.33,1.66,0.6700000000000002,0.79,1.05,-0.26,1877.18,1500.0,377.18000000000006,4x0,4,0,4,4,H
31.4,31.4,0.0,Fraca,Fraca,Fraca vs Fraca,1.66,1.66,0.0,1.05,1.05,0.0,1500.0,1500.0,0.0,3x0,3,0,3,3,H
42.6,31.4,11.200000000000003,Média,Fraca,Média vs Fraca,1.88,1.66,0.21999999999999997,0.89,1.05,-0.16000000000000003,1559.15,1500.0,59.15000000000009,4x0,4,0,4,4,H
31.4,31.4,0.0,Fraca,Fraca,Fraca vs Fraca,1.66,1.66,0.0,1.05,1.05,0.0,1500.0,1500.0,0.0,0x1,0,1,-1,1,A
31.4,31.4,0.0,Fraca,Fraca,Fraca vs Fraca,1.66,1.66,0.0,1.05,1.05,0.0,1500.0,1500.0,0.0,0x0,0,0,0,0,D
36.3,31.4,4.899999999999999,Fraca,Fraca,Fraca vs Fraca,1.61,1.66,-0.04999999999999982,1.23,1.05,0.17999999999999994,1540.43,1500.0,40.430000000000064,3x0,3,0,3,3,H
14.3,31.4,-17.099999999999998,Muito Fraca,Fraca,Muito Fraca vs Fraca,2.45,1.66,0.7900000000000003,1.26,1.05,0.20999999999999996,1380.0,1500.0,-120.0,1x0,1,0,1,1,H
8.1,31.4,-23.299999999999997,Muito Fraca,Fraca,Muito Fraca vs Fraca,1.59,1.66,-0.06999999999999984,1.44,1.05,0.3899999999999999,1370.0,1500.0,-130.0,2x0,2,0,2,2,H
45.4,21.3,24.099999999999998,Média,Fraca,Média vs Fraca,1.16,0.89,0.2699999999999999,0.8,1.15,-0.34999999999999987,1591.73,1460.0,131.73000000000002,1x2,1,2,-1,3,A
63.9,95.2,-31.300000000000004,Forte,Muito Forte,Forte vs Muito Forte,1.62,2.06,-0.43999999999999995,0.88,0.45,0.43,1701.3,1873.33,-172.02999999999997,2x2,2,2,0,4,D
20.9,58.7,-37.800000000000004,Fraca,Média,Fraca vs Média,0.98,1.34,-0.3600000000000001,1.4,0.82,0.58,1465.22,1672.62,-207.39999999999986,0x0,0,0,0,0,D
27.4,75.4,-48.00000000000001,Fraca,Forte,Fraca vs Forte,0.87,1.94,-1.0699999999999998,1.2,0.74,0.45999999999999996,1501.5,1760.46,-258.96000000000004,0x2,0,2,-2,2,A
20.8,8.1,12.700000000000001,Fraca,Muito Fraca,Fraca vs Muito Fraca,1.06,0.92,0.14,1.22,1.98,-0.76,1455.0,1410.0,45.0,1x1,1,1,0,2,D
67.7,31.4,36.300000000000004,Forte,Fraca,Forte vs Fraca,2.21,1.66,0.55,1.21,1.05,0.15999999999999992,1724.15,1500.0,224.1500000000001,7x1,7,1,6,8,H
31.9,19.0,12.899999999999999,Fraca,Muito Fraca,Fraca vs Muito Fraca,1.55,1.27,0.28,1.06,1.26,-0.19999999999999996,1506.34,1440.0,66.33999999999992,1x1,1,1,0,2,D
36.7,31.4,5.300000000000004,Fraca,Fraca,Fraca vs Fraca,1.4,1.66,-0.26,1.45,1.05,0.3999999999999999,1557.47,1500.0,57.47000000000003,4x0,4,0,4,4,H
31.4,31.4,0.0,Fraca,Fraca,Fraca vs Fraca,1.66,1.66,0.0,1.05,1.05,0.0,1500.0,1500.0,0.0,0x3,0,3,-3,3,A
31.4,31.4,0.0,Fraca,Fraca,Fraca vs Fraca,1.66,1.66,0.0,1.05,1.05,0.0,1500.0,1500.0,0.0,2x0,2,0,2,2,H
31.4,31.4,0.0,Fraca,Fraca,Fraca vs Fraca,1.66,1.66,0.0,1.05,1.05,0.0,1500.0,1500.0,0.0,0x3,0,3,-3,3,A
45.4,31.4,14.0,Média,Fraca,Média vs Fraca,1.77,1.66,0.1100000000000001,0.75,1.05,-0.30000000000000004,1574.01,1500.0,74.00999999999999,5x1,5,1,4,6,H
31.4,31.4,0.0,Fraca,Fraca,Fraca vs Fraca,1.66,1.66,0.0,1.05,1.05,0.0,1500.0,1500.0,0.0,4x1,4,1,3,5,H
31.4,31.4,0.0,Fraca,Fraca,Fraca vs Fraca,1.66,1.66,0.0,1.05,1.05,0.0,1500.0,1500.0,0.0,5x0,5,0,5,5,H
31.4,31.4,0.0,Fraca,Fraca,Fraca vs Fraca,1.66,1.66,0.0,1.05,1.05,0.0,1500.0,1500.0,0.0,0x2,0,2,-2,2,A
61.5,31.4,30.1,Forte,Fraca,Forte vs Fraca,2.67,1.66,1.01,0.67,1.05,-0.38,1650.12,1500.0,150.1199999999999,4x1,4,1,3,5,H
31.4,31.4,0.0,Fraca,Fraca,Fraca vs Fraca,1.66,1.66,0.0,1.05,1.05,0.0,1500.0,1500.0,0.0,3x1,3,1,2,4,H
31.4,31.4,0.0,Fraca,Fraca,Fraca vs Fraca,1.66,1.66,0.0,1.05,1.05,0.0,1500.0,1500.0,0.0,4x0,4,0,4,4,H
31.4,53.5,-22.1,Fraca,Média,Fraca vs Média,1.66,2.07,-0.4099999999999999,1.05,0.73,0.32000000000000006,1500.0,1617.02,-117.01999999999998,0x3,0,3,-3,3,A
31.4,31.4,0.0,Fraca,Fraca,Fraca vs Fraca,1.66,1.66,0.0,1.05,1.05,0.0,1500.0,1500.0,0.0,1x0,1,0,1,1,H
31.4,31.4,0.0,Fraca,Fraca,Fraca vs Fraca,1.66,1.66,0.0,1.05,1.05,0.0,1500.0,1500.0,0.0,1x0,1,0,1,1,H
45.4,31.4,14.0,Média,Fraca,Média vs Fraca,1.84,1.66,0.18000000000000016,1.07,1.05,0.020000000000000018,1585.51,1500.0,85.50999999999999,0x0,0,0,0,0,D
70.2,65.6,4.6000000000000085,Forte,Forte,Forte vs Forte,2.11,1.75,0.3599999999999999,0.93,1.07,-0.14,1730.71,1716.88,13.829999999999927,1x0,1,0,1,1,H
51.6,31.4,20.200000000000003,Média,Fraca,Média vs Fraca,1.9,1.66,0.24,0.9,1.05,-0.15000000000000002,1616.75,1500.0,116.75,2x0,2,0,2,2,H
89.0,31.4,57.6,Muito Forte,Fraca,Muito Forte vs Fraca,2.18,1.66,0.5200000000000002,0.58,1.05,-0.4700000000000001,1834.12,1500.0,334.1199999999999,1x0,1,0,1,1,H
31.4,30.2,1.1999999999999993,Fraca,Fraca,Fraca vs Fraca,1.66,1.42,0.24,1.05,1.24,-0.18999999999999995,1500.0,1506.77,-6.769999999999982,0x1,0,1,-1,1,A
74.8,31.4,43.4,Forte,Fraca,Forte vs Fraca,2.36,1.66,0.7,0.99,1.05,-0.06000000000000005,1756.27,1500.0,256.27,3x0,3,0,3,3,H
31.4,31.4,0.0,Fraca,Fraca,Fraca vs Fraca,1.66,1.66,0.0,1.05,1.05,0.0,1500.0,1500.0,0.0,1x2,1,2,-1,3,A
14.8,19.3,-4.5,Muito Fraca,Muito Fraca,Muito Fraca vs Muito Fraca,1.15,1.4,-0.25,1.35,1.17,0.18000000000000016,1420.0,1435.0,-15.0,2x2,2,2,0,4,D
62.3,59.0,3.299999999999997,Forte,Média,Forte vs Média,1.95,1.42,0.53,0.86,0.9,-0.040000000000000036,1681.88,1675.75,6.130000000000109,3x2,3,2,1,5,H
31.4,31.4,0.0,Fraca,Fraca,Fraca vs Fraca,1.66,1.66,0.0,1.05,1.05,0.0,1500.0,1500.0,0.0,2x1,2,1,1,3,H
31.4,31.4,0.0,Fraca,Fraca,Fraca vs Fraca,1.66,1.66,0.0,1.05,1.05,0.0,1500.0,1500.0,0.0,1x3,1,3,-2,4,A
31.4,31.4,0.0,Fraca,Fraca,Fraca vs Fraca,1.66,1.66,0.0,1.05,1.05,0.0,1500.0,1500.0,0.0,1x0,1,0,1,1,H
63.7,31.4,32.300000000000004,Forte,Fraca,Forte vs Fraca,1.8,1.66,0.14000000000000012,0.64,1.05,-0.41000000000000003,1684.86,1500.0,184.8599999999999,3x1,3,1,2,4,H
31.4,31.4,0.0,Fraca,Fraca,Fraca vs Fraca,1.66,1.66,0.0,1.05,1.05,0.0,1500.0,1500.0,0.0,3x1,3,1,2,4,H
31.4,31.4,0.0,Fraca,Fraca,Fraca vs Fraca,1.66,1.66,0.0,1.05,1.05,0.0,1500.0,1500.0,0.0,1x0,1,0,1,1,H
33.9,31.4,2.5,Fraca,Fraca,Fraca vs Fraca,1.27,1.66,-0.3899999999999999,1.14,1.05,0.08999999999999986,1529.71,1500.0,29.710000000000036,0x0,0,0,0,0,D
31.4,31.4,0.0,Fraca,Fraca,Fraca vs Fraca,1.66,1.66,0.0,1.05,1.05,0.0,1500.0,1500.0,0.0,3x0,3,0,3,3,H
31.4,31.4,0.0,Fraca,Fraca,Fraca vs Fraca,1.66,1.66,0.0,1.05,1.05,0.0,1500.0,1500.0,0.0,3x2,3,2,1,5,H
49.1,31.4,17.700000000000003,Média,Fraca,Média vs Fraca,2.0,1.66,0.3400000000000001,0.93,1.05,-0.12,1599.45,1500.0,99.45000000000005,5x0,5,0,5,5,H
31.4,31.4,0.0,Fraca,Fraca,Fraca vs Fraca,1.66,1.66,0.0,1.05,1.05,0.0,1500.0,1500.0,0.0,0x7,0,7,-7,7,A
31.4,42.6,-11.200000000000003,Fraca,Média,Fraca vs Média,1.66,1.88,-0.21999999999999997,1.05,0.89,0.16000000000000003,1500.0,1559.15,-59.15000000000009,0x7,0,7,-7,7,A
31.4,31.4,0.0,Fraca,Fraca,Fraca vs Fraca,1.66,1.66,0.0,1.05,1.05,0.0,1500.0,1500.0,0.0,0x8,0,8,-8,8,A
36.3,31.4,4.899999999999999,Fraca,Fraca,Fraca vs Fraca,1.61,1.66,-0.04999999999999982,1.23,1.05,0.17999999999999994,1540.43,1500.0,40.430000000000064,13x0,13,0,13,13,H
31.4,14.3,17.099999999999998,Fraca,Muito Fraca,Fraca vs Muito Fraca,1.66,2.45,-0.7900000000000003,1.05,1.26,-0.20999999999999996,1500.0,1380.0,120.0,0x10,0,10,-10,10,A
31.4,8.1,23.299999999999997,Fraca,Muito Fraca,Fraca vs Muito Fraca,1.66,1.59,0.06999999999999984,1.05,1.44,-0.3899999999999999,1500.0,1370.0,130.0,0x0,0,0,0,0,D
31.4,31.4,0.0,Fraca,Fraca,Fraca vs Fraca,1.66,1.66,0.0,1.05,1.05,0.0,1500.0,1500.0,0.0,0x1,0,1,-1,1,A
31.4,31.4,0.0,Fraca,Fraca,Fraca vs Fraca,1.66,1.66,0.0,1.05,1.05,0.0,1500.0,1500.0,0.0,0x1,0,1,-1,1,A
31.4,31.4,0.0,Fraca,Fraca,Fraca vs Fraca,1.66,1.66,0.0,1.05,1.05,0.0,1500.0,1500.0,0.0,1x0,1,0,1,1,H
64.4,31.4,33.00000000000001,Forte,Fraca,Forte vs Fraca,1.9,1.66,0.24,0.99,1.05,-0.06000000000000005,1702.06,1500.0,202.05999999999995,4x0,4,0,4,4,H
44.7,28.9,15.800000000000004,Média,Fraca,Média vs Fraca,1.56,1.38,0.18000000000000016,0.91,0.83,0.08000000000000007,1581.56,1482.39,99.16999999999985,0x1,0,1,-1,1,A
31.4,31.4,0.0,Fraca,Fraca,Fraca vs Fraca,1.66,1.66,0.0,1.05,1.05,0.0,1500.0,1500.0,0.0,4x0,4,0,4,4,H
31.4,31.4,0.0,Fraca,Fraca,Fraca vs Fraca,1.66,1.66,0.0,1.05,1.05,0.0,1500.0,1500.0,0.0,6x0,6,0,6,6,H
94.9,77.0,17.900000000000006,Muito Forte,Forte,Muito Forte vs Forte,2.33,2.45,-0.1200000000000001,0.79,0.8,-0.010000000000000009,1877.18,1760.38,116.79999999999995,0x0,0,0,0,0,D
31.4,31.4,0.0,Fraca,Fraca,Fraca vs Fraca,1.66,1.66,0.0,1.05,1.05,0.0,1500.0,1500.0,0.0,0x4,0,4,-4,4,A
31.4,31.4,0.0,Fraca,Fraca,Fraca vs Fraca,1.66,1.66,0.0,1.05,1.05,0.0,1500.0,1500.0,0.0,10x0,10,0,10,10,H
75.4,45.4,30.000000000000007,Forte,Média,Forte vs Média,1.94,1.16,0.78,0.74,0.8,-0.06000000000000005,1760.46,1591.73,168.73000000000002,2x0,2,0,2,2,H
31.4,31.4,0.0,Fraca,Fraca,Fraca vs Fraca,1.66,1.66,0.0,1.05,1.05,0.0,1500.0,1500.0,0.0,4x1,4,1,3,5,H
31.4,28.6,2.799999999999997,Fraca,Fraca,Fraca vs Fraca,1.66,1.1,0.5599999999999998,1.05,1.13,-0.07999999999999985,1500.0,1500.0,0.0,1x4,1,4,-3,5,A
70.2,31.4,38.800000000000004,Forte,Fraca,Forte vs Fraca,2.11,1.66,0.44999999999999996,0.93,1.05,-0.12,1730.71,1500.0,230.71000000000004,1x1,1,1,0,2,D
55.2,31.4,23.800000000000004,Média,Fraca,Média vs Fraca,1.77,1.66,0.1100000000000001,1.18,1.05,0.1299999999999999,1654.69,1500.0,154.69000000000005,7x0,7,0,7,7,H
31.4,31.4,0.0,Fraca,Fraca,Fraca vs Fraca,1.66,1.66,0.0,1.05,1.05,0.0,1500.0,1500.0,0.0,2x0,2,0,2,2,H
36.7,24.7,12.000000000000004,Fraca,Fraca,Fraca vs Fraca,1.4,1.09,0.30999999999999983,1.45,1.24,0.20999999999999996,1557.47,1480.0,77.47000000000003,1x0,1,0,1,1,H
59.0,19.3,39.7,Média,Muito Fraca,Média vs Muito Fraca,1.42,1.4,0.020000000000000018,0.9,1.17,-0.2699999999999999,1675.75,1435.0,240.75,0x0,0,0,0,0,D
62.3,14.8,47.5,Forte,Muito Fraca,Forte vs Muito Fraca,1.95,1.15,0.8,0.86,1.35,-0.4900000000000001,1681.88,1420.0,261.8800000000001,1x0,1,0,1,1,H
53.5,31.4,22.1,Média,Fraca,Média vs Fraca,2.07,1.66,0.4099999999999999,0.73,1.05,-0.32000000000000006,1617.02,1500.0,117.01999999999998,3x1,3,1,2,4,H
31.4,31.4,0.0,Fraca,Fraca,Fraca vs Fraca,1.66,1.66,0.0,1.05,1.05,0.0,1500.0,1500.0,0.0,4x0,4,0,4,4,H
31.4,31.4,0.0,Fraca,Fraca,Fraca vs Fraca,1.66,1.66,0.0,1.05,1.05,0.0,1500.0,1500.0,0.0,2x2,2,2,0,4,D
8.1,20.9,-12.799999999999999,Muito Fraca,Fraca,Muito Fraca vs Fraca,0.92,0.98,-0.05999999999999994,1.98,1.4,0.5800000000000001,1410.0,1465.22,-55.22000000000003,3x1,3,1,2,4,H
58.7,27.4,31.300000000000004,Média,Fraca,Média vs Fraca,1.34,0.87,0.4700000000000001,0.82,1.2,-0.38,1672.62,1501.5,171.1199999999999,0x0,0,0,0,0,D
95.2,20.8,74.4,Muito Forte,Fraca,Muito Forte vs Fraca,2.06,1.06,1.0,0.45,1.22,-0.77,1873.33,1455.0,418.3299999999999,1x1,1,1,0,2,D
21.3,63.9,-42.599999999999994,Fraca,Forte,Fraca vs Forte,0.89,1.62,-0.7300000000000001,1.15,0.88,0.2699999999999999,1460.0,1701.3,-241.29999999999995,0x3,0,3,-3,3,A
31.4,45.4,-14.0,Fraca,Média,Fraca vs Média,1.66,1.77,-0.1100000000000001,1.05,0.75,0.30000000000000004,1500.0,1574.01,-74.00999999999999,0x3,0,3,-3,3,A
31.4,31.4,0.0,Fraca,Fraca,Fraca vs Fraca,1.66,1.66,0.0,1.05,1.05,0.0,1500.0,1500.0,0.0,1x0,1,0,1,1,H
89.0,45.4,43.6,Muito Forte,Média,Muito Forte vs Média,2.18,1.84,0.3400000000000001,0.58,1.07,-0.4900000000000001,1834.12,1585.51,248.6099999999999,1x0,1,0,1,1,H
92.6,33.9,58.699999999999996,Muito Forte,Fraca,Muito Forte vs Fraca,2.17,1.27,0.8999999999999999,0.88,1.14,-0.2599999999999999,1870.0,1529.71,340.28999999999996,3x0,3,0,3,3,H
67.7,51.6,16.1,Forte,Média,Forte vs Média,2.21,1.9,0.31000000000000005,1.21,0.9,0.30999999999999994,1724.15,1616.75,107.40000000000009,1x1,1,1,0,2,D
74.8,30.2,44.599999999999994,Forte,Fraca,Forte vs Fraca,2.36,1.42,0.94,0.99,1.24,-0.25,1756.27,1506.77,249.5,2x2,2,2,0,4,D
31.4,31.4,0.0,Fraca,Fraca,Fraca vs Fraca,1.66,1.66,0.0,1.05,1.05,0.0,1500.0,1500.0,0.0,1x0,1,0,1,1,H
31.4,31.4,0.0,Fraca,Fraca,Fraca vs Fraca,1.66,1.66,0.0,1.05,1.05,0.0,1500.0,1500.0,0.0,1x2,1,2,-1,3,A
31.4,31.4,0.0,Fraca,Fraca,Fraca vs Fraca,1.66,1.66,0.0,1.05,1.05,0.0,1500.0,1500.0,0.0,5x0,5,0,5,5,H
65.6,31.4,34.199999999999996,Forte,Fraca,Forte vs Fraca,1.75,1.66,0.09000000000000008,1.07,1.05,0.020000000000000018,1716.88,1500.0,216.8800000000001,1x1,1,1,0,2,D
31.4,31.4,0.0,Fraca,Fraca,Fraca vs Fraca,1.66,1.66,0.0,1.05,1.05,0.0,1500.0,1500.0,0.0,1x1,1,1,0,2,D
35.0,31.4,3.6000000000000014,Fraca,Fraca,Fraca vs Fraca,1.67,1.66,0.010000000000000009,1.26,1.05,0.20999999999999996,1532.04,1500.0,32.039999999999964,1x1,1,1,0,2,D
31.4,31.4,0.0,Fraca,Fraca,Fraca vs Fraca,1.66,1.66,0.0,1.05,1.05,0.0,1500.0,1500.0,0.0,1x1,1,1,0,2,D
31.4,31.4,0.0,Fraca,Fraca,Fraca vs Fraca,1.66,1.66,0.0,1.05,1.05,0.0,1500.0,1500.0,0.0,1x1,1,1,0,2,D
31.4,31.4,0.0,Fraca,Fraca,Fraca vs Fraca,1.66,1.66,0.0,1.05,1.05,0.0,1500.0,1500.0,0.0,0x0,0,0,0,0,D
31.4,24.7,6.699999999999999,Fraca,Fraca,Fraca vs Fraca,1.66,1.09,0.5699999999999998,1.05,1.24,-0.18999999999999995,1500.0,1480.0,20.0,0x3,0,3,-3,3,A
55.2,62.3,-7.099999999999994,Média,Forte,Média vs Forte,1.77,1.95,-0.17999999999999994,1.18,0.86,0.31999999999999995,1654.69,1681.88,-27.190000000000055,2x1,2,1,1,3,H
31.4,31.4,0.0,Fraca,Fraca,Fraca vs Fraca,1.66,1.66,0.0,1.05,1.05,0.0,1500.0,1500.0,0.0,7x0,7,0,7,7,H
31.4,31.4,0.0,Fraca,Fraca,Fraca vs Fraca,1.66,1.66,0.0,1.05,1.05,0.0,1500.0,1500.0,0.0,1x3,1,3,-2,4,A
31.4,31.4,0.0,Fraca,Fraca,Fraca vs Fraca,1.66,1.66,0.0,1.05,1.05,0.0,1500.0,1500.0,0.0,6x2,6,2,4,8,H
59.0,31.4,27.6,Média,Fraca,Média vs Fraca,1.42,1.66,-0.24,0.9,1.05,-0.15000000000000002,1675.75,1500.0,175.75,2x1,2,1,1,3,H
31.4,31.4,0.0,Fraca,Fraca,Fraca vs Fraca,1.66,1.66,0.0,1.05,1.05,0.0,1500.0,1500.0,0.0,2x0,2,0,2,2,H
31.4,31.4,0.0,Fraca,Fraca,Fraca vs Fraca,1.66,1.66,0.0,1.05,1.05,0.0,1500.0,1500.0,0.0,2x2,2,2,0,4,D
64.4,31.4,33.00000000000001,Forte,Fraca,Forte vs Fraca,1.9,1.66,0.24,0.99,1.05,-0.06000000000000005,1702.06,1500.0,202.05999999999995,7x0,7,0,7,7,H
61.5,31.4,30.1,Forte,Fraca,Forte vs Fraca,2.67,1.66,1.01,0.67,1.05,-0.38,1650.12,1500.0,150.1199999999999,10x0,10,0,10,10,H
31.4,31.4,0.0,Fraca,Fraca,Fraca vs Fraca,1.66,1.66,0.0,1.05,1.05,0.0,1500.0,1500.0,0.0,2x1,2,1,1,3,H
31.4,31.4,0.0,Fraca,Fraca,Fraca vs Fraca,1.66,1.66,0.0,1.05,1.05,0.0,1500.0,1500.0,0.0,2x3,2,3,-1,5,A
31.4,31.4,0.0,Fraca,Fraca,Fraca vs Fraca,1.66,1.66,0.0,1.05,1.05,0.0,1500.0,1500.0,0.0,1x0,1,0,1,1,H
31.4,31.4,0.0,Fraca,Fraca,Fraca vs Fraca,1.66,1.66,0.0,1.05,1.05,0.0,1500.0,1500.0,0.0,0x0,0,0,0,0,D
31.4,31.4,0.0,Fraca,Fraca,Fraca vs Fraca,1.66,1.66,0.0,1.05,1.05,0.0,1500.0,1500.0,0.0,5x1,5,1,4,6,H
36.7,31.4,5.300000000000004,Fraca,Fraca,Fraca vs Fraca,1.4,1.66,-0.26,1.45,1.05,0.3999999999999999,1557.47,1500.0,57.47000000000003,1x1,1,1,0,2,D
31.4,31.4,0.0,Fraca,Fraca,Fraca vs Fraca,1.66,1.66,0.0,1.05,1.05,0.0,1500.0,1500.0,0.0,1x0,1,0,1,1,H
55.2,31.4,23.800000000000004,Média,Fraca,Média vs Fraca,1.77,1.66,0.1100000000000001,1.18,1.05,0.1299999999999999,1654.69,1500.0,154.69000000000005,3x2,3,2,1,5,H
94.9,31.4,63.50000000000001,Muito Forte,Fraca,Muito Forte vs Fraca,2.33,1.66,0.6700000000000002,0.79,1.05,-0.26,1877.18,1500.0,377.18000000000006,3x1,3,1,2,4,H
31.4,31.4,0.0,Fraca,Fraca,Fraca vs Fraca,1.66,1.66,0.0,1.05,1.05,0.0,1500.0,1500.0,0.0,1x1,1,1,0,2,D
24.7,31.4,-6.699999999999999,Fraca,Fraca,Fraca vs Fraca,1.09,1.66,-0.5699999999999998,1.24,1.05,0.18999999999999995,1480.0,1500.0,-20.0,0x0,0,0,0,0,D
31.4,64.4,-33.00000000000001,Fraca,Forte,Fraca vs Forte,1.66,1.9,-0.24,1.05,0.99,0.06000000000000005,1500.0,1702.06,-202.05999999999995,0x2,0,2,-2,2,A
31.4,92.6,-61.199999999999996,Fraca,Muito Forte,Fraca vs Muito Forte,1.66,2.17,-0.51,1.05,0.88,0.17000000000000004,1500.0,1870.0,-370.0,0x1,0,1,-1,1,A
36.7,31.4,5.300000000000004,Fraca,Fraca,Fraca vs Fraca,1.4,1.66,-0.26,1.45,1.05,0.3999999999999999,1557.47,1500.0,57.47000000000003,1x1,1,1,0,2,D
30.2,31.4,-1.1999999999999993,Fraca,Fraca,Fraca vs Fraca,1.42,1.66,-0.24,1.24,1.05,0.18999999999999995,1506.77,1500.0,6.769999999999982,4x0,4,0,4,4,H
45.4,51.6,-6.200000000000003,Média,Média,Média vs Média,1.84,1.9,-0.05999999999999983,1.07,0.9,0.17000000000000004,1585.51,1616.75,-31.24000000000001,0x4,0,4,-4,4,A
31.4,31.4,0.0,Fraca,Fraca,Fraca vs Fraca,1.66,1.66,0.0,1.05,1.05,0.0,1500.0,1500.0,0.0,1x4,1,4,-3,5,A
89.0,35.0,54.0,Muito Forte,Fraca,Muito Forte vs Fraca,2.18,1.67,0.5100000000000002,0.58,1.26,-0.68,1834.12,1532.04,302.0799999999999,2x1,2,1,1,3,H
31.4,31.4,0.0,Fraca,Fraca,Fraca vs Fraca,1.66,1.66,0.0,1.05,1.05,0.0,1500.0,1500.0,0.0,1x4,1,4,-3,5,A
31.4,31.4,0.0,Fraca,Fraca,Fraca vs Fraca,1.66,1.66,0.0,1.05,1.05,0.0,1500.0,1500.0,0.0,0x2,0,2,-2,2,A
31.4,31.4,0.0,Fraca,Fraca,Fraca vs Fraca,1.66,1.66,0.0,1.05,1.05,0.0,1500.0,1500.0,0.0,3x2,3,2,1,5,H
67.7,31.4,36.300000000000004,Forte,Fraca,Forte vs Fraca,2.21,1.66,0.55,1.21,1.05,0.15999999999999992,1724.15,1500.0,224.1500000000001,1x2,1,2,-1,3,A
31.4,31.4,0.0,Fraca,Fraca,Fraca vs Fraca,1.66,1.66,0.0,1.05,1.05,0.0,1500.0,1500.0,0.0,1x4,1,4,-3,5,A
31.4,31.4,0.0,Fraca,Fraca,Fraca vs Fraca,1.66,1.66,0.0,1.05,1.05,0.0,1500.0,1500.0,0.0,1x2,1,2,-1,3,A
19.3,59.0,-39.7,Muito Fraca,Média,Muito Fraca vs Média,1.4,1.42,-0.020000000000000018,1.17,0.9,0.2699999999999999,1435.0,1675.75,-240.75,0x1,0,1,-1,1,A
53.5,31.4,22.1,Média,Fraca,Média vs Fraca,2.07,1.66,0.4099999999999999,0.73,1.05,-0.32000000000000006,1617.02,1500.0,117.01999999999998,3x0,3,0,3,3,H
28.6,31.4,-2.799999999999997,Fraca,Fraca,Fraca vs Fraca,1.1,1.66,-0.5599999999999998,1.13,1.05,0.07999999999999985,1500.0,1500.0,0.0,1x1,1,1,0,2,D
31.4,31.9,-0.5,Fraca,Fraca,Fraca vs Fraca,1.66,1.55,0.10999999999999988,1.05,1.06,-0.010000000000000009,1500.0,1506.34,-6.339999999999918,1x2,1,2,-1,3,A
31.4,77.0,-45.6,Fraca,Forte,Fraca vs Forte,1.66,2.45,-0.7900000000000003,1.05,0.8,0.25,1500.0,1760.38,-260.3800000000001,1x3,1,3,-2,4,A
33.9,31.4,2.5,Fraca,Fraca,Fraca vs Fraca,1.27,1.66,-0.3899999999999999,1.14,1.05,0.08999999999999986,1529.71,1500.0,29.710000000000036,1x0,1,0,1,1,H
70.2,31.4,38.800000000000004,Forte,Fraca,Forte vs Fraca,2.11,1.66,0.44999999999999996,0.93,1.05,-0.12,1730.71,1500.0,230.71000000000004,8x0,8,0,8,8,H
31.4,74.8,-43.4,Fraca,Forte,Fraca vs Forte,1.66,2.36,-0.7,1.05,0.99,0.06000000000000005,1500.0,1756.27,-256.27,0x7,0,7,-7,7,A
31.4,31.4,0.0,Fraca,Fraca,Fraca vs Fraca,1.66,1.66,0.0,1.05,1.05,0.0,1500.0,1500.0,0.0,0x1,0,1,-1,1,A
31.4,31.4,0.0,Fraca,Fraca,Fraca vs Fraca,1.66,1.66,0.0,1.05,1.05,0.0,1500.0,1500.0,0.0,3x3,3,3,0,6,D
31.4,31.4,0.0,Fraca,Fraca,Fraca vs Fraca,1.66,1.66,0.0,1.05,1.05,0.0,1500.0,1500.0,0.0,1x0,1,0,1,1,H
65.6,31.4,34.199999999999996,Forte,Fraca,Forte vs Fraca,1.75,1.66,0.09000000000000008,1.07,1.05,0.020000000000000018,1716.88,1500.0,216.8800000000001,3x0,3,0,3,3,H
31.4,31.4,0.0,Fraca,Fraca,Fraca vs Fraca,1.66,1.66,0.0,1.05,1.05,0.0,1500.0,1500.0,0.0,2x1,2,1,1,3,H
31.4,31.4,0.0,Fraca,Fraca,Fraca vs Fraca,1.66,1.66,0.0,1.05,1.05,0.0,1500.0,1500.0,0.0,5x0,5,0,5,5,H
61.5,31.4,30.1,Forte,Fraca,Forte vs Fraca,2.67,1.66,1.01,0.67,1.05,-0.38,1650.12,1500.0,150.1199999999999,14x0,14,0,14,14,H
73.4,31.4,42.00000000000001,Forte,Fraca,Forte vs Fraca,1.98,1.66,0.32000000000000006,0.46,1.05,-0.5900000000000001,1736.56,1500.0,236.55999999999995,1x0,1,0,1,1,H
28.9,31.4,-2.5,Fraca,Fraca,Fraca vs Fraca,1.38,1.66,-0.28,0.83,1.05,-0.22000000000000008,1482.39,1500.0,-17.6099999999999,0x0,0,0,0,0,D
63.7,31.4,32.300000000000004,Forte,Fraca,Forte vs Fraca,1.8,1.66,0.14000000000000012,0.64,1.05,-0.41000000000000003,1684.86,1500.0,184.8599999999999,1x1,1,1,0,2,D
31.4,31.4,0.0,Fraca,Fraca,Fraca vs Fraca,1.66,1.66,0.0,1.05,1.05,0.0,1500.0,1500.0,0.0,3x1,3,1,2,4,H
44.7,31.4,13.300000000000004,Média,Fraca,Média vs Fraca,1.56,1.66,-0.09999999999999987,0.91,1.05,-0.14,1581.56,1500.0,81.55999999999995,3x0,3,0,3,3,H
45.4,8.1,37.3,Média,Muito Fraca,Média vs Muito Fraca,1.16,0.92,0.23999999999999988,0.8,1.98,-1.18,1591.73,1410.0,181.73000000000002,2x1,2,1,1,3,H
31.4,31.4,0.0,Fraca,Fraca,Fraca vs Fraca,1.66,1.66,0.0,1.05,1.05,0.0,1500.0,1500.0,0.0,1x1,1,1,0,2,D
31.4,31.4,0.0,Fraca,Fraca,Fraca vs Fraca,1.66,1.66,0.0,1.05,1.05,0.0,1500.0,1500.0,0.0,0x1,0,1,-1,1,A
31.4,42.6,-11.200000000000003,Fraca,Média,Fraca vs Média,1.66,1.88,-0.21999999999999997,1.05,0.89,0.16000000000000003,1500.0,1559.15,-59.15000000000009,0x11,0,11,-11,11,A
31.4,31.4,0.0,Fraca,Fraca,Fraca vs Fraca,1.66,1.66,0.0,1.05,1.05,0.0,1500.0,1500.0,0.0,1x0,1,0,1,1,H
31.4,31.4,0.0,Fraca,Fraca,Fraca vs Fraca,1.66,1.66,0.0,1.05,1.05,0.0,1500.0,1500.0,0.0,1x0,1,0,1,1,H
31.4,31.4,0.0,Fraca,Fraca,Fraca vs Fraca,1.66,1.66,0.0,1.05,1.05,0.0,1500.0,1500.0,0.0,1x2,1,2,-1,3,A
42.3,31.4,10.899999999999999,Média,Fraca,Média vs Fraca,1.56,1.66,-0.09999999999999987,0.69,1.05,-0.3600000000000001,1556.72,1500.0,56.72000000000003,4x0,4,0,4,4,H
31.4,31.4,0.0,Fraca,Fraca,Fraca vs Fraca,1.66,1.66,0.0,1.05,1.05,0.0,1500.0,1500.0,0.0,5x0,5,0,5,5,H
31.4,31.4,0.0,Fraca,Fraca,Fraca vs Fraca,1.66,1.66,0.0,1.05,1.05,0.0,1500.0,1500.0,0.0,0x2,0,2,-2,2,A
31.4,31.4,0.0,Fraca,Fraca,Fraca vs Fraca,1.66,1.66,0.0,1.05,1.05,0.0,1500.0,1500.0,0.0,6x0,6,0,6,6,H
31.4,14.8,16.599999999999998,Fraca,Muito Fraca,Fraca vs Muito Fraca,1.66,1.15,0.51,1.05,1.35,-0.30000000000000004,1500.0,1420.0,80.0,2x1,2,1,1,3,H
24.7,62.3,-37.599999999999994,Fraca,Forte,Fraca vs Forte,1.09,1.95,-0.8599999999999999,1.24,0.86,0.38,1480.0,1681.88,-201.8800000000001,1x2,1,2,-1,3,A
31.4,31.4,0.0,Fraca,Fraca,Fraca vs Fraca,1.66,1.66,0.0,1.05,1.05,0.0,1500.0,1500.0,0.0,1x1,1,1,0,2,D
31.4,31.4,0.0,Fraca,Fraca,Fraca vs Fraca,1.66,1.66,0.0,1.05,1.05,0.0,1500.0,1500.0,0.0,1x2,1,2,-1,3,A
31.4,36.3,-4.899999999999999,Fraca,Fraca,Fraca vs Fraca,1.66,1.61,0.04999999999999982,1.05,1.23,-0.17999999999999994,1500.0,1540.43,-40.430000000000064,1x2,1,2,-1,3,A
31.4,8.1,23.299999999999997,Fraca,Muito Fraca,Fraca vs Muito Fraca,1.66,1.59,0.06999999999999984,1.05,1.44,-0.3899999999999999,1500.0,1370.0,130.0,1x1,1,1,0,2,D
31.4,94.9,-63.50000000000001,Fraca,Muito Forte,Fraca vs Muito Forte,1.66,2.33,-0.6700000000000002,1.05,0.79,0.26,1500.0,1877.18,-377.18000000000006,1x2,1,2,-1,3,A
31.4,31.4,0.0,Fraca,Fraca,Fraca vs Fraca,1.66,1.66,0.0,1.05,1.05,0.0,1500.0,1500.0,0.0,0x3,0,3,-3,3,A
55.2,31.4,23.800000000000004,Média,Fraca,Média vs Fraca,1.77,1.66,0.1100000000000001,1.18,1.05,0.1299999999999999,1654.69,1500.0,154.69000000000005,1x0,1,0,1,1,H
31.4,64.4,-33.00000000000001,Fraca,Forte,Fraca vs Forte,1.66,1.9,-0.24,1.05,0.99,0.06000000000000005,1500.0,1702.06,-202.05999999999995,0x2,0,2,-2,2,A
31.4,92.6,-61.199999999999996,Fraca,Muito Forte,Fraca vs Muito Forte,1.66,2.17,-0.51,1.05,0.88,0.17000000000000004,1500.0,1870.0,-370.0,0x2,0,2,-2,2,A
36.7,31.4,5.300000000000004,Fraca,Fraca,Fraca vs Fraca,1.4,1.66,-0.26,1.45,1.05,0.3999999999999999,1557.47,1500.0,57.47000000000003,1x1,1,1,0,2,D
51.6,31.4,20.200000000000003,Média,Fraca,Média vs Fraca,1.9,1.66,0.24,0.9,1.05,-0.15000000000000002,1616.75,1500.0,116.75,8x0,8,0,8,8,H
45.4,31.4,14.0,Média,Fraca,Média vs Fraca,1.84,1.66,0.18000000000000016,1.07,1.05,0.020000000000000018,1585.51,1500.0,85.50999999999999,3x1,3,1,2,4,H
31.4,30.2,1.1999999999999993,Fraca,Fraca,Fraca vs Fraca,1.66,1.42,0.24,1.05,1.24,-0.18999999999999995,1500.0,1506.77,-6.769999999999982,1x1,1,1,0,2,D
31.4,89.0,-57.6,Fraca,Muito Forte,Fraca vs Muito Forte,1.66,2.18,-0.5200000000000002,1.05,0.58,0.4700000000000001,1500.0,1834.12,-334.1199999999999,0x2,0,2,-2,2,A
35.0,31.4,3.6000000000000014,Fraca,Fraca,Fraca vs Fraca,1.67,1.66,0.010000000000000009,1.26,1.05,0.20999999999999996,1532.04,1500.0,32.039999999999964,3x0,3,0,3,3,H
31.4,31.4,0.0,Fraca,Fraca,Fraca vs Fraca,1.66,1.66,0.0,1.05,1.05,0.0,1500.0,1500.0,0.0,0x3,0,3,-3,3,A
31.4,31.4,0.0,Fraca,Fraca,Fraca vs Fraca,1.66,1.66,0.0,1.05,1.05,0.0,1500.0,1500.0,0.0,2x0,2,0,2,2,H
31.4,31.4,0.0,Fraca,Fraca,Fraca vs Fraca,1.66,1.66,0.0,1.05,1.05,0.0,1500.0,1500.0,0.0,5x0,5,0,5,5,H
31.4,67.7,-36.300000000000004,Fraca,Forte,Fraca vs Forte,1.66,2.21,-0.55,1.05,1.21,-0.15999999999999992,1500.0,1724.15,-224.1500000000001,0x1,0,1,-1,1,A
31.4,31.4,0.0,Fraca,Fraca,Fraca vs Fraca,1.66,1.66,0.0,1.05,1.05,0.0,1500.0,1500.0,0.0,3x0,3,0,3,3,H
24.6,31.4,-6.799999999999997,Fraca,Fraca,Fraca vs Fraca,1.27,1.66,-0.3899999999999999,1.13,1.05,0.07999999999999985,1470.0,1500.0,-30.0,3x1,3,1,2,4,H
31.4,31.4,0.0,Fraca,Fraca,Fraca vs Fraca,1.66,1.66,0.0,1.05,1.05,0.0,1500.0,1500.0,0.0,2x0,2,0,2,2,H
31.4,31.4,0.0,Fraca,Fraca,Fraca vs Fraca,1.66,1.66,0.0,1.05,1.05,0.0,1500.0,1500.0,0.0,2x1,2,1,1,3,H
31.4,19.3,12.099999999999998,Fraca,Muito Fraca,Fraca vs Muito Fraca,1.66,1.4,0.26,1.05,1.17,-0.11999999999999988,1500.0,1435.0,65.0,0x0,0,0,0,0,D
31.4,31.4,0.0,Fraca,Fraca,Fraca vs Fraca,1.66,1.66,0.0,1.05,1.05,0.0,1500.0,1500.0,0.0,2x1,2,1,1,3,H
33.9,59.0,-25.1,Fraca,Média,Fraca vs Média,1.27,1.42,-0.1499999999999999,1.14,0.9,0.23999999999999988,1529.71,1675.75,-146.03999999999996,1x0,1,0,1,1,H
31.4,31.4,0.0,Fraca,Fraca,Fraca vs Fraca,1.66,1.66,0.0,1.05,1.05,0.0,1500.0,1500.0,0.0,0x3,0,3,-3,3,A
28.6,31.4,-2.799999999999997,Fraca,Fraca,Fraca vs Fraca,1.1,1.66,-0.5599999999999998,1.13,1.05,0.07999999999999985,1500.0,1500.0,0.0,0x1,0,1,-1,1,A
31.9,77.0,-45.1,Fraca,Forte,Fraca vs Forte,1.55,2.45,-0.9000000000000001,1.06,0.8,0.26,1506.34,1760.38,-254.0400000000002,2x2,2,2,0,4,D
31.4,70.2,-38.800000000000004,Fraca,Forte,Fraca vs Forte,1.66,2.11,-0.44999999999999996,1.05,0.93,0.12,1500.0,1730.71,-230.71000000000004,1x1,1,1,0,2,D
74.8,31.4,43.4,Forte,Fraca,Forte vs Fraca,2.36,1.66,0.7,0.99,1.05,-0.06000000000000005,1756.27,1500.0,256.27,2x0,2,0,2,2,H
31.4,31.4,0.0,Fraca,Fraca,Fraca vs Fraca,1.66,1.66,0.0,1.05,1.05,0.0,1500.0,1500.0,0.0,0x3,0,3,-3,3,A
31.4,31.4,0.0,Fraca,Fraca,Fraca vs Fraca,1.66,1.66,0.0,1.05,1.05,0.0,1500.0,1500.0,0.0,2x1,2,1,1,3,H
65.6,31.4,34.199999999999996,Forte,Fraca,Forte vs Fraca,1.75,1.66,0.09000000000000008,1.07,1.05,0.020000000000000018,1716.88,1500.0,216.8800000000001,1x0,1,0,1,1,H
31.4,31.4,0.0,Fraca,Fraca,Fraca vs Fraca,1.66,1.66,0.0,1.05,1.05,0.0,1500.0,1500.0,0.0,2x2,2,2,0,4,D
31.4,44.7,-13.300000000000004,Fraca,Média,Fraca vs Média,1.66,1.56,0.09999999999999987,1.05,0.91,0.14,1500.0,1581.56,-81.55999999999995,0x1,0,1,-1,1,A
20.8,8.1,12.700000000000001,Fraca,Muito Fraca,Fraca vs Muito Fraca,1.06,0.92,0.14,1.22,1.98,-0.76,1455.0,1410.0,45.0,2x1,2,1,1,3,H
31.4,73.4,-42.00000000000001,Fraca,Forte,Fraca vs Forte,1.66,1.98,-0.32000000000000006,1.05,0.46,0.5900000000000001,1500.0,1736.56,-236.55999999999995,0x0,0,0,0,0,D
31.4,28.9,2.5,Fraca,Fraca,Fraca vs Fraca,1.66,1.38,0.28,1.05,0.83,0.22000000000000008,1500.0,1482.39,17.6099999999999,3x1,3,1,2,4,H
31.4,63.7,-32.300000000000004,Fraca,Forte,Fraca vs Forte,1.66,1.8,-0.14000000000000012,1.05,0.64,0.41000000000000003,1500.0,1684.86,-184.8599999999999,0x0,0,0,0,0,D
31.4,31.4,0.0,Fraca,Fraca,Fraca vs Fraca,1.66,1.66,0.0,1.05,1.05,0.0,1500.0,1500.0,0.0,0x3,0,3,-3,3,A
31.4,31.4,0.0,Fraca,Fraca,Fraca vs Fraca,1.66,1.66,0.0,1.05,1.05,0.0,1500.0,1500.0,0.0,3x1,3,1,2,4,H
31.4,31.4,0.0,Fraca,Fraca,Fraca vs Fraca,1.66,1.66,0.0,1.05,1.05,0.0,1500.0,1500.0,0.0,1x1,1,1,0,2,D
61.5,49.1,12.399999999999999,Forte,Média,Forte vs Média,2.67,2.0,0.6699999999999999,0.67,0.93,-0.26,1650.12,1599.45,50.669999999999845,3x0,3,0,3,3,H
31.4,31.4,0.0,Fraca,Fraca,Fraca vs Fraca,1.66,1.66,0.0,1.05,1.05,0.0,1500.0,1500.0,0.0,1x0,1,0,1,1,H
62.3,19.0,43.3,Forte,Muito Fraca,Forte vs Muito Fraca,1.95,1.27,0.6799999999999999,0.86,1.26,-0.4,1681.88,1440.0,241.8800000000001,4x1,4,1,3,5,H
31.4,31.4,0.0,Fraca,Fraca,Fraca vs Fraca,1.66,1.66,0.0,1.05,1.05,0.0,1500.0,1500.0,0.0,2x0,2,0,2,2,H
42.6,31.4,11.200000000000003,Média,Fraca,Média vs Fraca,1.88,1.66,0.21999999999999997,0.89,1.05,-0.16000000000000003,1559.15,1500.0,59.15000000000009,5x1,5,1,4,6,H
31.4,31.4,0.0,Fraca,Fraca,Fraca vs Fraca,1.66,1.66,0.0,1.05,1.05,0.0,1500.0,1500.0,0.0,5x0,5,0,5,5,H
36.3,31.4,4.899999999999999,Fraca,Fraca,Fraca vs Fraca,1.61,1.66,-0.04999999999999982,1.23,1.05,0.17999999999999994,1540.43,1500.0,40.430000000000064,1x0,1,0,1,1,H
14.3,31.4,-17.099999999999998,Muito Fraca,Fraca,Muito Fraca vs Fraca,2.45,1.66,0.7900000000000003,1.26,1.05,0.20999999999999996,1380.0,1500.0,-120.0,2x0,2,0,2,2,H
8.1,31.4,-23.299999999999997,Muito Fraca,Fraca,Muito Fraca vs Fraca,1.59,1.66,-0.06999999999999984,1.44,1.05,0.3899999999999999,1370.0,1500.0,-130.0,3x0,3,0,3,3,H
94.9,31.4,63.50000000000001,Muito Forte,Fraca,Muito Forte vs Fraca,2.33,1.66,0.6700000000000002,0.79,1.05,-0.26,1877.18,1500.0,377.18000000000006,1x1,1,1,0,2,D
31.4,31.4,0.0,Fraca,Fraca,Fraca vs Fraca,1.66,1.66,0.0,1.05,1.05,0.0,1500.0,1500.0,0.0,1x0,1,0,1,1,H
31.4,55.2,-23.800000000000004,Fraca,Média,Fraca vs Média,1.66,1.77,-0.1100000000000001,1.05,1.18,-0.1299999999999999,1500.0,1654.69,-154.69000000000005,1x3,1,3,-2,4,A
64.4,24.7,39.7,Forte,Fraca,Forte vs Fraca,1.9,1.09,0.8099999999999998,0.99,1.24,-0.25,1702.06,1480.0,222.05999999999995,2x0,2,0,2,2,H
31.4,51.6,-20.200000000000003,Fraca,Média,Fraca vs Média,1.66,1.9,-0.24,1.05,0.9,0.15000000000000002,1500.0,1616.75,-116.75,0x2,0,2,-2,2,A
30.2,45.4,-15.2,Fraca,Média,Fraca vs Média,1.42,1.84,-0.42000000000000015,1.24,1.07,0.16999999999999993,1506.77,1585.51,-78.74000000000001,2x2,2,2,0,4,D
89.0,31.4,57.6,Muito Forte,Fraca,Muito Forte vs Fraca,2.18,1.66,0.5200000000000002,0.58,1.05,-0.4700000000000001,1834.12,1500.0,334.1199999999999,5x0,5,0,5,5,H
31.4,31.4,0.0,Fraca,Fraca,Fraca vs Fraca,1.66,1.66,0.0,1.05,1.05,0.0,1500.0,1500.0,0.0,0x1,0,1,-1,1,A
31.4,35.0,-3.6000000000000014,Fraca,Fraca,Fraca vs Fraca,1.66,1.67,-0.010000000000000009,1.05,1.26,-0.20999999999999996,1500.0,1532.04,-32.039999999999964,3x3,3,3,0,6,D
67.7,31.4,36.300000000000004,Forte,Fraca,Forte vs Fraca,2.21,1.66,0.55,1.21,1.05,0.15999999999999992,1724.15,1500.0,224.1500000000001,3x0,3,0,3,3,H
31.4,31.4,0.0,Fraca,Fraca,Fraca vs Fraca,1.66,1.66,0.0,1.05,1.05,0.0,1500.0,1500.0,0.0,3x2,3,2,1,5,H
31.4,24.6,6.799999999999997,Fraca,Fraca,Fraca vs Fraca,1.66,1.27,0.3899999999999999,1.05,1.13,-0.07999999999999985,1500.0,1470.0,30.0,1x1,1,1,0,2,D
31.4,42.3,-10.899999999999999,Fraca,Média,Fraca vs Média,1.66,1.56,0.09999999999999987,1.05,0.69,0.3600000000000001,1500.0,1556.72,-56.72000000000003,1x1,1,1,0,2,D
31.4,31.4,0.0,Fraca,Fraca,Fraca vs Fraca,1.66,1.66,0.0,1.05,1.05,0.0,1500.0,1500.0,0.0,3x3,3,3,0,6,D
31.4,31.4,0.0,Fraca,Fraca,Fraca vs Fraca,1.66,1.66,0.0,1.05,1.05,0.0,1500.0,1500.0,0.0,2x5,2,5,-3,7,A
31.4,14.8,16.599999999999998,Fraca,Muito Fraca,Fraca vs Muito Fraca,1.66,1.15,0.51,1.05,1.35,-0.30000000000000004,1500.0,1420.0,80.0,1x1,1,1,0,2,D
31.4,31.4,0.0,Fraca,Fraca,Fraca vs Fraca,1.66,1.66,0.0,1.05,1.05,0.0,1500.0,1500.0,0.0,1x0,1,0,1,1,H
31.4,31.4,0.0,Fraca,Fraca,Fraca vs Fraca,1.66,1.66,0.0,1.05,1.05,0.0,1500.0,1500.0,0.0,1x0,1,0,1,1,H
31.4,31.4,0.0,Fraca,Fraca,Fraca vs Fraca,1.66,1.66,0.0,1.05,1.05,0.0,1500.0,1500.0,0.0,1x0,1,0,1,1,H
77.0,31.4,45.6,Forte,Fraca,Forte vs Fraca,2.45,1.66,0.7900000000000003,0.8,1.05,-0.25,1760.38,1500.0,260.3800000000001,1x0,1,0,1,1,H
31.9,28.6,3.299999999999997,Fraca,Fraca,Fraca vs Fraca,1.55,1.1,0.44999999999999996,1.06,1.13,-0.06999999999999984,1506.34,1500.0,6.339999999999918,3x2,3,2,1,5,H
92.6,36.7,55.89999999999999,Muito Forte,Fraca,Muito Forte vs Fraca,2.17,1.4,0.77,0.88,1.45,-0.57,1870.0,1557.47,312.53,1x1,1,1,0,2,D
31.4,31.4,0.0,Fraca,Fraca,Fraca vs Fraca,1.66,1.66,0.0,1.05,1.05,0.0,1500.0,1500.0,0.0,2x2,2,2,0,4,D
70.2,33.9,36.300000000000004,Forte,Fraca,Forte vs Fraca,2.11,1.27,0.8399999999999999,0.93,1.14,-0.20999999999999985,1730.71,1529.71,201.0,3x1,3,1,2,4,H
31.4,31.4,0.0,Fraca,Fraca,Fraca vs Fraca,1.66,1.66,0.0,1.05,1.05,0.0,1500.0,1500.0,0.0,2x6,2,6,-4,8,A
31.4,74.8,-43.4,Fraca,Forte,Fraca vs Forte,1.66,2.36,-0.7,1.05,0.99,0.06000000000000005,1500.0,1756.27,-256.27,4x2,4,2,2,6,H
31.4,31.4,0.0,Fraca,Fraca,Fraca vs Fraca,1.66,1.66,0.0,1.05,1.05,0.0,1500.0,1500.0,0.0,0x3,0,3,-3,3,A
31.4,65.6,-34.199999999999996,Fraca,Forte,Fraca vs Forte,1.66,1.75,-0.09000000000000008,1.05,1.07,-0.020000000000000018,1500.0,1716.88,-216.8800000000001,1x0,1,0,1,1,H
31.4,31.4,0.0,Fraca,Fraca,Fraca vs Fraca,1.66,1.66,0.0,1.05,1.05,0.0,1500.0,1500.0,0.0,0x0,0,0,0,0,D
31.4,31.4,0.0,Fraca,Fraca,Fraca vs Fraca,1.66,1.66,0.0,1.05,1.05,0.0,1500.0,1500.0,0.0,1x0,1,0,1,1,H
31.4,31.4,0.0,Fraca,Fraca,Fraca vs Fraca,1.66,1.66,0.0,1.05,1.05,0.0,1500.0,1500.0,0.0,0x0,0,0,0,0,D
31.4,31.4,0.0,Fraca,Fraca,Fraca vs Fraca,1.66,1.66,0.0,1.05,1.05,0.0,1500.0,1500.0,0.0,0x0,0,0,0,0,D
31.4,31.4,0.0,Fraca,Fraca,Fraca vs Fraca,1.66,1.66,0.0,1.05,1.05,0.0,1500.0,1500.0,0.0,2x1,2,1,1,3,H
31.4,31.4,0.0,Fraca,Fraca,Fraca vs Fraca,1.66,1.66,0.0,1.05,1.05,0.0,1500.0,1500.0,0.0,1x0,1,0,1,1,H
31.4,31.4,0.0,Fraca,Fraca,Fraca vs Fraca,1.66,1.66,0.0,1.05,1.05,0.0,1500.0,1500.0,0.0,1x0,1,0,1,1,H
31.4,31.4,0.0,Fraca,Fraca,Fraca vs Fraca,1.66,1.66,0.0,1.05,1.05,0.0,1500.0,1500.0,0.0,0x2,0,2,-2,2,A
31.4,31.4,0.0,Fraca,Fraca,Fraca vs Fraca,1.66,1.66,0.0,1.05,1.05,0.0,1500.0,1500.0,0.0,0x1,0,1,-1,1,A
31.4,31.4,0.0,Fraca,Fraca,Fraca vs Fraca,1.66,1.66,0.0,1.05,1.05,0.0,1500.0,1500.0,0.0,2x0,2,0,2,2,H
62.3,8.1,54.199999999999996,Forte,Muito Fraca,Forte vs Muito Fraca,1.95,1.59,0.3599999999999999,0.86,1.44,-0.58,1681.88,1370.0,311.8800000000001,7x0,7,0,7,7,H
36.3,31.9,4.399999999999999,Fraca,Fraca,Fraca vs Fraca,1.61,1.55,0.06000000000000005,1.23,1.06,0.16999999999999993,1540.43,1506.34,34.090000000000146,0x0,0,0,0,0,D
31.4,31.4,0.0,Fraca,Fraca,Fraca vs Fraca,1.66,1.66,0.0,1.05,1.05,0.0,1500.0,1500.0,0.0,2x1,2,1,1,3,H
31.4,31.9,-0.5,Fraca,Fraca,Fraca vs Fraca,1.66,1.55,0.10999999999999988,1.05,1.06,-0.010000000000000009,1500.0,1506.34,-6.339999999999918,0x0,0,0,0,0,D
31.4,31.4,0.0,Fraca,Fraca,Fraca vs Fraca,1.66,1.66,0.0,1.05,1.05,0.0,1500.0,1500.0,0.0,1x0,1,0,1,1,H
31.4,31.4,0.0,Fraca,Fraca,Fraca vs Fraca,1.66,1.66,0.0,1.05,1.05,0.0,1500.0,1500.0,0.0,0x0,0,0,0,0,D
62.3,31.4,30.9,Forte,Fraca,Forte vs Fraca,1.95,1.66,0.29000000000000004,0.86,1.05,-0.19000000000000006,1681.88,1500.0,181.8800000000001,6x0,6,0,6,6,H
31.4,31.4,0.0,Fraca,Fraca,Fraca vs Fraca,1.66,1.66,0.0,1.05,1.05,0.0,1500.0,1500.0,0.0,5x0,5,0,5,5,H
31.4,64.4,-33.00000000000001,Fraca,Forte,Fraca vs Forte,1.66,1.9,-0.24,1.05,0.99,0.06000000000000005,1500.0,1702.06,-202.05999999999995,0x2,0,2,-2,2,A
35.0,74.8,-39.8,Fraca,Forte,Fraca vs Forte,1.67,2.36,-0.69,1.26,0.99,0.27,1532.04,1756.27,-224.23000000000002,1x2,1,2,-1,3,A
89.0,31.4,57.6,Muito Forte,Fraca,Muito Forte vs Fraca,2.18,1.66,0.5200000000000002,0.58,1.05,-0.4700000000000001,1834.12,1500.0,334.1199999999999,4x0,4,0,4,4,H
70.2,51.6,18.6,Forte,Média,Forte vs Média,2.11,1.9,0.20999999999999996,0.93,0.9,0.030000000000000027,1730.71,1616.75,113.96000000000004,4x2,4,2,2,6,H
24.7,31.4,-6.699999999999999,Fraca,Fraca,Fraca vs Fraca,1.09,1.66,-0.5699999999999998,1.24,1.05,0.18999999999999995,1480.0,1500.0,-20.0,1x1,1,1,0,2,D
45.4,31.4,14.0,Média,Fraca,Média vs Fraca,1.84,1.66,0.18000000000000016,1.07,1.05,0.020000000000000018,1585.51,1500.0,85.50999999999999,1x1,1,1,0,2,D
31.4,31.4,0.0,Fraca,Fraca,Fraca vs Fraca,1.66,1.66,0.0,1.05,1.05,0.0,1500.0,1500.0,0.0,2x0,2,0,2,2,H
31.4,30.2,1.1999999999999993,Fraca,Fraca,Fraca vs Fraca,1.66,1.42,0.24,1.05,1.24,-0.18999999999999995,1500.0,1506.77,-6.769999999999982,1x0,1,0,1,1,H
31.4,31.4,0.0,Fraca,Fraca,Fraca vs Fraca,1.66,1.66,0.0,1.05,1.05,0.0,1500.0,1500.0,0.0,2x0,2,0,2,2,H
31.9,31.4,0.5,Fraca,Fraca,Fraca vs Fraca,1.55,1.66,-0.10999999999999988,1.06,1.05,0.010000000000000009,1506.34,1500.0,6.339999999999918,5x0,5,0,5,5,H
28.6,31.4,-2.799999999999997,Fraca,Fraca,Fraca vs Fraca,1.1,1.66,-0.5599999999999998,1.13,1.05,0.07999999999999985,1500.0,1500.0,0.0,0x0,0,0,0,0,D
33.9,31.4,2.5,Fraca,Fraca,Fraca vs Fraca,1.27,1.66,-0.3899999999999999,1.14,1.05,0.08999999999999986,1529.71,1500.0,29.710000000000036,3x1,3,1,2,4,H
31.4,31.4,0.0,Fraca,Fraca,Fraca vs Fraca,1.66,1.66,0.0,1.05,1.05,0.0,1500.0,1500.0,0.0,1x0,1,0,1,1,H
31.4,31.4,0.0,Fraca,Fraca,Fraca vs Fraca,1.66,1.66,0.0,1.05,1.05,0.0,1500.0,1500.0,0.0,0x0,0,0,0,0,D
31.4,31.4,0.0,Fraca,Fraca,Fraca vs Fraca,1.66,1.66,0.0,1.05,1.05,0.0,1500.0,1500.0,0.0,3x2,3,2,1,5,H
65.6,77.0,-11.400000000000006,Forte,Forte,Forte vs Forte,1.75,2.45,-0.7000000000000002,1.07,0.8,0.27,1716.88,1760.38,-43.5,2x3,2,3,-1,5,A
92.6,31.4,61.199999999999996,Muito Forte,Fraca,Muito Forte vs Fraca,2.17,1.66,0.51,0.88,1.05,-0.17000000000000004,1870.0,1500.0,370.0,4x2,4,2,2,6,H
94.9,67.7,27.200000000000003,Muito Forte,Forte,Muito Forte vs Forte,2.33,2.21,0.1200000000000001,0.79,1.21,-0.41999999999999993,1877.18,1724.15,153.02999999999997,6x0,6,0,6,6,H
55.2,36.7,18.5,Média,Fraca,Média vs Fraca,1.77,1.4,0.3700000000000001,1.18,1.45,-0.27,1654.69,1557.47,97.22000000000003,3x0,3,0,3,3,H
61.5,59.0,2.5,Forte,Média,Forte vs Média,2.67,1.42,1.25,0.67,0.9,-0.22999999999999998,1650.12,1675.75,-25.63000000000011,0x2,0,2,-2,2,A
49.1,31.4,17.700000000000003,Média,Fraca,Média vs Fraca,2.0,1.66,0.3400000000000001,0.93,1.05,-0.12,1599.45,1500.0,99.45000000000005,2x1,2,1,1,3,H
31.4,19.0,12.399999999999999,Fraca,Muito Fraca,Fraca vs Muito Fraca,1.66,1.27,0.3899999999999999,1.05,1.26,-0.20999999999999996,1500.0,1440.0,60.0,1x2,1,2,-1,3,A
31.4,31.4,0.0,Fraca,Fraca,Fraca vs Fraca,1.66,1.66,0.0,1.05,1.05,0.0,1500.0,1500.0,0.0,1x2,1,2,-1,3,A
45.4,63.9,-18.5,Média,Forte,Média vs Forte,1.16,1.62,-0.4600000000000002,0.8,0.88,-0.07999999999999996,1591.73,1701.3,-109.56999999999994,6x1,6,1,5,7,H
20.9,20.8,0.09999999999999787,Fraca,Fraca,Fraca vs Fraca,0.98,1.06,-0.08000000000000007,1.4,1.22,0.17999999999999994,1465.22,1455.0,10.220000000000027,2x1,2,1,1,3,H
21.3,95.2,-73.9,Fraca,Muito Forte,Fraca vs Muito Forte,0.89,2.06,-1.17,1.15,0.45,0.7,1460.0,1873.33,-413.3299999999999,0x2,0,2,-2,2,A
27.4,8.1,19.299999999999997,Fraca,Muito Fraca,Fraca vs Muito Fraca,0.87,0.92,-0.050000000000000044,1.2,1.98,-0.78,1501.5,1410.0,91.5,2x2,2,2,0,4,D
58.7,75.4,-16.700000000000003,Média,Forte,Média vs Forte,1.34,1.94,-0.5999999999999999,0.82,0.74,0.07999999999999996,1672.62,1760.46,-87.84000000000015,0x2,0,2,-2,2,A
31.4,31.4,0.0,Fraca,Fraca,Fraca vs Fraca,1.66,1.66,0.0,1.05,1.05,0.0,1500.0,1500.0,0.0,1x2,1,2,-1,3,A
31.4,24.6,6.799999999999997,Fraca,Fraca,Fraca vs Fraca,1.66,1.27,0.3899999999999999,1.05,1.13,-0.07999999999999985,1500.0,1470.0,30.0,1x0,1,0,1,1,H
31.4,73.4,-42.00000000000001,Fraca,Forte,Fraca vs Forte,1.66,1.98,-0.32000000000000006,1.05,0.46,0.5900000000000001,1500.0,1736.56,-236.55999999999995,0x2,0,2,-2,2,A
31.4,42.3,-10.899999999999999,Fraca,Média,Fraca vs Média,1.66,1.56,0.09999999999999987,1.05,0.69,0.3600000000000001,1500.0,1556.72,-56.72000000000003,1x3,1,3,-2,4,A
31.4,31.4,0.0,Fraca,Fraca,Fraca vs Fraca,1.66,1.66,0.0,1.05,1.05,0.0,1500.0,1500.0,0.0,1x1,1,1,0,2,D
31.4,31.4,0.0,Fraca,Fraca,Fraca vs Fraca,1.66,1.66,0.0,1.05,1.05,0.0,1500.0,1500.0,0.0,1x1,1,1,0,2,D
31.4,44.7,-13.300000000000004,Fraca,Média,Fraca vs Média,1.66,1.56,0.09999999999999987,1.05,0.91,0.14,1500.0,1581.56,-81.55999999999995,0x0,0,0,0,0,D
31.4,31.4,0.0,Fraca,Fraca,Fraca vs Fraca,1.66,1.66,0.0,1.05,1.05,0.0,1500.0,1500.0,0.0,1x0,1,0,1,1,H
31.4,31.4,0.0,Fraca,Fraca,Fraca vs Fraca,1.66,1.66,0.0,1.05,1.05,0.0,1500.0,1500.0,0.0,1x3,1,3,-2,4,A
62.3,36.3,26.0,Forte,Fraca,Forte vs Fraca,1.95,1.61,0.33999999999999986,0.86,1.23,-0.37,1681.88,1540.43,141.45000000000005,6x2,6,2,4,8,H
31.4,19.3,12.099999999999998,Fraca,Muito Fraca,Fraca vs Muito Fraca,1.66,1.4,0.26,1.05,1.17,-0.11999999999999988,1500.0,1435.0,65.0,2x1,2,1,1,3,H
31.4,31.4,0.0,Fraca,Fraca,Fraca vs Fraca,1.66,1.66,0.0,1.05,1.05,0.0,1500.0,1500.0,0.0,0x0,0,0,0,0,D
31.4,31.4,0.0,Fraca,Fraca,Fraca vs Fraca,1.66,1.66,0.0,1.05,1.05,0.0,1500.0,1500.0,0.0,1x0,1,0,1,1,H
31.4,31.4,0.0,Fraca,Fraca,Fraca vs Fraca,1.66,1.66,0.0,1.05,1.05,0.0,1500.0,1500.0,0.0,4x2,4,2,2,6,H
31.4,28.9,2.5,Fraca,Fraca,Fraca vs Fraca,1.66,1.38,0.28,1.05,0.83,0.22000000000000008,1500.0,1482.39,17.6099999999999,0x2,0,2,-2,2,A
31.4,31.4,0.0,Fraca,Fraca,Fraca vs Fraca,1.66,1.66,0.0,1.05,1.05,0.0,1500.0,1500.0,0.0,2x2,2,2,0,4,D
31.4,31.4,0.0,Fraca,Fraca,Fraca vs Fraca,1.66,1.66,0.0,1.05,1.05,0.0,1500.0,1500.0,0.0,1x0,1,0,1,1,H
74.8,31.4,43.4,Forte,Fraca,Forte vs Fraca,2.36,1.66,0.7,0.99,1.05,-0.06000000000000005,1756.27,1500.0,256.27,3x1,3,1,2,4,H
64.4,35.0,29.400000000000006,Forte,Fraca,Forte vs Fraca,1.9,1.67,0.22999999999999998,0.99,1.26,-0.27,1702.06,1532.04,170.01999999999998,2x0,2,0,2,2,H
70.2,89.0,-18.799999999999997,Forte,Muito Forte,Forte vs Muito Forte,2.11,2.18,-0.07000000000000028,0.93,0.58,0.3500000000000001,1730.71,1834.12,-103.40999999999985,2x0,2,0,2,2,H
51.6,31.4,20.200000000000003,Média,Fraca,Média vs Fraca,1.9,1.66,0.24,0.9,1.05,-0.15000000000000002,1616.75,1500.0,116.75,2x1,2,1,1,3,H
45.4,24.7,20.7,Média,Fraca,Média vs Fraca,1.84,1.09,0.75,1.07,1.24,-0.16999999999999993,1585.51,1480.0,105.50999999999999,2x1,2,1,1,3,H
31.4,31.4,0.0,Fraca,Fraca,Fraca vs Fraca,1.66,1.66,0.0,1.05,1.05,0.0,1500.0,1500.0,0.0,3x0,3,0,3,3,H
31.4,30.2,1.1999999999999993,Fraca,Fraca,Fraca vs Fraca,1.66,1.42,0.24,1.05,1.24,-0.18999999999999995,1500.0,1506.77,-6.769999999999982,1x0,1,0,1,1,H
31.4,31.4,0.0,Fraca,Fraca,Fraca vs Fraca,1.66,1.66,0.0,1.05,1.05,0.0,1500.0,1500.0,0.0,1x0,1,0,1,1,H
31.4,31.4,0.0,Fraca,Fraca,Fraca vs Fraca,1.66,1.66,0.0,1.05,1.05,0.0,1500.0,1500.0,0.0,3x2,3,2,1,5,H
31.4,31.9,-0.5,Fraca,Fraca,Fraca vs Fraca,1.66,1.55,0.10999999999999988,1.05,1.06,-0.010000000000000009,1500.0,1506.34,-6.339999999999918,1x1,1,1,0,2,D
33.9,28.6,5.299999999999997,Fraca,Fraca,Fraca vs Fraca,1.27,1.1,0.16999999999999993,1.14,1.13,0.010000000000000009,1529.71,1500.0,29.710000000000036,1x0,1,0,1,1,H
31.4,31.4,0.0,Fraca,Fraca,Fraca vs Fraca,1.66,1.66,0.0,1.05,1.05,0.0,1500.0,1500.0,0.0,1x2,1,2,-1,3,A
31.4,31.4,0.0,Fraca,Fraca,Fraca vs Fraca,1.66,1.66,0.0,1.05,1.05,0.0,1500.0,1500.0,0.0,2x1,2,1,1,3,H
31.4,31.4,0.0,Fraca,Fraca,Fraca vs Fraca,1.66,1.66,0.0,1.05,1.05,0.0,1500.0,1500.0,0.0,2x1,2,1,1,3,H
31.4,31.4,0.0,Fraca,Fraca,Fraca vs Fraca,1.66,1.66,0.0,1.05,1.05,0.0,1500.0,1500.0,0.0,0x2,0,2,-2,2,A
31.4,31.4,0.0,Fraca,Fraca,Fraca vs Fraca,1.66,1.66,0.0,1.05,1.05,0.0,1500.0,1500.0,0.0,3x1,3,1,2,4,H
31.4,14.8,16.599999999999998,Fraca,Muito Fraca,Fraca vs Muito Fraca,1.66,1.15,0.51,1.05,1.35,-0.30000000000000004,1500.0,1420.0,80.0,2x1,2,1,1,3,H
31.4,31.4,0.0,Fraca,Fraca,Fraca vs Fraca,1.66,1.66,0.0,1.05,1.05,0.0,1500.0,1500.0,0.0,2x1,2,1,1,3,H
31.4,63.7,-32.300000000000004,Fraca,Forte,Fraca vs Forte,1.66,1.8,-0.14000000000000012,1.05,0.64,0.41000000000000003,1500.0,1684.86,-184.8599999999999,0x1,0,1,-1,1,A
77.0,92.6,-15.599999999999994,Forte,Muito Forte,Forte vs Muito Forte,2.45,2.17,0.28000000000000025,0.8,0.88,-0.07999999999999996,1760.38,1870.0,-109.61999999999989,0x1,0,1,-1,1,A
31.4,65.6,-34.199999999999996,Fraca,Forte,Fraca vs Forte,1.66,1.75,-0.09000000000000008,1.05,1.07,-0.020000000000000018,1500.0,1716.88,-216.8800000000001,2x1,2,1,1,3,H
67.7,36.7,31.0,Forte,Fraca,Forte vs Fraca,2.21,1.4,0.81,1.21,1.45,-0.24,1724.15,1557.47,166.68000000000006,3x1,3,1,2,4,H
55.2,94.9,-39.7,Média,Muito Forte,Média vs Muito Forte,1.77,2.33,-0.56,1.18,0.79,0.3899999999999999,1654.69,1877.18,-222.49,1x1,1,1,0,2,D
59.0,49.1,9.899999999999999,Média,Média,Média vs Média,1.42,2.0,-0.5800000000000001,0.9,0.93,-0.030000000000000027,1675.75,1599.45,76.29999999999995,3x2,3,2,1,5,H
31.4,19.0,12.399999999999999,Fraca,Muito Fraca,Fraca vs Muito Fraca,1.66,1.27,0.3899999999999999,1.05,1.26,-0.20999999999999996,1500.0,1440.0,60.0,3x0,3,0,3,3,H
42.3,31.4,10.899999999999999,Média,Fraca,Média vs Fraca,1.56,1.66,-0.09999999999999987,0.69,1.05,-0.3600000000000001,1556.72,1500.0,56.72000000000003,1x0,1,0,1,1,H
19.3,31.4,-12.099999999999998,Muito Fraca,Fraca,Muito Fraca vs Fraca,1.4,1.66,-0.26,1.17,1.05,0.11999999999999988,1435.0,1500.0,-65.0,1x1,1,1,0,2,D
61.5,36.3,25.200000000000003,Forte,Fraca,Forte vs Fraca,2.67,1.61,1.0599999999999998,0.67,1.23,-0.5599999999999999,1650.12,1540.43,109.68999999999983,1x0,1,0,1,1,H
63.9,58.7,5.199999999999996,Forte,Média,Forte vs Média,1.62,1.34,0.28,0.88,0.82,0.06000000000000005,1701.3,1672.62,28.680000000000064,0x3,0,3,-3,3,A
20.8,21.3,-0.5,Fraca,Fraca,Fraca vs Fraca,1.06,0.89,0.17000000000000004,1.22,1.15,0.07000000000000006,1455.0,1460.0,-5.0,2x0,2,0,2,2,H
75.4,20.9,54.50000000000001,Forte,Fraca,Forte vs Fraca,1.94,0.98,0.96,0.74,1.4,-0.6599999999999999,1760.46,1465.22,295.24,1x0,1,0,1,1,H
31.4,31.4,0.0,Fraca,Fraca,Fraca vs Fraca,1.66,1.66,0.0,1.05,1.05,0.0,1500.0,1500.0,0.0,1x0,1,0,1,1,H
31.4,31.4,0.0,Fraca,Fraca,Fraca vs Fraca,1.66,1.66,0.0,1.05,1.05,0.0,1500.0,1500.0,0.0,2x0,2,0,2,2,H
73.4,31.4,42.00000000000001,Forte,Fraca,Forte vs Fraca,1.98,1.66,0.32000000000000006,0.46,1.05,-0.5900000000000001,1736.56,1500.0,236.55999999999995,4x1,4,1,3,5,H
31.4,31.4,0.0,Fraca,Fraca,Fraca vs Fraca,1.66,1.66,0.0,1.05,1.05,0.0,1500.0,1500.0,0.0,1x0,1,0,1,1,H
44.7,31.4,13.300000000000004,Média,Fraca,Média vs Fraca,1.56,1.66,-0.09999999999999987,0.91,1.05,-0.14,1581.56,1500.0,81.55999999999995,4x4,4,4,0,8,D
31.4,31.4,0.0,Fraca,Fraca,Fraca vs Fraca,1.66,1.66,0.0,1.05,1.05,0.0,1500.0,1500.0,0.0,2x1,2,1,1,3,H
24.7,31.4,-6.699999999999999,Fraca,Fraca,Fraca vs Fraca,1.09,1.66,-0.5699999999999998,1.24,1.05,0.18999999999999995,1480.0,1500.0,-20.0,1x2,1,2,-1,3,A
31.9,30.2,1.6999999999999993,Fraca,Fraca,Fraca vs Fraca,1.55,1.42,0.13000000000000012,1.06,1.24,-0.17999999999999994,1506.34,1506.77,-0.43000000000006366,1x1,1,1,0,2,D
31.4,31.4,0.0,Fraca,Fraca,Fraca vs Fraca,1.66,1.66,0.0,1.05,1.05,0.0,1500.0,1500.0,0.0,0x1,0,1,-1,1,A
31.4,53.5,-22.1,Fraca,Média,Fraca vs Média,1.66,2.07,-0.4099999999999999,1.05,0.73,0.32000000000000006,1500.0,1617.02,-117.01999999999998,0x2,0,2,-2,2,A
89.0,28.6,60.4,Muito Forte,Fraca,Muito Forte vs Fraca,2.18,1.1,1.08,0.58,1.13,-0.5499999999999999,1834.12,1500.0,334.1199999999999,3x0,3,0,3,3,H
31.4,31.4,0.0,Fraca,Fraca,Fraca vs Fraca,1.66,1.66,0.0,1.05,1.05,0.0,1500.0,1500.0,0.0,0x0,0,0,0,0,D
31.4,31.4,0.0,Fraca,Fraca,Fraca vs Fraca,1.66,1.66,0.0,1.05,1.05,0.0,1500.0,1500.0,0.0,1x3,1,3,-2,4,A
31.4,31.4,0.0,Fraca,Fraca,Fraca vs Fraca,1.66,1.66,0.0,1.05,1.05,0.0,1500.0,1500.0,0.0,3x2,3,2,1,5,H
31.4,31.4,0.0,Fraca,Fraca,Fraca vs Fraca,1.66,1.66,0.0,1.05,1.05,0.0,1500.0,1500.0,0.0,0x1,0,1,-1,1,A
33.9,62.3,-28.4,Fraca,Forte,Fraca vs Forte,1.27,1.95,-0.6799999999999999,1.14,0.86,0.2799999999999999,1529.71,1681.88,-152.17000000000007,0x0,0,0,0,0,D
8.1,45.4,-37.3,Muito Fraca,Média,Muito Fraca vs Média,0.92,1.16,-0.23999999999999988,1.98,0.8,1.18,1410.0,1591.73,-181.73000000000002,2x3,2,3,-1,5,A
95.2,27.4,67.80000000000001,Muito Forte,Fraca,Muito Forte vs Fraca,2.06,0.87,1.19,0.45,1.2,-0.75,1873.33,1501.5,371.8299999999999,1x1,1,1,0,2,D
31.4,31.4,0.0,Fraca,Fraca,Fraca vs Fraca,1.66,1.66,0.0,1.05,1.05,0.0,1500.0,1500.0,0.0,3x1,3,1,2,4,H
31.4,31.4,0.0,Fraca,Fraca,Fraca vs Fraca,1.66,1.66,0.0,1.05,1.05,0.0,1500.0,1500.0,0.0,1x0,1,0,1,1,H
24.6,31.4,-6.799999999999997,Fraca,Fraca,Fraca vs Fraca,1.27,1.66,-0.3899999999999999,1.13,1.05,0.07999999999999985,1470.0,1500.0,-30.0,2x0,2,0,2,2,H
28.9,31.4,-2.5,Fraca,Fraca,Fraca vs Fraca,1.38,1.66,-0.28,0.83,1.05,-0.22000000000000008,1482.39,1500.0,-17.6099999999999,4x1,4,1,3,5,H
31.4,31.4,0.0,Fraca,Fraca,Fraca vs Fraca,1.66,1.66,0.0,1.05,1.05,0.0,1500.0,1500.0,0.0,2x1,2,1,1,3,H
31.4,31.4,0.0,Fraca,Fraca,Fraca vs Fraca,1.66,1.66,0.0,1.05,1.05,0.0,1500.0,1500.0,0.0,3x1,3,1,2,4,H
31.4,31.4,0.0,Fraca,Fraca,Fraca vs Fraca,1.66,1.66,0.0,1.05,1.05,0.0,1500.0,1500.0,0.0,2x1,2,1,1,3,H
31.4,31.4,0.0,Fraca,Fraca,Fraca vs Fraca,1.66,1.66,0.0,1.05,1.05,0.0,1500.0,1500.0,0.0,2x1,2,1,1,3,H
70.2,55.2,15.0,Forte,Média,Forte vs Média,2.11,1.77,0.33999999999999986,0.93,1.18,-0.2499999999999999,1730.71,1654.69,76.01999999999998,2x1,2,1,1,3,H
31.4,31.4,0.0,Fraca,Fraca,Fraca vs Fraca,1.66,1.66,0.0,1.05,1.05,0.0,1500.0,1500.0,0.0,3x0,3,0,3,3,H
51.6,31.4,20.200000000000003,Média,Fraca,Média vs Fraca,1.9,1.66,0.24,0.9,1.05,-0.15000000000000002,1616.75,1500.0,116.75,2x0,2,0,2,2,H
92.6,31.4,61.199999999999996,Muito Forte,Fraca,Muito Forte vs Fraca,2.17,1.66,0.51,0.88,1.05,-0.17000000000000004,1870.0,1500.0,370.0,0x2,0,2,-2,2,A
67.7,31.4,36.300000000000004,Forte,Fraca,Forte vs Fraca,2.21,1.66,0.55,1.21,1.05,0.15999999999999992,1724.15,1500.0,224.1500000000001,1x0,1,0,1,1,H
31.4,31.4,0.0,Fraca,Fraca,Fraca vs Fraca,1.66,1.66,0.0,1.05,1.05,0.0,1500.0,1500.0,0.0,2x1,2,1,1,3,H
64.4,31.4,33.00000000000001,Forte,Fraca,Forte vs Fraca,1.9,1.66,0.24,0.99,1.05,-0.06000000000000005,1702.06,1500.0,202.05999999999995,4x0,4,0,4,4,H
31.4,45.4,-14.0,Fraca,Média,Fraca vs Média,1.66,1.84,-0.18000000000000016,1.05,1.07,-0.020000000000000018,1500.0,1585.51,-85.50999999999999,0x3,0,3,-3,3,A
74.8,94.9,-20.10000000000001,Forte,Muito Forte,Forte vs Muito Forte,2.36,2.33,0.029999999999999805,0.99,0.79,0.19999999999999996,1756.27,1877.18,-120.91000000000008,1x1,1,1,0,2,D
35.0,36.7,-1.7000000000000028,Fraca,Fraca,Fraca vs Fraca,1.67,1.4,0.27,1.26,1.45,-0.18999999999999995,1532.04,1557.47,-25.430000000000064,2x0,2,0,2,2,H
77.0,31.4,45.6,Forte,Fraca,Forte vs Fraca,2.45,1.66,0.7900000000000003,0.8,1.05,-0.25,1760.38,1500.0,260.3800000000001,7x0,7,0,7,7,H
31.4,31.4,0.0,Fraca,Fraca,Fraca vs Fraca,1.66,1.66,0.0,1.05,1.05,0.0,1500.0,1500.0,0.0,5x3,5,3,2,8,H
31.4,31.4,0.0,Fraca,Fraca,Fraca vs Fraca,1.66,1.66,0.0,1.05,1.05,0.0,1500.0,1500.0,0.0,0x0,0,0,0,0,D
31.4,65.6,-34.199999999999996,Fraca,Forte,Fraca vs Forte,1.66,1.75,-0.09000000000000008,1.05,1.07,-0.020000000000000018,1500.0,1716.88,-216.8800000000001,3x3,3,3,0,6,D
31.4,31.4,0.0,Fraca,Fraca,Fraca vs Fraca,1.66,1.66,0.0,1.05,1.05,0.0,1500.0,1500.0,0.0,1x1,1,1,0,2,D
63.7,31.4,32.300000000000004,Forte,Fraca,Forte vs Fraca,1.8,1.66,0.14000000000000012,0.64,1.05,-0.41000000000000003,1684.86,1500.0,184.8599999999999,2x0,2,0,2,2,H
64.4,74.8,-10.399999999999991,Forte,Forte,Forte vs Forte,1.9,2.36,-0.45999999999999996,0.99,0.99,0.0,1702.06,1756.27,-54.210000000000036,1x1,1,1,0,2,D
35.0,31.4,3.6000000000000014,Fraca,Fraca,Fraca vs Fraca,1.67,1.66,0.010000000000000009,1.26,1.05,0.20999999999999996,1532.04,1500.0,32.039999999999964,3x0,3,0,3,3,H
31.4,70.2,-38.800000000000004,Fraca,Forte,Fraca vs Forte,1.66,2.11,-0.44999999999999996,1.05,0.93,0.12,1500.0,1730.71,-230.71000000000004,1x2,1,2,-1,3,A
89.0,51.6,37.4,Muito Forte,Média,Muito Forte vs Média,2.18,1.9,0.28000000000000025,0.58,0.9,-0.32000000000000006,1834.12,1616.75,217.3699999999999,0x1,0,1,-1,1,A
77.0,31.4,45.6,Forte,Fraca,Forte vs Fraca,2.45,1.66,0.7900000000000003,0.8,1.05,-0.25,1760.38,1500.0,260.3800000000001,3x0,3,0,3,3,H
65.6,92.6,-27.0,Forte,Muito Forte,Forte vs Muito Forte,1.75,2.17,-0.41999999999999993,1.07,0.88,0.19000000000000006,1716.88,1870.0,-153.1199999999999,1x2,1,2,-1,3,A
31.4,24.7,6.699999999999999,Fraca,Fraca,Fraca vs Fraca,1.66,1.09,0.5699999999999998,1.05,1.24,-0.18999999999999995,1500.0,1480.0,20.0,1x0,1,0,1,1,H
31.4,45.4,-14.0,Fraca,Média,Fraca vs Média,1.66,1.84,-0.18000000000000016,1.05,1.07,-0.020000000000000018,1500.0,1585.51,-85.50999999999999,0x1,0,1,-1,1,A
30.2,31.4,-1.1999999999999993,Fraca,Fraca,Fraca vs Fraca,1.42,1.66,-0.24,1.24,1.05,0.18999999999999995,1506.77,1500.0,6.769999999999982,1x0,1,0,1,1,H
31.4,31.4,0.0,Fraca,Fraca,Fraca vs Fraca,1.66,1.66,0.0,1.05,1.05,0.0,1500.0,1500.0,0.0,2x3,2,3,-1,5,A
31.4,31.4,0.0,Fraca,Fraca,Fraca vs Fraca,1.66,1.66,0.0,1.05,1.05,0.0,1500.0,1500.0,0.0,0x0,0,0,0,0,D
31.4,31.9,-0.5,Fraca,Fraca,Fraca vs Fraca,1.66,1.55,0.10999999999999988,1.05,1.06,-0.010000000000000009,1500.0,1506.34,-6.339999999999918,2x2,2,2,0,4,D
31.4,28.6,2.799999999999997,Fraca,Fraca,Fraca vs Fraca,1.66,1.1,0.5599999999999998,1.05,1.13,-0.07999999999999985,1500.0,1500.0,0.0,1x0,1,0,1,1,H
31.4,33.9,-2.5,Fraca,Fraca,Fraca vs Fraca,1.66,1.27,0.3899999999999999,1.05,1.14,-0.08999999999999986,1500.0,1529.71,-29.710000000000036,0x1,0,1,-1,1,A
31.4,31.4,0.0,Fraca,Fraca,Fraca vs Fraca,1.66,1.66,0.0,1.05,1.05,0.0,1500.0,1500.0,0.0,1x1,1,1,0,2,D
31.4,31.4,0.0,Fraca,Fraca,Fraca vs Fraca,1.66,1.66,0.0,1.05,1.05,0.0,1500.0,1500.0,0.0,0x0,0,0,0,0,D
31.4,31.4,0.0,Fraca,Fraca,Fraca vs Fraca,1.66,1.66,0.0,1.05,1.05,0.0,1500.0,1500.0,0.0,0x4,0,4,-4,4,A
31.4,31.4,0.0,Fraca,Fraca,Fraca vs Fraca,1.66,1.66,0.0,1.05,1.05,0.0,1500.0,1500.0,0.0,0x0,0,0,0,0,D
28.9,31.4,-2.5,Fraca,Fraca,Fraca vs Fraca,1.38,1.66,-0.28,0.83,1.05,-0.22000000000000008,1482.39,1500.0,-17.6099999999999,0x0,0,0,0,0,D
67.7,55.2,12.5,Forte,Média,Forte vs Média,2.21,1.77,0.43999999999999995,1.21,1.18,0.030000000000000027,1724.15,1654.69,69.46000000000004,3x3,3,3,0,6,D
36.7,94.9,-58.2,Fraca,Muito Forte,Fraca vs Muito Forte,1.4,2.33,-0.9300000000000002,1.45,0.79,0.6599999999999999,1557.47,1877.18,-319.71000000000004,1x0,1,0,1,1,H
19.3,36.3,-16.999999999999996,Muito Fraca,Fraca,Muito Fraca vs Fraca,1.4,1.61,-0.2100000000000002,1.17,1.23,-0.06000000000000005,1435.0,1540.43,-105.43000000000006,0x1,0,1,-1,1,A
61.5,31.4,30.1,Forte,Fraca,Forte vs Fraca,2.67,1.66,1.01,0.67,1.05,-0.38,1650.12,1500.0,150.1199999999999,1x0,1,0,1,1,H
59.0,31.4,27.6,Média,Fraca,Média vs Fraca,1.42,1.66,-0.24,0.9,1.05,-0.15000000000000002,1675.75,1500.0,175.75,2x2,2,2,0,4,D
73.4,31.4,42.00000000000001,Forte,Fraca,Forte vs Fraca,1.98,1.66,0.32000000000000006,0.46,1.05,-0.5900000000000001,1736.56,1500.0,236.55999999999995,1x1,1,1,0,2,D
44.7,31.4,13.300000000000004,Média,Fraca,Média vs Fraca,1.56,1.66,-0.09999999999999987,0.91,1.05,-0.14,1581.56,1500.0,81.55999999999995,1x1,1,1,0,2,D
8.1,95.2,-87.10000000000001,Muito Fraca,Muito Forte,Muito Fraca vs Muito Forte,0.92,2.06,-1.1400000000000001,1.98,0.45,1.53,1410.0,1873.33,-463.3299999999999,1x2,1,2,-1,3,A
45.4,58.7,-13.300000000000004,Média,Média,Média vs Média,1.16,1.34,-0.18000000000000016,0.8,0.82,-0.019999999999999907,1591.73,1672.62,-80.88999999999987,4x2,4,2,2,6,H
20.9,27.4,-6.5,Fraca,Fraca,Fraca vs Fraca,0.98,0.87,0.10999999999999999,1.4,1.2,0.19999999999999996,1465.22,1501.5,-36.27999999999997,0x1,0,1,-1,1,A
21.3,75.4,-54.10000000000001,Fraca,Forte,Fraca vs Forte,0.89,1.94,-1.0499999999999998,1.15,0.74,0.4099999999999999,1460.0,1760.46,-300.46000000000004,2x4,2,4,-2,6,A
20.8,63.9,-43.099999999999994,Fraca,Forte,Fraca vs Forte,1.06,1.62,-0.56,1.22,0.88,0.33999999999999997,1455.0,1701.3,-246.29999999999995,2x2,2,2,0,4,D
31.4,31.4,0.0,Fraca,Fraca,Fraca vs Fraca,1.66,1.66,0.0,1.05,1.05,0.0,1500.0,1500.0,0.0,2x1,2,1,1,3,H
24.6,31.4,-6.799999999999997,Fraca,Fraca,Fraca vs Fraca,1.27,1.66,-0.3899999999999999,1.13,1.05,0.07999999999999985,1470.0,1500.0,-30.0,5x1,5,1,4,6,H
31.4,31.4,0.0,Fraca,Fraca,Fraca vs Fraca,1.66,1.66,0.0,1.05,1.05,0.0,1500.0,1500.0,0.0,1x2,1,2,-1,3,A
31.4,74.8,-43.4,Fraca,Forte,Fraca vs Forte,1.66,2.36,-0.7,1.05,0.99,0.06000000000000005,1500.0,1756.27,-256.27,0x0,0,0,0,0,D
35.0,64.4,-29.400000000000006,Fraca,Forte,Fraca vs Forte,1.67,1.9,-0.22999999999999998,1.26,0.99,0.27,1532.04,1702.06,-170.01999999999998,0x0,0,0,0,0,D
89.0,70.2,18.799999999999997,Muito Forte,Forte,Muito Forte vs Forte,2.18,2.11,0.07000000000000028,0.58,0.93,-0.3500000000000001,1834.12,1730.71,103.40999999999985,2x1,2,1,1,3,H
31.4,51.6,-20.200000000000003,Fraca,Média,Fraca vs Média,1.66,1.9,-0.24,1.05,0.9,0.15000000000000002,1500.0,1616.75,-116.75,0x3,0,3,-3,3,A
65.6,31.4,34.199999999999996,Forte,Fraca,Forte vs Fraca,1.75,1.66,0.09000000000000008,1.07,1.05,0.020000000000000018,1716.88,1500.0,216.8800000000001,2x1,2,1,1,3,H
92.6,77.0,15.599999999999994,Muito Forte,Forte,Muito Forte vs Forte,2.17,2.45,-0.28000000000000025,0.88,0.8,0.07999999999999996,1870.0,1760.38,109.61999999999989,0x0,0,0,0,0,D
31.4,31.4,0.0,Fraca,Fraca,Fraca vs Fraca,1.66,1.66,0.0,1.05,1.05,0.0,1500.0,1500.0,0.0,4x0,4,0,4,4,H
24.7,45.4,-20.7,Fraca,Média,Fraca vs Média,1.09,1.84,-0.75,1.24,1.07,0.16999999999999993,1480.0,1585.51,-105.50999999999999,0x1,0,1,-1,1,A
30.2,31.4,-1.1999999999999993,Fraca,Fraca,Fraca vs Fraca,1.42,1.66,-0.24,1.24,1.05,0.18999999999999995,1506.77,1500.0,6.769999999999982,1x0,1,0,1,1,H
31.4,31.4,0.0,Fraca,Fraca,Fraca vs Fraca,1.66,1.66,0.0,1.05,1.05,0.0,1500.0,1500.0,0.0,1x2,1,2,-1,3,A
31.9,31.4,0.5,Fraca,Fraca,Fraca vs Fraca,1.55,1.66,-0.10999999999999988,1.06,1.05,0.010000000000000009,1506.34,1500.0,6.339999999999918,0x1,0,1,-1,1,A
31.4,31.4,0.0,Fraca,Fraca,Fraca vs Fraca,1.66,1.66,0.0,1.05,1.05,0.0,1500.0,1500.0,0.0,1x1,1,1,0,2,D
28.6,33.9,-5.299999999999997,Fraca,Fraca,Fraca vs Fraca,1.1,1.27,-0.16999999999999993,1.13,1.14,-0.010000000000000009,1500.0,1529.71,-29.710000000000036,0x0,0,0,0,0,D
31.4,31.4,0.0,Fraca,Fraca,Fraca vs Fraca,1.66,1.66,0.0,1.05,1.05,0.0,1500.0,1500.0,0.0,2x0,2,0,2,2,H
31.4,31.4,0.0,Fraca,Fraca,Fraca vs Fraca,1.66,1.66,0.0,1.05,1.05,0.0,1500.0,1500.0,0.0,3x3,3,3,0,6,D
31.4,31.4,0.0,Fraca,Fraca,Fraca vs Fraca,1.66,1.66,0.0,1.05,1.05,0.0,1500.0,1500.0,0.0,0x1,0,1,-1,1,A
31.4,31.4,0.0,Fraca,Fraca,Fraca vs Fraca,1.66,1.66,0.0,1.05,1.05,0.0,1500.0,1500.0,0.0,2x0,2,0,2,2,H
31.4,31.4,0.0,Fraca,Fraca,Fraca vs Fraca,1.66,1.66,0.0,1.05,1.05,0.0,1500.0,1500.0,0.0,0x0,0,0,0,0,D
31.4,31.4,0.0,Fraca,Fraca,Fraca vs Fraca,1.66,1.66,0.0,1.05,1.05,0.0,1500.0,1500.0,0.0,1x2,1,2,-1,3,A
94.9,55.2,39.7,Muito Forte,Média,Muito Forte vs Média,2.33,1.77,0.56,0.79,1.18,-0.3899999999999999,1877.18,1654.69,222.49,1x0,1,0,1,1,H
36.7,67.7,-31.0,Fraca,Forte,Fraca vs Forte,1.4,2.21,-0.81,1.45,1.21,0.24,1557.47,1724.15,-166.68000000000006,1x2,1,2,-1,3,A
19.3,36.3,-16.999999999999996,Muito Fraca,Fraca,Muito Fraca vs Fraca,1.4,1.61,-0.2100000000000002,1.17,1.23,-0.06000000000000005,1435.0,1540.43,-105.43000000000006,0x1,0,1,-1,1,A
14.8,31.4,-16.599999999999998,Muito Fraca,Fraca,Muito Fraca vs Fraca,1.15,1.66,-0.51,1.35,1.05,0.30000000000000004,1420.0,1500.0,-80.0,1x1,1,1,0,2,D
31.4,31.4,0.0,Fraca,Fraca,Fraca vs Fraca,1.66,1.66,0.0,1.05,1.05,0.0,1500.0,1500.0,0.0,3x0,3,0,3,3,H
61.5,28.9,32.6,Forte,Fraca,Forte vs Fraca,2.67,1.38,1.29,0.67,0.83,-0.15999999999999992,1650.12,1482.39,167.7299999999998,0x0,0,0,0,0,D
31.4,31.4,0.0,Fraca,Fraca,Fraca vs Fraca,1.66,1.66,0.0,1.05,1.05,0.0,1500.0,1500.0,0.0,2x1,2,1,1,3,H
31.4,24.6,6.799999999999997,Fraca,Fraca,Fraca vs Fraca,1.66,1.27,0.3899999999999999,1.05,1.13,-0.07999999999999985,1500.0,1470.0,30.0,3x0,3,0,3,3,H
73.4,63.7,9.700000000000003,Forte,Forte,Forte vs Forte,1.98,1.8,0.17999999999999994,0.46,0.64,-0.18,1736.56,1684.86,51.700000000000045,3x1,3,1,2,4,H
44.7,31.4,13.300000000000004,Média,Fraca,Média vs Fraca,1.56,1.66,-0.09999999999999987,0.91,1.05,-0.14,1581.56,1500.0,81.55999999999995,0x1,0,1,-1,1,A
31.4,31.4,0.0,Fraca,Fraca,Fraca vs Fraca,1.66,1.66,0.0,1.05,1.05,0.0,1500.0,1500.0,0.0,3x0,3,0,3,3,H
63.9,20.9,43.0,Forte,Fraca,Forte vs Fraca,1.62,0.98,0.6400000000000001,0.88,1.4,-0.5199999999999999,1701.3,1465.22,236.07999999999993,3x0,3,0,3,3,H
75.4,8.1,67.30000000000001,Forte,Muito Fraca,Forte vs Muito Fraca,1.94,0.92,1.02,0.74,1.98,-1.24,1760.46,1410.0,350.46000000000004,5x0,5,0,5,5,H
70.2,31.4,38.800000000000004,Forte,Fraca,Forte vs Fraca,2.11,1.66,0.44999999999999996,0.93,1.05,-0.12,1730.71,1500.0,230.71000000000004,1x1,1,1,0,2,D
89.0,33.9,55.1,Muito Forte,Fraca,Muito Forte vs Fraca,2.18,1.27,0.9100000000000001,0.58,1.14,-0.5599999999999999,1834.12,1529.71,304.40999999999985,3x0,3,0,3,3,H
31.4,31.4,0.0,Fraca,Fraca,Fraca vs Fraca,1.66,1.66,0.0,1.05,1.05,0.0,1500.0,1500.0,0.0,1x2,1,2,-1,3,A
31.4,31.4,0.0,Fraca,Fraca,Fraca vs Fraca,1.66,1.66,0.0,1.05,1.05,0.0,1500.0,1500.0,0.0,1x1,1,1,0,2,D
31.4,53.5,-22.1,Fraca,Média,Fraca vs Média,1.66,2.07,-0.4099999999999999,1.05,0.73,0.32000000000000006,1500.0,1617.02,-117.01999999999998,1x2,1,2,-1,3,A
27.4,21.3,6.099999999999998,Fraca,Fraca,Fraca vs Fraca,0.87,0.89,-0.020000000000000018,1.2,1.15,0.050000000000000044,1501.5,1460.0,41.5,2x2,2,2,0,4,D
58.7,20.8,37.900000000000006,Média,Fraca,Média vs Fraca,1.34,1.06,0.28,0.82,1.22,-0.4,1672.62,1455.0,217.6199999999999,2x1,2,1,1,3,H
95.2,45.4,49.800000000000004,Muito Forte,Média,Muito Forte vs Média,2.06,1.16,0.9000000000000001,0.45,0.8,-0.35000000000000003,1873.33,1591.73,281.5999999999999,1x0,1,0,1,1,H
31.4,31.4,0.0,Fraca,Fraca,Fraca vs Fraca,1.66,1.66,0.0,1.05,1.05,0.0,1500.0,1500.0,0.0,2x1,2,1,1,3,H
31.4,31.4,0.0,Fraca,Fraca,Fraca vs Fraca,1.66,1.66,0.0,1.05,1.05,0.0,1500.0,1500.0,0.0,1x3,1,3,-2,4,A
31.4,24.7,6.699999999999999,Fraca,Fraca,Fraca vs Fraca,1.66,1.09,0.5699999999999998,1.05,1.24,-0.18999999999999995,1500.0,1480.0,20.0,1x1,1,1,0,2,D
31.4,28.6,2.799999999999997,Fraca,Fraca,Fraca vs Fraca,1.66,1.1,0.5599999999999998,1.05,1.13,-0.07999999999999985,1500.0,1500.0,0.0,0x0,0,0,0,0,D
30.2,31.4,-1.1999999999999993,Fraca,Fraca,Fraca vs Fraca,1.42,1.66,-0.24,1.24,1.05,0.18999999999999995,1506.77,1500.0,6.769999999999982,0x0,0,0,0,0,D
31.4,31.9,-0.5,Fraca,Fraca,Fraca vs Fraca,1.66,1.55,0.10999999999999988,1.05,1.06,-0.010000000000000009,1500.0,1506.34,-6.339999999999918,1x2,1,2,-1,3,A
31.4,31.4,0.0,Fraca,Fraca,Fraca vs Fraca,1.66,1.66,0.0,1.05,1.05,0.0,1500.0,1500.0,0.0,2x1,2,1,1,3,H
45.4,31.4,14.0,Média,Fraca,Média vs Fraca,1.84,1.66,0.18000000000000016,1.07,1.05,0.020000000000000018,1585.51,1500.0,85.50999999999999,2x1,2,1,1,3,H
31.4,31.4,0.0,Fraca,Fraca,Fraca vs Fraca,1.66,1.66,0.0,1.05,1.05,0.0,1500.0,1500.0,0.0,1x2,1,2,-1,3,A
51.6,31.4,20.200000000000003,Média,Fraca,Média vs Fraca,1.9,1.66,0.24,0.9,1.05,-0.15000000000000002,1616.75,1500.0,116.75,4x0,4,0,4,4,H
92.6,36.7,55.89999999999999,Muito Forte,Fraca,Muito Forte vs Fraca,2.17,1.4,0.77,0.88,1.45,-0.57,1870.0,1557.47,312.53,7x1,7,1,6,8,H
67.7,31.4,36.300000000000004,Forte,Fraca,Forte vs Fraca,2.21,1.66,0.55,1.21,1.05,0.15999999999999992,1724.15,1500.0,224.1500000000001,3x3,3,3,0,6,D
64.4,31.4,33.00000000000001,Forte,Fraca,Forte vs Fraca,1.9,1.66,0.24,0.99,1.05,-0.06000000000000005,1702.06,1500.0,202.05999999999995,6x0,6,0,6,6,H
74.8,59.0,15.799999999999997,Forte,Média,Forte vs Média,2.36,1.42,0.94,0.99,0.9,0.08999999999999997,1756.27,1675.75,80.51999999999998,0x1,0,1,-1,1,A
35.0,31.4,3.6000000000000014,Fraca,Fraca,Fraca vs Fraca,1.67,1.66,0.010000000000000009,1.26,1.05,0.20999999999999996,1532.04,1500.0,32.039999999999964,5x1,5,1,4,6,H
77.0,94.9,-17.900000000000006,Forte,Muito Forte,Forte vs Muito Forte,2.45,2.33,0.1200000000000001,0.8,0.79,0.010000000000000009,1760.38,1877.18,-116.79999999999995,0x0,0,0,0,0,D
31.4,31.4,0.0,Fraca,Fraca,Fraca vs Fraca,1.66,1.66,0.0,1.05,1.05,0.0,1500.0,1500.0,0.0,4x0,4,0,4,4,H
55.2,65.6,-10.399999999999991,Média,Forte,Média vs Forte,1.77,1.75,0.020000000000000018,1.18,1.07,0.10999999999999988,1654.69,1716.88,-62.190000000000055,1x2,1,2,-1,3,A
31.4,31.4,0.0,Fraca,Fraca,Fraca vs Fraca,1.66,1.66,0.0,1.05,1.05,0.0,1500.0,1500.0,0.0,1x0,1,0,1,1,H
31.4,31.4,0.0,Fraca,Fraca,Fraca vs Fraca,1.66,1.66,0.0,1.05,1.05,0.0,1500.0,1500.0,0.0,0x0,0,0,0,0,D
70.2,31.4,38.800000000000004,Forte,Fraca,Forte vs Fraca,2.11,1.66,0.44999999999999996,0.93,1.05,-0.12,1730.71,1500.0,230.71000000000004,5x1,5,1,4,6,H
51.6,89.0,-37.4,Média,Muito Forte,Média vs Muito Forte,1.9,2.18,-0.28000000000000025,0.9,0.58,0.32000000000000006,1616.75,1834.12,-217.3699999999999,0x0,0,0,0,0,D
92.6,65.6,27.0,Muito Forte,Forte,Muito Forte vs Forte,2.17,1.75,0.41999999999999993,0.88,1.07,-0.19000000000000006,1870.0,1716.88,153.1199999999999,4x2,4,2,2,6,H
31.4,77.0,-45.6,Fraca,Forte,Fraca vs Forte,1.66,2.45,-0.7900000000000003,1.05,0.8,0.25,1500.0,1760.38,-260.3800000000001,0x2,0,2,-2,2,A
31.4,31.4,0.0,Fraca,Fraca,Fraca vs Fraca,1.66,1.66,0.0,1.05,1.05,0.0,1500.0,1500.0,0.0,1x1,1,1,0,2,D
31.4,35.0,-3.6000000000000014,Fraca,Fraca,Fraca vs Fraca,1.66,1.67,-0.010000000000000009,1.05,1.26,-0.20999999999999996,1500.0,1532.04,-32.039999999999964,1x2,1,2,-1,3,A
74.8,64.4,10.399999999999991,Forte,Forte,Forte vs Forte,2.36,1.9,0.45999999999999996,0.99,0.99,0.0,1756.27,1702.06,54.210000000000036,0x1,0,1,-1,1,A
24.7,31.4,-6.699999999999999,Fraca,Fraca,Fraca vs Fraca,1.09,1.66,-0.5699999999999998,1.24,1.05,0.18999999999999995,1480.0,1500.0,-20.0,1x5,1,5,-4,6,A
45.4,31.4,14.0,Média,Fraca,Média vs Fraca,1.84,1.66,0.18000000000000016,1.07,1.05,0.020000000000000018,1585.51,1500.0,85.50999999999999,2x3,2,3,-1,5,A
31.4,30.2,1.1999999999999993,Fraca,Fraca,Fraca vs Fraca,1.66,1.42,0.24,1.05,1.24,-0.18999999999999995,1500.0,1506.77,-6.769999999999982,1x2,1,2,-1,3,A
31.4,31.4,0.0,Fraca,Fraca,Fraca vs Fraca,1.66,1.66,0.0,1.05,1.05,0.0,1500.0,1500.0,0.0,1x1,1,1,0,2,D
31.4,31.4,0.0,Fraca,Fraca,Fraca vs Fraca,1.66,1.66,0.0,1.05,1.05,0.0,1500.0,1500.0,0.0,0x1,0,1,-1,1,A
94.9,36.7,58.2,Muito Forte,Fraca,Muito Forte vs Fraca,2.33,1.4,0.9300000000000002,0.79,1.45,-0.6599999999999999,1877.18,1557.47,319.71000000000004,4x0,4,0,4,4,H
55.2,67.7,-12.5,Média,Forte,Média vs Forte,1.77,2.21,-0.43999999999999995,1.18,1.21,-0.030000000000000027,1654.69,1724.15,-69.46000000000004,1x1,1,1,0,2,D
31.4,31.4,0.0,Fraca,Fraca,Fraca vs Fraca,1.66,1.66,0.0,1.05,1.05,0.0,1500.0,1500.0,0.0,2x3,2,3,-1,5,A
31.9,31.4,0.5,Fraca,Fraca,Fraca vs Fraca,1.55,1.66,-0.10999999999999988,1.06,1.05,0.010000000000000009,1506.34,1500.0,6.339999999999918,0x0,0,0,0,0,D
33.9,31.4,2.5,Fraca,Fraca,Fraca vs Fraca,1.27,1.66,-0.3899999999999999,1.14,1.05,0.08999999999999986,1529.71,1500.0,29.710000000000036,1x0,1,0,1,1,H
28.6,31.4,-2.799999999999997,Fraca,Fraca,Fraca vs Fraca,1.1,1.66,-0.5599999999999998,1.13,1.05,0.07999999999999985,1500.0,1500.0,0.0,0x1,0,1,-1,1,A
31.4,31.4,0.0,Fraca,Fraca,Fraca vs Fraca,1.66,1.66,0.0,1.05,1.05,0.0,1500.0,1500.0,0.0,1x0,1,0,1,1,H
31.4,31.4,0.0,Fraca,Fraca,Fraca vs Fraca,1.66,1.66,0.0,1.05,1.05,0.0,1500.0,1500.0,0.0,1x2,1,2,-1,3,A
31.4,89.0,-57.6,Fraca,Muito Forte,Fraca vs Muito Forte,1.66,2.18,-0.5200000000000002,1.05,0.58,0.4700000000000001,1500.0,1834.12,-334.1199999999999,0x1,0,1,-1,1,A
51.6,70.2,-18.6,Média,Forte,Média vs Forte,1.9,2.11,-0.20999999999999996,0.9,0.93,-0.030000000000000027,1616.75,1730.71,-113.96000000000004,0x2,0,2,-2,2,A
77.0,65.6,11.400000000000006,Forte,Forte,Forte vs Forte,2.45,1.75,0.7000000000000002,0.8,1.07,-0.27,1760.38,1716.88,43.5,4x1,4,1,3,5,H
31.4,92.6,-61.199999999999996,Fraca,Muito Forte,Fraca vs Muito Forte,1.66,2.17,-0.51,1.05,0.88,0.17000000000000004,1500.0,1870.0,-370.0,0x1,0,1,-1,1,A
31.4,31.4,0.0,Fraca,Fraca,Fraca vs Fraca,1.66,1.66,0.0,1.05,1.05,0.0,1500.0,1500.0,0.0,2x1,2,1,1,3,H
64.4,31.4,33.00000000000001,Forte,Fraca,Forte vs Fraca,1.9,1.66,0.24,0.99,1.05,-0.06000000000000005,1702.06,1500.0,202.05999999999995,1x1,1,1,0,2,D
74.8,35.0,39.8,Forte,Fraca,Forte vs Fraca,2.36,1.67,0.69,0.99,1.26,-0.27,1756.27,1532.04,224.23000000000002,1x0,1,0,1,1,H
31.4,45.4,-14.0,Fraca,Média,Fraca vs Média,1.66,1.84,-0.18000000000000016,1.05,1.07,-0.020000000000000018,1500.0,1585.51,-85.50999999999999,1x2,1,2,-1,3,A
31.4,24.7,6.699999999999999,Fraca,Fraca,Fraca vs Fraca,1.66,1.09,0.5699999999999998,1.05,1.24,-0.18999999999999995,1500.0,1480.0,20.0,1x1,1,1,0,2,D
30.2,31.4,-1.1999999999999993,Fraca,Fraca,Fraca vs Fraca,1.42,1.66,-0.24,1.24,1.05,0.18999999999999995,1506.77,1500.0,6.769999999999982,1x1,1,1,0,2,D
31.4,31.4,0.0,Fraca,Fraca,Fraca vs Fraca,1.66,1.66,0.0,1.05,1.05,0.0,1500.0,1500.0,0.0,1x3,1,3,-2,4,A
31.4,31.4,0.0,Fraca,Fraca,Fraca vs Fraca,1.66,1.66,0.0,1.05,1.05,0.0,1500.0,1500.0,0.0,0x2,0,2,-2,2,A
67.7,94.9,-27.200000000000003,Forte,Muito Forte,Forte vs Muito Forte,2.21,2.33,-0.1200000000000001,1.21,0.79,0.41999999999999993,1724.15,1877.18,-153.02999999999997,1x1,1,1,0,2,D
36.7,55.2,-18.5,Fraca,Média,Fraca vs Média,1.4,1.77,-0.3700000000000001,1.45,1.18,0.27,1557.47,1654.69,-97.22000000000003,2x1,2,1,1,3,H
31.4,31.9,-0.5,Fraca,Fraca,Fraca vs Fraca,1.66,1.55,0.10999999999999988,1.05,1.06,-0.010000000000000009,1500.0,1506.34,-6.339999999999918,3x1,3,1,2,4,H
31.4,31.4,0.0,Fraca,Fraca,Fraca vs Fraca,1.66,1.66,0.0,1.05,1.05,0.0,1500.0,1500.0,0.0,0x1,0,1,-1,1,A
31.4,28.6,2.799999999999997,Fraca,Fraca,Fraca vs Fraca,1.66,1.1,0.5599999999999998,1.05,1.13,-0.07999999999999985,1500.0,1500.0,0.0,1x1,1,1,0,2,D
31.4,33.9,-2.5,Fraca,Fraca,Fraca vs Fraca,1.66,1.27,0.3899999999999999,1.05,1.14,-0.08999999999999986,1500.0,1529.71,-29.710000000000036,0x1,0,1,-1,1,A
31.4,31.4,0.0,Fraca,Fraca,Fraca vs Fraca,1.66,1.66,0.0,1.05,1.05,0.0,1500.0,1500.0,0.0,0x0,0,0,0,0,D
62.3,19.3,43.0,Forte,Muito Fraca,Forte vs Muito Fraca,1.95,1.4,0.55,0.86,1.17,-0.30999999999999994,1681.88,1435.0,246.8800000000001,1x0,1,0,1,1,H
31.4,31.4,0.0,Fraca,Fraca,Fraca vs Fraca,1.66,1.66,0.0,1.05,1.05,0.0,1500.0,1500.0,0.0,0x1,0,1,-1,1,A
42.6,31.4,11.200000000000003,Média,Fraca,Média vs Fraca,1.88,1.66,0.21999999999999997,0.89,1.05,-0.16000000000000003,1559.15,1500.0,59.15000000000009,0x1,0,1,-1,1,A
31.4,31.4,0.0,Fraca,Fraca,Fraca vs Fraca,1.66,1.66,0.0,1.05,1.05,0.0,1500.0,1500.0,0.0,0x1,0,1,-1,1,A
31.4,42.6,-11.200000000000003,Fraca,Média,Fraca vs Média,1.66,1.88,-0.21999999999999997,1.05,0.89,0.16000000000000003,1500.0,1559.15,-59.15000000000009,1x4,1,4,-3,5,A
31.4,31.4,0.0,Fraca,Fraca,Fraca vs Fraca,1.66,1.66,0.0,1.05,1.05,0.0,1500.0,1500.0,0.0,0x1,0,1,-1,1,A
31.4,42.6,-11.200000000000003,Fraca,Média,Fraca vs Média,1.66,1.88,-0.21999999999999997,1.05,0.89,0.16000000000000003,1500.0,1559.15,-59.15000000000009,1x4,1,4,-3,5,A
